# Blender 4.5.3 LTS
# www.blender.org
mtllib Sedan2.mtl
o Cube
v 0.597713 0.394483 0.825272
v 0.597713 0.403515 -0.509208
v 0.518411 0.136698 0.756190
v 0.550334 0.603532 0.869564
v 0.518411 0.136698 -0.429157
v 0.000000 0.136698 -0.429157
v 0.000000 0.136698 0.756190
v 0.597713 0.394483 1.196407
v 0.550334 0.576040 1.196407
v 0.567690 0.365892 1.509228
v 0.000000 0.365892 1.549703
v 0.000000 0.535338 1.515308
v 0.520311 0.535338 1.474833
v 0.516766 0.143395 1.288045
v 0.000000 0.143395 1.307047
v 0.486743 0.147060 1.440316
v 0.000000 0.147060 1.480791
v 0.594206 0.409981 -0.868353
v 0.546828 0.607930 -0.850107
v 0.000000 0.461196 -1.343120
v 0.559017 0.461196 -1.277493
v 0.511639 0.607930 -1.275660
v 0.000000 0.607930 -1.341288
v 0.000000 0.190660 -0.964502
v 0.537085 0.190660 -0.964502
v 0.000000 0.298080 -1.341288
v 0.501896 0.298080 -1.275660
v 0.532692 0.620894 0.876122
v 0.532692 0.594418 1.195602
v 0.518411 0.136698 0.616727
v 0.506964 0.555134 1.458919
v 0.000000 0.554217 1.493309
v 0.526192 0.653804 -0.847826
v 0.000000 0.654395 -1.325850
v 0.494235 0.655077 -1.263564
v 0.277626 0.394483 1.196407
v 0.277626 0.394483 0.825272
v 0.277626 0.136698 0.756190
v 0.277626 0.136698 -0.429157
v 0.298096 0.365892 1.541785
v 0.274407 0.535338 1.507390
v 0.277626 0.143395 1.288045
v 0.257623 0.147060 1.472873
v 0.307363 0.461196 -1.333809
v 0.283674 0.607930 -1.331976
v 0.277626 0.190660 -0.964502
v 0.275290 0.298080 -1.331976
v 0.000000 0.136698 0.616727
v 0.260708 0.554217 1.488434
v 0.269443 0.653759 -1.317752
v 0.518411 0.136698 0.696798
v 0.550334 0.603988 0.703666
v 0.597713 0.394940 0.734008
v 0.000000 0.136698 0.696798
v 0.522192 0.623709 0.697735
v 0.000000 0.643878 0.761061
v 0.259321 0.635732 0.742059
v 0.277626 0.136698 0.696798
v 0.259350 0.719289 -0.947377
v 0.472703 0.697652 -0.847474
v 0.000000 0.719289 -0.978885
v 0.269472 0.684044 -1.291924
v 0.456019 0.685953 -1.236821
v 0.000000 0.684680 -1.300023
v 0.196668 0.977865 -0.599132
v 0.359152 0.965138 -0.565518
v 0.000000 0.977865 -0.619785
v 0.208397 0.967470 0.291084
v 0.346478 0.953515 0.238064
v 0.000000 0.966243 0.294749
v 0.493011 0.642922 0.714039
v 0.503512 0.638281 0.892053
v 0.259819 0.647694 0.929528
v 0.000000 0.650763 0.945442
v 0.000000 0.660749 0.767581
v 0.259819 0.614743 1.215487
v 0.000000 0.617341 1.226250
v 0.503512 0.608787 1.202682
v 0.260992 0.577178 1.446107
v 0.000000 0.577178 1.450229
v 0.481759 0.577178 1.426094
v 0.259819 0.653862 0.751514
v 0.259205 0.136698 0.616727
v 0.347730 0.968453 0.145882
v 0.207239 0.982287 0.191132
v 0.000000 0.981180 0.193530
v 0.399394 0.858345 0.385399
v 0.473460 0.726790 0.566240
v 0.442668 0.774371 -0.774575
v 0.391746 0.888325 -0.658330
v 0.542487 0.216296 -0.434483
v 0.542487 0.214961 0.756190
v 0.277626 0.214961 0.756190
v 0.542487 0.215099 0.708095
v 0.542487 0.215153 0.626501
v 0.549047 0.607930 -0.725687
v 0.595960 0.473822 -0.697244
v 0.518411 0.136698 0.644901
v 0.528411 0.652193 -0.725011
v 0.550334 0.604077 0.661371
v 0.597713 0.395055 0.678859
v 0.000000 0.136698 0.644901
v 0.532625 0.624330 0.655568
v 0.259205 0.136698 0.644901
v 0.486412 0.696041 -0.708551
v 0.383732 0.944783 -0.480505
v 0.376066 0.940772 0.234073
v 0.376692 0.955370 0.143079
v 0.417351 0.853227 0.366771
v 0.485843 0.720082 0.549542
v 0.406033 0.880023 -0.572087
v 0.456065 0.763915 -0.664494
v 0.542487 0.215134 0.655210
v 0.000000 0.993853 0.011661
v 0.000000 0.998682 -0.332649
v 0.349605 0.980426 -0.004796
v 0.354415 0.985746 -0.350112
v 0.205325 0.994671 0.013593
v 0.201239 0.999134 -0.330754
v 0.380069 0.969913 -0.348787
v 0.377613 0.966744 -0.003555
v 0.550334 0.590855 1.032985
v 0.597713 0.455117 1.013894
v 0.532692 0.608725 1.035862
v 0.277626 0.455117 1.013894
v 0.000000 0.635121 1.085846
v 0.503512 0.624603 1.047367
v 0.259819 0.632288 1.072508
v 0.277626 0.389163 -0.523585
v 0.597713 0.389163 -0.523585
v 0.542487 0.215989 -0.454656
v 0.518411 0.136957 -0.449746
v 0.277626 0.136957 -0.449746
v 0.000000 0.136957 -0.449746
v 0.277626 0.395342 -0.855964
v 0.594206 0.395342 -0.855964
v 0.595960 0.454078 -0.697522
v 0.277626 0.185986 -0.944994
v 0.537085 0.185986 -0.944994
v 0.000000 0.185986 -0.944994
v 0.277626 0.454078 -0.697522
v 0.277626 0.215989 -0.454656
v 0.277626 0.140047 1.022117
v 0.000000 0.140047 1.031618
v 0.518411 0.136698 -0.122137
v 0.000000 0.136698 -0.122137
v 0.268416 0.136698 -0.122137
v 0.542487 0.215725 -0.119913
v 0.378741 0.968199 -0.162109
v 0.000000 0.996071 -0.146469
v 0.203448 0.996721 -0.144555
v 0.351814 0.982869 -0.163389
v 0.294972 0.389159 1.544664
v 0.000000 0.389159 1.551422
v 0.000000 0.515004 1.522062
v 0.484660 0.515004 1.487512
v 0.525104 0.389159 1.516872
v 0.274750 0.515004 1.515303
v 0.300948 0.396008 1.525319
v 0.000000 0.389159 1.534639
v 0.000000 0.515004 1.505278
v 0.479552 0.508139 1.473184
v 0.515609 0.396029 1.499476
v 0.282948 0.508159 1.499289
v 0.294972 0.389159 1.527880
v 0.000000 0.389159 1.534639
v 0.000000 0.515004 1.505278
v 0.274750 0.515004 1.498520
v 0.286408 0.395764 1.526507
v 0.000000 0.395681 1.532885
v 0.000000 0.508399 1.506651
v 0.267322 0.508482 1.500273
v 0.286408 0.395764 1.513367
v 0.000000 0.395681 1.519746
v 0.000000 0.508399 1.493512
v 0.267322 0.508482 1.487133
v 0.484660 0.515004 1.470728
v 0.525104 0.389159 1.500089
v 0.294972 0.389159 1.527880
v 0.274750 0.515004 1.498520
v 0.479552 0.508139 1.454795
v 0.515609 0.396029 1.481088
v 0.300948 0.396008 1.506930
v 0.282948 0.508159 1.480901
v 0.549047 0.567202 -0.478663
v 0.561792 0.554475 -0.115094
v 0.528411 0.611465 -0.478663
v 0.486412 0.655313 -0.478663
v 0.549887 0.605101 -0.121458
v 0.531838 0.636361 -0.135397
v 0.542487 0.215725 -0.119913
v 0.597713 0.395625 -0.105083
v 0.398506 0.930465 -0.458408
v 0.425626 0.862905 -0.520906
v 0.473885 0.747220 -0.617375
v 0.394843 0.947640 -0.341716
v 0.393564 0.945988 -0.161784
v 0.596479 0.453005 -0.641568
v 0.596479 0.434857 -0.646021
v 0.277626 0.434857 -0.646021
v 0.549047 0.595871 -0.652545
v 0.528411 0.640134 -0.652069
v 0.486412 0.683982 -0.640483
v 0.574358 0.492905 -0.860709
v 0.000000 0.522666 -1.342353
v 0.539169 0.522666 -1.276725
v 0.297440 0.522666 -1.333041
v 0.576307 0.530002 -0.709159
v 0.577326 0.472087 -0.496412
v 0.582665 0.462170 -0.109277
v 0.576609 0.512854 -0.646167
v 0.418903 0.136698 0.756190
v 0.465433 0.394483 1.196407
v 0.455018 0.461196 -1.300766
v 0.417429 0.607930 -1.298934
v 0.429860 0.190660 -0.964502
v 0.408248 0.298080 -1.298934
v 0.401336 0.654532 -1.285958
v 0.465433 0.394483 0.825272
v 0.418903 0.136698 -0.429157
v 0.456276 0.365892 1.522683
v 0.418688 0.535338 1.488288
v 0.417938 0.143395 1.288045
v 0.392056 0.147060 1.453771
v 0.405196 0.554755 1.471117
v 0.413557 0.628678 0.716053
v 0.418903 0.136698 0.696798
v 0.384532 0.706594 -0.888760
v 0.378926 0.685164 -1.259593
v 0.402802 0.642171 0.907540
v 0.402802 0.611248 1.207974
v 0.390524 0.577178 1.434365
v 0.396642 0.647443 0.729526
v 0.411291 0.136698 0.616727
v 0.433029 0.214961 0.756190
v 0.411291 0.136698 0.644901
v 0.402802 0.627779 1.057757
v 0.465433 0.455117 1.013894
v 0.465433 0.389163 -0.523585
v 0.463375 0.395342 -0.855964
v 0.429860 0.185986 -0.944994
v 0.418903 0.136957 -0.449746
v 0.433029 0.215989 -0.454656
v 0.464404 0.454078 -0.697522
v 0.415097 0.136698 -0.122137
v 0.429999 0.389159 1.528357
v 0.397912 0.515004 1.498997
v 0.429999 0.389159 1.511574
v 0.397912 0.515004 1.482213
v 0.426897 0.396020 1.510156
v 0.398303 0.508147 1.483972
v 0.426897 0.396020 1.491768
v 0.398303 0.508147 1.465584
v 0.464709 0.434857 -0.646021
v 0.439271 0.522666 -1.299999
v 0.566130 0.450844 -1.194795
v 0.518751 0.607930 -1.189645
v 0.000000 0.276368 -1.265129
v 0.509009 0.276368 -1.212767
v 0.500694 0.654820 -1.179533
v 0.275762 0.276368 -1.257700
v 0.000000 0.691676 -1.235112
v 0.459391 0.688318 -1.158124
v 0.267426 0.691168 -1.222282
v 0.546282 0.516651 -1.192638
v 0.380059 0.689496 -1.184638
v 0.412616 0.276368 -1.231336
v -0.597713 0.394483 0.825272
v -0.597713 0.403515 -0.509208
v -0.518411 0.136698 0.756190
v -0.550334 0.603532 0.869564
v -0.518411 0.136698 -0.429157
v -0.597713 0.394483 1.196407
v -0.550334 0.576040 1.196407
v -0.567690 0.365892 1.509228
v -0.520311 0.535338 1.474833
v -0.516766 0.143395 1.288045
v -0.486743 0.147060 1.440316
v -0.594206 0.409981 -0.868353
v -0.546828 0.607930 -0.850107
v -0.559017 0.461196 -1.277493
v -0.511639 0.607930 -1.275660
v -0.537085 0.190660 -0.964502
v -0.501896 0.298080 -1.275660
v -0.532692 0.620894 0.876122
v -0.532692 0.594418 1.195602
v -0.518411 0.136698 0.616727
v -0.506964 0.555134 1.458919
v -0.526192 0.653804 -0.847826
v -0.494235 0.655077 -1.263564
v -0.277626 0.394483 1.196407
v -0.277626 0.394483 0.825272
v -0.277626 0.136698 0.756190
v -0.277626 0.136698 -0.429157
v -0.298096 0.365892 1.541785
v -0.274407 0.535338 1.507390
v -0.277626 0.143395 1.288045
v -0.257623 0.147060 1.472873
v -0.307363 0.461196 -1.333809
v -0.283674 0.607930 -1.331976
v -0.277626 0.190660 -0.964502
v -0.275290 0.298080 -1.331976
v -0.260708 0.554217 1.488434
v -0.269443 0.653759 -1.317752
v -0.518411 0.136698 0.696798
v -0.550334 0.603988 0.703666
v -0.597713 0.394940 0.734008
v -0.522192 0.623709 0.697735
v -0.259321 0.635732 0.742059
v -0.277626 0.136698 0.696798
v -0.259350 0.719289 -0.947377
v -0.472703 0.697652 -0.847474
v -0.269472 0.684044 -1.291924
v -0.456019 0.685953 -1.236821
v -0.196668 0.977865 -0.599132
v -0.359152 0.965138 -0.565518
v -0.208397 0.967470 0.291084
v -0.346478 0.953515 0.238064
v -0.493011 0.642922 0.714039
v -0.503512 0.638281 0.892053
v -0.259819 0.647694 0.929528
v -0.259819 0.614743 1.215487
v -0.503512 0.608787 1.202682
v -0.260992 0.577178 1.446107
v -0.481759 0.577178 1.426094
v -0.259819 0.653862 0.751514
v -0.259205 0.136698 0.616727
v -0.347730 0.968453 0.145882
v -0.207239 0.982287 0.191132
v -0.399394 0.858345 0.385399
v -0.473460 0.726790 0.566240
v -0.442668 0.774371 -0.774575
v -0.391746 0.888325 -0.658330
v -0.542487 0.216296 -0.434483
v -0.542487 0.214961 0.756190
v -0.277626 0.214961 0.756190
v -0.542487 0.215099 0.708095
v -0.542487 0.215153 0.626501
v -0.549047 0.607930 -0.725687
v -0.595960 0.473822 -0.697244
v -0.518411 0.136698 0.644901
v -0.528411 0.652193 -0.725011
v -0.550334 0.604077 0.661371
v -0.597713 0.395055 0.678859
v -0.532625 0.624330 0.655568
v -0.259205 0.136698 0.644901
v -0.486412 0.696041 -0.708551
v -0.383732 0.944783 -0.480505
v -0.376066 0.940772 0.234073
v -0.376692 0.955370 0.143079
v -0.417351 0.853227 0.366771
v -0.485843 0.720082 0.549542
v -0.406033 0.880023 -0.572087
v -0.456065 0.763915 -0.664494
v -0.542487 0.215134 0.655210
v -0.349605 0.980426 -0.004796
v -0.354415 0.985746 -0.350112
v -0.205325 0.994671 0.013593
v -0.201239 0.999134 -0.330754
v -0.380069 0.969913 -0.348787
v -0.377613 0.966744 -0.003555
v -0.550334 0.590855 1.032985
v -0.597713 0.455117 1.013894
v -0.532692 0.608725 1.035862
v -0.277626 0.455117 1.013894
v -0.503512 0.624603 1.047367
v -0.259819 0.632288 1.072508
v -0.277626 0.389163 -0.523585
v -0.597713 0.389163 -0.523585
v -0.542487 0.215989 -0.454656
v -0.518411 0.136957 -0.449746
v -0.277626 0.136957 -0.449746
v -0.277626 0.395342 -0.855964
v -0.594206 0.395342 -0.855964
v -0.595960 0.454078 -0.697522
v -0.277626 0.185986 -0.944994
v -0.537085 0.185986 -0.944994
v -0.277626 0.454078 -0.697522
v -0.277626 0.215989 -0.454656
v -0.277626 0.140047 1.022117
v -0.518411 0.136698 -0.122137
v -0.268416 0.136698 -0.122137
v -0.542487 0.215725 -0.119913
v -0.378741 0.968199 -0.162109
v -0.203448 0.996721 -0.144555
v -0.351814 0.982869 -0.163389
v -0.294972 0.389159 1.544664
v -0.484660 0.515004 1.487512
v -0.525104 0.389159 1.516872
v -0.274750 0.515004 1.515303
v -0.300948 0.396008 1.525319
v -0.479552 0.508139 1.473184
v -0.515609 0.396029 1.499476
v -0.282948 0.508159 1.499289
v -0.294972 0.389159 1.527880
v -0.274750 0.515004 1.498520
v -0.286408 0.395764 1.526507
v -0.267322 0.508482 1.500273
v -0.286408 0.395764 1.513367
v -0.267322 0.508482 1.487133
v -0.484660 0.515004 1.470728
v -0.525104 0.389159 1.500089
v -0.294972 0.389159 1.527880
v -0.274750 0.515004 1.498520
v -0.479552 0.508139 1.454795
v -0.515609 0.396029 1.481088
v -0.300948 0.396008 1.506930
v -0.282948 0.508159 1.480901
v -0.549047 0.567202 -0.478663
v -0.561792 0.554475 -0.115094
v -0.528411 0.611465 -0.478663
v -0.486412 0.655313 -0.478663
v -0.549887 0.605101 -0.121458
v -0.531838 0.636361 -0.135397
v -0.542487 0.215725 -0.119913
v -0.597713 0.395625 -0.105083
v -0.398506 0.930465 -0.458408
v -0.425626 0.862905 -0.520906
v -0.473885 0.747220 -0.617375
v -0.394843 0.947640 -0.341716
v -0.393564 0.945988 -0.161784
v -0.596479 0.453005 -0.641568
v -0.596479 0.434857 -0.646021
v -0.277626 0.434857 -0.646021
v -0.549047 0.595871 -0.652545
v -0.528411 0.640134 -0.652069
v -0.486412 0.683982 -0.640483
v -0.574358 0.492905 -0.860709
v -0.539169 0.522666 -1.276725
v -0.297440 0.522666 -1.333041
v -0.576307 0.530002 -0.709159
v -0.577326 0.472087 -0.496412
v -0.582665 0.462170 -0.109277
v -0.576609 0.512854 -0.646167
v -0.418903 0.136698 0.756190
v -0.465433 0.394483 1.196407
v -0.455018 0.461196 -1.300766
v -0.417429 0.607930 -1.298934
v -0.429860 0.190660 -0.964502
v -0.408248 0.298080 -1.298934
v -0.401336 0.654532 -1.285958
v -0.465433 0.394483 0.825272
v -0.418903 0.136698 -0.429157
v -0.456276 0.365892 1.522683
v -0.418688 0.535338 1.488288
v -0.417938 0.143395 1.288045
v -0.392056 0.147060 1.453771
v -0.405196 0.554755 1.471117
v -0.413557 0.628678 0.716053
v -0.418903 0.136698 0.696798
v -0.384532 0.706594 -0.888760
v -0.378926 0.685164 -1.259593
v -0.402802 0.642171 0.907540
v -0.402802 0.611248 1.207974
v -0.390524 0.577178 1.434365
v -0.396642 0.647443 0.729526
v -0.411291 0.136698 0.616727
v -0.433029 0.214961 0.756190
v -0.411291 0.136698 0.644901
v -0.402802 0.627779 1.057757
v -0.465433 0.455117 1.013894
v -0.465433 0.389163 -0.523585
v -0.463375 0.395342 -0.855964
v -0.429860 0.185986 -0.944994
v -0.418903 0.136957 -0.449746
v -0.433029 0.215989 -0.454656
v -0.464404 0.454078 -0.697522
v -0.415097 0.136698 -0.122137
v -0.429999 0.389159 1.528357
v -0.397912 0.515004 1.498997
v -0.429999 0.389159 1.511574
v -0.397912 0.515004 1.482213
v -0.426897 0.396020 1.510156
v -0.398303 0.508147 1.483972
v -0.426897 0.396020 1.491768
v -0.398303 0.508147 1.465584
v -0.464709 0.434857 -0.646021
v -0.439271 0.522666 -1.299999
v -0.566130 0.450844 -1.194795
v -0.518751 0.607930 -1.189645
v -0.509009 0.276368 -1.212767
v -0.500694 0.654820 -1.179533
v -0.275762 0.276368 -1.257700
v -0.459391 0.688318 -1.158124
v -0.267426 0.691168 -1.222282
v -0.546282 0.516651 -1.192638
v -0.380059 0.689496 -1.184638
v -0.412616 0.276368 -1.231336
v 0.569324 0.406352 0.813347
v 0.564745 0.402792 -0.510470
v 0.502644 0.158038 0.736567
v 0.522241 0.586218 0.869618
v 0.498793 0.163233 -0.429028
v 0.000000 0.169698 -0.428950
v 0.000000 0.169698 0.755986
v 0.568379 0.405911 1.206303
v 0.521827 0.559817 1.192781
v 0.543595 0.368543 1.486835
v 0.000000 0.372507 1.517372
v -0.000000 0.517096 1.487809
v 0.500164 0.518539 1.454812
v 0.499777 0.167907 1.302170
v -0.000000 0.176390 1.306499
v 0.471404 0.171718 1.424641
v -0.000000 0.173312 1.460795
v 0.561343 0.409082 -0.865489
v 0.515794 0.596842 -0.848381
v 0.000000 0.461186 -1.310120
v 0.532931 0.460863 -1.257284
v 0.488602 0.597738 -1.254343
v -0.000000 0.602519 -1.308734
v 0.000000 0.222567 -0.956079
v 0.516635 0.215126 -0.956006
v -0.000000 0.317904 -1.314906
v 0.484560 0.317126 -1.255027
v 0.512767 0.594598 0.875404
v 0.512492 0.568625 1.191644
v 0.498788 0.163230 0.616730
v 0.493729 0.528884 1.443927
v 0.000000 0.527327 1.474180
v 0.499707 0.634168 -0.846430
v -0.000000 0.638308 -1.297036
v 0.474220 0.635370 -1.246243
v 0.257132 0.413037 1.214427
v 0.257112 0.413269 0.807516
v 0.267758 0.166535 0.746121
v 0.277626 0.169698 -0.428950
v 0.295511 0.372791 1.509618
v 0.272119 0.517250 1.479884
v 0.270291 0.174496 1.296287
v 0.256143 0.173276 1.452884
v 0.302744 0.461271 -1.301134
v 0.279254 0.601886 -1.299837
v 0.277374 0.222530 -0.955945
v 0.272130 0.317672 -1.305610
v 0.000000 0.169698 0.616727
v 0.259534 0.527577 1.468994
v 0.265870 0.637298 -1.289374
v 0.498799 0.163238 0.696803
v 0.522238 0.586689 0.703104
v 0.564736 0.396169 0.734012
v 0.000000 0.169698 0.696798
v 0.502508 0.597254 0.699035
v 0.000000 0.630156 0.791073
v 0.262173 0.620812 0.771355
v 0.277626 0.169698 0.696798
v 0.257486 0.686474 -0.944427
v 0.452843 0.671350 -0.845808
v -0.000000 0.686469 -0.975446
v 0.267138 0.654995 -1.276442
v 0.446262 0.655836 -1.227507
v -0.000000 0.655572 -1.284476
v 0.195346 0.944998 -0.596484
v 0.339768 0.938684 -0.561850
v -0.000000 0.944959 -0.617292
v 0.206268 0.934908 0.286168
v 0.335744 0.923082 0.231164
v -0.000000 0.933598 0.289920
v 0.487774 0.613575 0.728194
v 0.493733 0.606804 0.890447
v 0.258706 0.614801 0.927128
v 0.000000 0.617865 0.942855
v 0.000000 0.632195 0.784123
v 0.259110 0.582079 1.210840
v -0.000000 0.584698 1.221409
v 0.494550 0.577331 1.198296
v 0.260211 0.546042 1.435199
v 0.000000 0.545989 1.439446
v 0.474493 0.546460 1.416471
v 0.260702 0.625153 0.767763
v 0.259205 0.169698 0.616727
v 0.338603 0.936949 0.142242
v 0.205060 0.949575 0.187366
v -0.000000 0.948374 0.189956
v 0.380881 0.833166 0.374802
v 0.450512 0.704586 0.557911
v 0.413209 0.759724 -0.772009
v 0.362743 0.872870 -0.655336
v 0.510840 0.225627 -0.435135
v 0.519499 0.226595 0.735569
v 0.255575 0.219445 0.732052
v 0.510941 0.224787 0.708112
v 0.510934 0.224820 0.626505
v 0.518280 0.596007 -0.726164
v 0.563552 0.467596 -0.697383
v 0.498796 0.163236 0.644903
v 0.501522 0.633088 -0.725997
v 0.522703 0.586110 0.659735
v 0.564740 0.396394 0.678859
v 0.000000 0.169698 0.644901
v 0.509245 0.601723 0.649973
v 0.259205 0.169698 0.644901
v 0.459027 0.677633 -0.708132
v 0.358122 0.924309 -0.476777
v 0.361231 0.912640 0.225269
v 0.362830 0.925647 0.139417
v 0.399635 0.827655 0.355762
v 0.463489 0.697392 0.540913
v 0.377563 0.863905 -0.567767
v 0.426455 0.749665 -0.661467
v 0.510939 0.224818 0.655217
v -0.000000 0.960882 0.010295
v -0.000000 0.965699 -0.331615
v 0.340459 0.948751 -0.006232
v 0.342924 0.954836 -0.348851
v 0.203637 0.961746 0.012140
v 0.199763 0.966184 -0.329720
v 0.356692 0.946651 -0.347599
v 0.363042 0.937175 -0.005082
v 0.521842 0.574251 1.031757
v 0.568734 0.470903 1.013741
v 0.512425 0.582778 1.033633
v 0.256394 0.480379 1.014017
v -0.000000 0.602346 1.082000
v 0.494400 0.593027 1.044381
v 0.258850 0.599511 1.068800
v 0.256961 0.407551 -0.505590
v 0.571180 0.405708 -0.513036
v 0.519017 0.228013 -0.434816
v 0.502551 0.158792 -0.430755
v 0.268856 0.166823 -0.438787
v 0.000000 0.169906 -0.447912
v 0.256905 0.413925 -0.873692
v 0.567603 0.411944 -0.866243
v 0.569750 0.474127 -0.697209
v 0.269900 0.217888 -0.948401
v 0.520153 0.212096 -0.955974
v 0.000000 0.218528 -0.939512
v 0.256625 0.479533 -0.697494
v 0.255408 0.221324 -0.430846
v 0.254287 0.163374 1.021829
v -0.000000 0.173044 1.031210
v 0.498768 0.163216 -0.122134
v 0.000000 0.169698 -0.122137
v 0.268416 0.169698 -0.122137
v 0.510919 0.225343 -0.119907
v 0.358503 0.942138 -0.162590
v 0.000000 0.963074 -0.146915
v 0.201937 0.963759 -0.145013
v 0.342136 0.951324 -0.163895
v 0.293283 0.367401 1.519910
v -0.000000 0.367161 1.526824
v 0.000000 0.533766 1.494915
v 0.491775 0.521182 1.455886
v 0.527689 0.378476 1.485757
v 0.272601 0.533391 1.487985
v 0.289815 0.379326 1.499113
v 0.000000 0.356159 1.534639
v 0.000000 0.548004 1.505278
v 0.487923 0.516194 1.442296
v 0.519810 0.380625 1.470596
v 0.267926 0.507812 1.469909
v 0.294682 0.358485 1.515715
v -0.000000 0.363089 1.514406
v 0.000000 0.489264 1.484627
v 0.274401 0.485193 1.484370
v 0.293697 0.380593 1.498122
v -0.000000 0.369784 1.512432
v 0.000000 0.528831 1.480737
v 0.278704 0.514456 1.469879
v 0.307534 0.376686 1.496673
v 0.000000 0.369674 1.499432
v 0.000000 0.529085 1.467800
v 0.284135 0.526466 1.465158
v 0.498760 0.533377 1.447221
v 0.546962 0.371746 1.482539
v 0.294022 0.357083 1.520185
v 0.270582 0.509102 1.466320
v 0.493718 0.526459 1.431286
v 0.537437 0.378555 1.463561
v 0.282346 0.373472 1.491598
v 0.261728 0.524095 1.461286
v 0.517793 0.556625 -0.479233
v 0.530177 0.545051 -0.114265
v 0.500142 0.594457 -0.479443
v 0.461473 0.633740 -0.479945
v 0.520401 0.590354 -0.120022
v 0.505942 0.615979 -0.133660
v 0.510891 0.225249 -0.119801
v 0.564720 0.396287 -0.105011
v 0.371429 0.911996 -0.454575
v 0.397677 0.846240 -0.515420
v 0.444171 0.733347 -0.613688
v 0.367760 0.928807 -0.340801
v 0.366119 0.927667 -0.162148
v 0.563920 0.447809 -0.642961
v 0.573147 0.456647 -0.637663
v 0.254292 0.456719 -0.637862
v 0.518454 0.583701 -0.654777
v 0.501107 0.621860 -0.655153
v 0.459271 0.665294 -0.642251
v 0.542631 0.484137 -0.858374
v 0.000000 0.522170 -1.309356
v 0.515027 0.514963 -1.255587
v 0.293138 0.521426 -1.300346
v 0.544848 0.520036 -0.709280
v 0.545611 0.463034 -0.497524
v 0.550749 0.453784 -0.109020
v 0.545381 0.502513 -0.648795
v 0.418903 0.160033 0.732855
v 0.465433 0.418156 1.219398
v 0.447563 0.461322 -1.268619
v 0.409847 0.601255 -1.267518
v 0.429399 0.222433 -0.955599
v 0.402376 0.318401 -1.273604
v 0.394607 0.636801 -1.258952
v 0.465433 0.418466 0.802604
v 0.418903 0.169698 -0.428950
v 0.452267 0.373143 1.490740
v 0.415130 0.517608 1.460684
v 0.417907 0.170645 1.306658
v 0.389569 0.173748 1.434521
v 0.402870 0.528743 1.450944
v 0.417401 0.611749 0.744118
v 0.418903 0.169698 0.696798
v 0.381783 0.673763 -0.886869
v 0.375382 0.655183 -1.246267
v 0.401246 0.609272 0.905486
v 0.401817 0.578545 1.203668
v 0.389268 0.546074 1.423411
v 0.398030 0.618646 0.745583
v 0.411291 0.169698 0.616727
v 0.433029 0.220988 0.723745
v 0.411291 0.169698 0.644901
v 0.401422 0.594984 1.054350
v 0.465433 0.488117 1.014055
v 0.465433 0.412748 -0.500504
v 0.463375 0.419220 -0.878743
v 0.429860 0.215456 -0.959845
v 0.418903 0.160861 -0.426996
v 0.433029 0.223205 -0.422454
v 0.464404 0.487078 -0.697486
v 0.415097 0.169698 -0.122137
v 0.427056 0.367098 1.503993
v 0.394338 0.533646 1.472003
v 0.427581 0.363063 1.491521
v 0.394478 0.535161 1.456312
v 0.424484 0.369908 1.490122
v 0.394871 0.528306 1.458071
v 0.424375 0.369882 1.471782
v 0.395032 0.528311 1.439666
v 0.464709 0.465775 -0.634482
v 0.431769 0.520395 -1.267943
v 0.533323 0.450750 -1.191231
v 0.487685 0.597054 -1.187278
v 0.000000 0.308073 -1.255977
v 0.488966 0.300811 -1.203291
v 0.474453 0.634915 -1.177479
v 0.274870 0.307980 -1.248273
v -0.000000 0.658855 -1.231672
v 0.447716 0.657494 -1.156520
v 0.266411 0.658322 -1.219266
v 0.514668 0.507413 -1.190585
v 0.378290 0.656606 -1.182607
v 0.411035 0.307738 -1.221216
v -0.569324 0.406352 0.813347
v -0.564745 0.402792 -0.510470
v -0.502644 0.158038 0.736567
v -0.522241 0.586218 0.869618
v -0.498793 0.163233 -0.429028
v -0.568379 0.405911 1.206303
v -0.521827 0.559817 1.192781
v -0.543595 0.368543 1.486835
v -0.500164 0.518539 1.454812
v -0.499777 0.167907 1.302170
v -0.471404 0.171718 1.424641
v -0.561343 0.409082 -0.865489
v -0.515794 0.596842 -0.848381
v -0.532931 0.460863 -1.257284
v -0.488602 0.597738 -1.254343
v -0.516635 0.215126 -0.956006
v -0.484560 0.317126 -1.255027
v -0.512767 0.594598 0.875404
v -0.512492 0.568625 1.191644
v -0.498788 0.163230 0.616729
v -0.493729 0.528884 1.443927
v -0.499707 0.634168 -0.846430
v -0.474220 0.635370 -1.246243
v -0.257132 0.413037 1.214427
v -0.257112 0.413269 0.807516
v -0.267758 0.166535 0.746121
v -0.277626 0.169698 -0.428950
v -0.295511 0.372791 1.509618
v -0.272119 0.517250 1.479884
v -0.270291 0.174496 1.296287
v -0.256143 0.173276 1.452884
v -0.302744 0.461271 -1.301134
v -0.279254 0.601886 -1.299837
v -0.277374 0.222530 -0.955945
v -0.272130 0.317672 -1.305610
v -0.259534 0.527577 1.468994
v -0.265870 0.637298 -1.289374
v -0.498799 0.163238 0.696803
v -0.522238 0.586689 0.703104
v -0.564736 0.396169 0.734012
v -0.502508 0.597254 0.699035
v -0.262173 0.620812 0.771355
v -0.277626 0.169698 0.696798
v -0.257486 0.686474 -0.944427
v -0.452843 0.671350 -0.845808
v -0.267138 0.654995 -1.276442
v -0.446262 0.655836 -1.227507
v -0.195346 0.944998 -0.596484
v -0.339768 0.938684 -0.561850
v -0.206268 0.934908 0.286168
v -0.335744 0.923082 0.231164
v -0.487774 0.613575 0.728194
v -0.493733 0.606804 0.890447
v -0.258706 0.614801 0.927128
v -0.259110 0.582079 1.210840
v -0.494550 0.577331 1.198296
v -0.260211 0.546042 1.435199
v -0.474493 0.546460 1.416471
v -0.260702 0.625153 0.767763
v -0.259205 0.169698 0.616727
v -0.338603 0.936949 0.142242
v -0.205060 0.949575 0.187366
v -0.380881 0.833166 0.374802
v -0.450512 0.704586 0.557911
v -0.413209 0.759724 -0.772009
v -0.362743 0.872870 -0.655336
v -0.510840 0.225627 -0.435135
v -0.519499 0.226595 0.735569
v -0.255575 0.219445 0.732052
v -0.510941 0.224787 0.708112
v -0.510934 0.224820 0.626505
v -0.518280 0.596007 -0.726164
v -0.563552 0.467596 -0.697383
v -0.498796 0.163236 0.644903
v -0.501522 0.633088 -0.725997
v -0.522703 0.586110 0.659735
v -0.564740 0.396394 0.678859
v -0.509245 0.601723 0.649973
v -0.259205 0.169698 0.644901
v -0.459027 0.677633 -0.708132
v -0.358122 0.924309 -0.476777
v -0.361231 0.912640 0.225269
v -0.362830 0.925647 0.139417
v -0.399635 0.827655 0.355762
v -0.463489 0.697392 0.540913
v -0.377563 0.863905 -0.567767
v -0.426455 0.749665 -0.661467
v -0.510939 0.224818 0.655217
v -0.340459 0.948751 -0.006232
v -0.342924 0.954836 -0.348851
v -0.203637 0.961746 0.012140
v -0.199763 0.966184 -0.329720
v -0.356692 0.946651 -0.347599
v -0.363042 0.937175 -0.005082
v -0.521842 0.574251 1.031757
v -0.568734 0.470903 1.013741
v -0.512425 0.582778 1.033633
v -0.256394 0.480379 1.014017
v -0.494400 0.593027 1.044381
v -0.258850 0.599511 1.068800
v -0.256961 0.407551 -0.505590
v -0.571180 0.405708 -0.513036
v -0.519017 0.228013 -0.434816
v -0.502551 0.158792 -0.430755
v -0.268856 0.166823 -0.438787
v -0.256905 0.413925 -0.873692
v -0.567603 0.411944 -0.866243
v -0.569750 0.474127 -0.697209
v -0.269900 0.217888 -0.948401
v -0.520153 0.212096 -0.955974
v -0.256625 0.479533 -0.697494
v -0.255408 0.221324 -0.430846
v -0.254287 0.163374 1.021829
v -0.498768 0.163216 -0.122134
v -0.268416 0.169698 -0.122137
v -0.510919 0.225343 -0.119907
v -0.358503 0.942138 -0.162590
v -0.201937 0.963759 -0.145013
v -0.342136 0.951324 -0.163895
v -0.293283 0.367401 1.519910
v -0.491775 0.521182 1.455886
v -0.527689 0.378476 1.485757
v -0.272601 0.533391 1.487985
v -0.289815 0.379326 1.499113
v -0.487923 0.516194 1.442296
v -0.519810 0.380624 1.470596
v -0.267926 0.507812 1.469909
v -0.294682 0.358485 1.515715
v -0.274401 0.485193 1.484370
v -0.293697 0.380593 1.498122
v -0.278704 0.514456 1.469879
v -0.307534 0.376686 1.496673
v -0.284135 0.526466 1.465158
v -0.498760 0.533377 1.447221
v -0.546962 0.371746 1.482539
v -0.294022 0.357083 1.520185
v -0.270582 0.509101 1.466320
v -0.493718 0.526459 1.431286
v -0.537437 0.378555 1.463561
v -0.282346 0.373472 1.491598
v -0.261728 0.524095 1.461286
v -0.517793 0.556625 -0.479233
v -0.530177 0.545051 -0.114265
v -0.500142 0.594457 -0.479443
v -0.461473 0.633740 -0.479945
v -0.520401 0.590354 -0.120022
v -0.505942 0.615979 -0.133660
v -0.510891 0.225249 -0.119801
v -0.564720 0.396287 -0.105011
v -0.371429 0.911996 -0.454575
v -0.397677 0.846240 -0.515420
v -0.444171 0.733347 -0.613688
v -0.367760 0.928807 -0.340801
v -0.366119 0.927667 -0.162148
v -0.563920 0.447809 -0.642961
v -0.573147 0.456647 -0.637663
v -0.254292 0.456719 -0.637862
v -0.518454 0.583701 -0.654777
v -0.501107 0.621860 -0.655153
v -0.459271 0.665294 -0.642251
v -0.542631 0.484137 -0.858374
v -0.515027 0.514963 -1.255587
v -0.293138 0.521426 -1.300346
v -0.544848 0.520036 -0.709280
v -0.545611 0.463034 -0.497524
v -0.550749 0.453784 -0.109020
v -0.545381 0.502513 -0.648795
v -0.418903 0.160033 0.732855
v -0.465433 0.418156 1.219398
v -0.447563 0.461322 -1.268620
v -0.409847 0.601255 -1.267518
v -0.429399 0.222433 -0.955599
v -0.402376 0.318401 -1.273604
v -0.394607 0.636801 -1.258952
v -0.465433 0.418466 0.802604
v -0.418903 0.169698 -0.428950
v -0.452267 0.373143 1.490740
v -0.415130 0.517608 1.460684
v -0.417907 0.170645 1.306658
v -0.389569 0.173748 1.434521
v -0.402870 0.528743 1.450944
v -0.417401 0.611749 0.744118
v -0.418903 0.169698 0.696798
v -0.381783 0.673763 -0.886869
v -0.375382 0.655183 -1.246267
v -0.401246 0.609272 0.905486
v -0.401817 0.578545 1.203668
v -0.389268 0.546074 1.423411
v -0.398030 0.618646 0.745583
v -0.411291 0.169698 0.616727
v -0.433029 0.220988 0.723745
v -0.411291 0.169698 0.644901
v -0.401422 0.594984 1.054350
v -0.465433 0.488117 1.014055
v -0.465433 0.412748 -0.500504
v -0.463375 0.419220 -0.878743
v -0.429860 0.215456 -0.959845
v -0.418903 0.160861 -0.426996
v -0.433029 0.223205 -0.422454
v -0.464404 0.487078 -0.697486
v -0.415097 0.169698 -0.122137
v -0.427056 0.367098 1.503993
v -0.394338 0.533646 1.472003
v -0.427581 0.363063 1.491521
v -0.394478 0.535161 1.456312
v -0.424484 0.369908 1.490123
v -0.394871 0.528305 1.458071
v -0.424375 0.369882 1.471782
v -0.395032 0.528311 1.439666
v -0.464709 0.465775 -0.634482
v -0.431769 0.520395 -1.267943
v -0.533323 0.450750 -1.191231
v -0.487685 0.597054 -1.187278
v -0.488966 0.300811 -1.203291
v -0.474453 0.634915 -1.177479
v -0.274870 0.307980 -1.248273
v -0.447716 0.657494 -1.156520
v -0.266411 0.658322 -1.219266
v -0.514668 0.507413 -1.190585
v -0.378290 0.656606 -1.182607
v -0.411035 0.307738 -1.221216
vn 0.9753 0.2210 0.0008
vn -0.0000 -1.0000 -0.0000
vn 0.9560 -0.2935 -0.0013
vn 0.9574 0.2822 0.0615
vn 0.9273 0.3670 -0.0735
vn -0.0000 -0.9490 -0.3153
vn 0.0246 -0.0967 0.9950
vn 0.9542 0.2702 0.1286
vn 0.9090 0.4166 -0.0136
vn 0.0016 -0.9997 0.0233
vn 0.0271 -0.3025 0.9527
vn 0.9418 -0.3194 0.1045
vn -0.0000 -0.3428 -0.9394
vn -0.0000 -0.9725 -0.2330
vn 0.9584 0.2692 -0.0952
vn 0.2325 0.0794 -0.9694
vn 0.2284 -0.0836 -0.9700
vn 0.9530 0.2984 -0.0520
vn 0.0908 0.6778 0.7297
vn 0.0084 -0.9607 -0.2774
vn -0.0000 -0.9999 -0.0126
vn 0.9606 -0.2364 -0.1459
vn 0.1839 0.6776 -0.7121
vn -0.1204 0.4848 -0.8663
vn 0.0082 0.8807 0.4736
vn 0.0530 0.8549 0.5160
vn 0.6111 0.7901 -0.0472
vn 0.0303 0.3101 -0.9502
vn 0.7127 0.6994 0.0538
vn 0.7262 0.6653 0.1730
vn 0.2219 0.3416 -0.9133
vn 0.5186 0.8522 0.0699
vn -0.0493 0.4153 -0.9083
vn 0.4904 0.8543 0.1723
vn 0.0648 -0.9536 -0.2941
vn 0.0161 0.7378 0.6748
vn 0.0319 -0.0144 -0.9994
vn 0.0320 0.0151 -0.9994
vn 1.0000 -0.0033 -0.0094
vn 0.1225 -0.3246 0.9379
vn 0.0010 -0.9998 0.0205
vn 0.2514 0.2751 0.9280
vn -0.0000 -0.3591 0.9333
vn 0.9618 -0.2521 0.1070
vn 0.6293 0.7771 -0.0118
vn 0.9560 -0.2934 -0.0004
vn 0.9753 0.2211 0.0005
vn 0.0164 0.9989 -0.0440
vn 0.0062 0.9945 -0.1043
vn 0.6730 0.7389 -0.0319
vn 0.0244 0.6487 -0.7607
vn 0.4135 0.8982 0.1491
vn -0.0034 0.9892 0.1463
vn 0.1508 0.9769 0.1514
vn 0.0219 0.9987 0.0453
vn 0.0161 0.9922 0.1237
vn 0.0097 0.9857 0.1685
vn 0.0236 0.9876 0.1554
vn 0.0368 0.9926 0.1154
vn 0.0475 0.9984 0.0313
vn 0.5260 0.8504 -0.0132
vn 0.0031 0.9971 -0.0756
vn 0.6704 0.7375 -0.0810
vn 0.6200 0.7298 0.2882
vn 0.7463 0.6266 0.2245
vn 0.4742 0.8018 0.3636
vn 0.8663 0.4861 -0.1153
vn 0.8966 0.4363 -0.0765
vn 0.9563 -0.2924 -0.0001
vn 0.9560 -0.2935 -0.0001
vn 1.0000 0.0046 -0.0080
vn -0.0000 -0.0000 1.0000
vn 0.9559 -0.2938 -0.0004
vn 0.9569 -0.2904 0.0003
vn 0.9560 -0.2934 -0.0001
vn 0.8838 0.4609 -0.0806
vn 0.6422 0.7618 0.0857
vn 0.9708 -0.2051 -0.1242
vn -0.0028 0.9999 0.0135
vn 0.0917 0.9957 0.0142
vn 0.5011 0.8652 0.0159
vn -0.0046 0.9976 0.0696
vn 0.4257 0.9018 0.0748
vn 0.1141 0.9907 0.0735
vn 0.0478 0.9937 0.1010
vn 0.0174 0.9939 0.1089
vn 0.4794 0.8736 0.0835
vn 0.7169 0.6943 0.0626
vn -0.0000 -0.9520 0.3060
vn 0.9618 0.2711 -0.0369
vn -0.0000 -0.3698 -0.9291
vn -0.0000 -0.3913 0.9202
vn -0.0000 -0.9376 0.3476
vn -0.0000 -0.0620 -0.9981
vn -0.0000 -0.9369 -0.3497
vn -0.0000 -0.9951 -0.0985
vn 0.0002 -0.9999 0.0124
vn 0.0006 -0.9999 0.0124
vn 1.0000 -0.0000 -0.0000
vn 0.9569 -0.2905 -0.0003
vn 0.4580 0.8888 0.0157
vn 0.0973 0.9951 0.0142
vn -0.0037 0.9999 0.0135
vn 0.0860 0.9926 -0.0859
vn 0.1192 -0.1061 0.9872
vn 0.0251 0.3393 0.9403
vn 0.1224 0.3617 0.9242
vn -0.0000 1.0000 -0.0000
vn -0.0001 -1.0000 -0.0000
vn -0.9520 -0.3060 -0.0000
vn 0.0243 0.2307 0.9727
vn -0.0003 1.0000 -0.0000
vn 0.0236 0.2190 0.9754
vn 0.0219 0.2451 0.9692
vn 0.0224 0.2284 0.9733
vn -0.9860 -0.1670 -0.0000
vn 0.0003 -1.0000 -0.0000
vn 0.1209 0.2628 0.9573
vn 0.1158 0.2544 0.9601
vn 0.1272 0.2510 0.9596
vn 0.1215 0.2435 0.9623
vn 0.1214 0.2489 0.9609
vn -0.9520 -0.3062 -0.0000
vn 0.9874 0.1585 -0.0000
vn -0.0001 1.0000 -0.0000
vn 0.9043 0.4212 0.0695
vn 0.9535 0.2950 0.0612
vn 0.7249 0.6790 0.1161
vn 0.9460 0.3220 -0.0364
vn 0.7847 0.6176 -0.0526
vn 0.9574 -0.2886 -0.0034
vn 0.9669 0.2546 -0.0156
vn 0.8317 0.5552 0.0110
vn 0.8396 0.5149 -0.1729
vn 0.8047 0.5888 -0.0765
vn 0.8567 0.4913 -0.1571
vn 0.7354 0.6679 0.1142
vn 0.9413 0.3304 0.0688
vn 0.9045 0.4208 0.0695
vn 1.0000 0.0012 -0.0093
vn 0.9391 0.3383 -0.0608
vn 0.9374 0.3336 0.1002
vn 0.9673 0.2537 -0.0008
vn 0.9522 0.2929 0.0871
vn 0.0308 0.0150 -0.9994
vn 0.9519 0.2985 -0.0691
vn 0.2219 0.0764 -0.9721
vn 0.9611 0.2714 -0.0510
vn 0.2222 0.0585 -0.9732
vn 0.1210 0.2591 0.9582
vn 0.1270 0.2565 0.9582
vn 0.1159 0.2486 0.9617
vn 0.0466 0.9947 0.0914
vn 0.0466 0.9986 0.0256
vn 0.0360 0.9938 0.1052
vn 0.0230 0.9890 0.1462
vn 0.0273 0.9965 -0.0788
vn 0.1220 -0.3347 0.9344
vn 0.0706 -0.9446 -0.3206
vn 0.2233 0.3255 -0.9188
vn 0.0503 0.8701 0.4902
vn -0.1151 0.5226 -0.8447
vn 0.1689 0.7343 -0.6575
vn 0.0861 0.7153 0.6934
vn 0.2287 -0.0662 -0.9712
vn 0.2328 0.0607 -0.9706
vn 0.0015 -0.9998 0.0211
vn 0.0290 -0.9477 -0.3179
vn 0.0916 0.9927 -0.0781
vn 0.9625 0.2616 -0.0712
vn 0.0097 0.9945 -0.1042
vn 0.0787 0.9959 -0.0457
vn 0.0268 -0.9556 -0.2934
vn 0.6249 0.7793 -0.0478
vn 0.9374 -0.3096 -0.1598
vn 0.0037 -0.9608 -0.2773
vn 0.9637 0.2609 -0.0566
vn 0.9170 0.3922 -0.0726
vn -0.9753 0.2210 0.0008
vn -0.9560 -0.2935 -0.0013
vn -0.9574 0.2822 0.0615
vn -0.9273 0.3670 -0.0735
vn -0.0246 -0.0967 0.9950
vn -0.9542 0.2702 0.1286
vn -0.9090 0.4166 -0.0136
vn -0.0016 -0.9997 0.0233
vn -0.0271 -0.3025 0.9527
vn -0.9418 -0.3194 0.1045
vn -0.9584 0.2692 -0.0952
vn -0.2325 0.0794 -0.9694
vn -0.2284 -0.0836 -0.9700
vn -0.9530 0.2984 -0.0520
vn -0.0908 0.6778 0.7297
vn -0.0084 -0.9607 -0.2774
vn -0.9606 -0.2364 -0.1459
vn -0.1839 0.6776 -0.7121
vn 0.1204 0.4848 -0.8663
vn -0.0082 0.8807 0.4736
vn -0.0530 0.8549 0.5160
vn -0.6111 0.7901 -0.0472
vn -0.0303 0.3101 -0.9502
vn -0.7127 0.6994 0.0538
vn -0.7262 0.6653 0.1730
vn -0.2219 0.3416 -0.9133
vn -0.5186 0.8522 0.0699
vn 0.0493 0.4153 -0.9083
vn -0.4904 0.8543 0.1723
vn -0.0648 -0.9536 -0.2941
vn -0.0161 0.7378 0.6748
vn -0.0319 -0.0144 -0.9994
vn -0.0320 0.0151 -0.9994
vn -1.0000 -0.0033 -0.0094
vn -0.1225 -0.3246 0.9379
vn -0.0010 -0.9998 0.0205
vn -0.2514 0.2751 0.9280
vn -0.9618 -0.2521 0.1070
vn -0.6293 0.7771 -0.0118
vn -0.9560 -0.2934 -0.0004
vn -0.9753 0.2211 0.0005
vn -0.0164 0.9989 -0.0440
vn -0.0062 0.9945 -0.1043
vn -0.6730 0.7389 -0.0319
vn -0.0244 0.6487 -0.7607
vn -0.4135 0.8982 0.1491
vn 0.0034 0.9892 0.1463
vn -0.1508 0.9769 0.1514
vn -0.0219 0.9987 0.0453
vn -0.0161 0.9922 0.1237
vn -0.0097 0.9857 0.1685
vn -0.0236 0.9876 0.1554
vn -0.0368 0.9926 0.1154
vn -0.0475 0.9984 0.0313
vn -0.5260 0.8504 -0.0132
vn -0.0031 0.9971 -0.0756
vn -0.6704 0.7375 -0.0810
vn -0.6200 0.7298 0.2882
vn -0.7463 0.6266 0.2245
vn -0.4742 0.8018 0.3636
vn -0.8663 0.4861 -0.1153
vn -0.8966 0.4363 -0.0765
vn -0.9563 -0.2924 -0.0001
vn -0.9560 -0.2935 -0.0001
vn -1.0000 0.0046 -0.0080
vn -0.9559 -0.2938 -0.0004
vn -0.9569 -0.2904 0.0003
vn -0.9560 -0.2934 -0.0001
vn -0.8838 0.4609 -0.0806
vn -0.6422 0.7618 0.0857
vn -0.9708 -0.2051 -0.1242
vn 0.0028 0.9999 0.0135
vn -0.0917 0.9957 0.0142
vn -0.5011 0.8652 0.0159
vn 0.0046 0.9976 0.0696
vn -0.4257 0.9018 0.0748
vn -0.1141 0.9907 0.0735
vn -0.0478 0.9937 0.1010
vn -0.0174 0.9939 0.1089
vn -0.4794 0.8736 0.0835
vn -0.7169 0.6943 0.0626
vn -0.9618 0.2711 -0.0369
vn -0.0002 -0.9999 0.0124
vn -0.0006 -0.9999 0.0124
vn -1.0000 -0.0000 -0.0000
vn -0.9569 -0.2905 -0.0003
vn -0.4580 0.8888 0.0157
vn -0.0974 0.9951 0.0142
vn 0.0037 0.9999 0.0135
vn -0.0860 0.9926 -0.0859
vn -0.1192 -0.1061 0.9872
vn -0.0251 0.3393 0.9403
vn -0.1224 0.3617 0.9242
vn 0.0001 -1.0000 -0.0000
vn 0.9520 -0.3060 -0.0000
vn -0.0243 0.2307 0.9727
vn 0.0003 1.0000 -0.0000
vn -0.0236 0.2190 0.9754
vn -0.0219 0.2451 0.9692
vn -0.0224 0.2284 0.9733
vn 0.9860 -0.1670 -0.0000
vn -0.0003 -1.0000 -0.0000
vn -0.1209 0.2628 0.9573
vn -0.1158 0.2544 0.9601
vn -0.1272 0.2510 0.9596
vn -0.1215 0.2435 0.9623
vn -0.1214 0.2489 0.9609
vn 0.9520 -0.3062 -0.0000
vn -0.9874 0.1585 -0.0000
vn 0.0001 1.0000 -0.0000
vn -0.9043 0.4212 0.0695
vn -0.9535 0.2950 0.0612
vn -0.7249 0.6790 0.1161
vn -0.9460 0.3220 -0.0364
vn -0.7847 0.6176 -0.0526
vn -0.9574 -0.2886 -0.0034
vn -0.9669 0.2546 -0.0156
vn -0.8317 0.5552 0.0110
vn -0.8396 0.5149 -0.1729
vn -0.8047 0.5888 -0.0765
vn -0.8567 0.4913 -0.1571
vn -0.7354 0.6679 0.1142
vn -0.9413 0.3304 0.0688
vn -0.9045 0.4208 0.0695
vn -1.0000 0.0012 -0.0093
vn -0.9391 0.3383 -0.0608
vn -0.9374 0.3336 0.1002
vn -0.9673 0.2537 -0.0008
vn -0.9522 0.2929 0.0871
vn -0.0308 0.0150 -0.9994
vn -0.9519 0.2985 -0.0691
vn -0.2219 0.0764 -0.9721
vn -0.9611 0.2714 -0.0510
vn -0.2222 0.0585 -0.9732
vn -0.1210 0.2591 0.9582
vn -0.1270 0.2565 0.9582
vn -0.1159 0.2486 0.9616
vn -0.0466 0.9947 0.0914
vn -0.0466 0.9986 0.0256
vn -0.0360 0.9938 0.1052
vn -0.0230 0.9890 0.1462
vn -0.0273 0.9965 -0.0788
vn -0.1220 -0.3347 0.9344
vn -0.0706 -0.9446 -0.3206
vn -0.2233 0.3255 -0.9188
vn -0.0503 0.8701 0.4902
vn 0.1151 0.5226 -0.8447
vn -0.1689 0.7343 -0.6575
vn -0.0861 0.7153 0.6934
vn -0.2287 -0.0662 -0.9712
vn -0.2328 0.0607 -0.9706
vn -0.0015 -0.9998 0.0211
vn -0.0290 -0.9477 -0.3179
vn -0.0916 0.9927 -0.0781
vn -0.9625 0.2616 -0.0712
vn -0.0097 0.9945 -0.1042
vn -0.0787 0.9959 -0.0457
vn -0.0268 -0.9556 -0.2934
vn -0.6249 0.7793 -0.0478
vn -0.9374 -0.3096 -0.1598
vn -0.0037 -0.9608 -0.2773
vn -0.9637 0.2609 -0.0566
vn -0.9170 0.3922 -0.0726
vn -0.9712 -0.2368 0.0275
vn 0.0464 0.9807 0.1899
vn -0.9621 0.2575 0.0895
vn -0.9375 -0.3392 -0.0772
vn -0.9397 -0.3419 -0.0076
vn 0.1543 0.9356 0.3175
vn 0.0111 0.8779 0.4786
vn -0.9462 -0.2988 -0.1243
vn -0.9146 -0.4041 0.0130
vn 0.0272 0.9994 -0.0214
vn -0.0274 0.2758 -0.9608
vn -0.9488 0.2995 -0.1002
vn 0.1157 0.3262 0.9382
vn 0.0066 0.9402 0.3406
vn -0.9561 -0.2770 0.0958
vn -0.1585 -0.0569 0.9857
vn -0.1751 0.0478 0.9834
vn -0.9490 -0.3124 -0.0419
vn -0.0469 -0.7128 -0.6998
vn -0.0046 0.9862 0.1657
vn 0.0072 0.9955 -0.0944
vn -0.9678 0.2088 0.1405
vn -0.1931 -0.6301 0.7521
vn 0.1709 0.4798 0.8606
vn -0.0081 -0.8792 -0.4764
vn -0.0386 -0.8539 -0.5190
vn -0.6120 -0.7907 0.0142
vn -0.0299 -0.3022 0.9528
vn -0.6784 -0.7326 -0.0560
vn -0.7086 -0.6863 -0.1638
vn -0.2229 -0.3354 0.9153
vn -0.5510 -0.8317 -0.0676
vn 0.0621 0.8577 0.5104
vn -0.5043 -0.8469 -0.1687
vn 0.0451 0.5344 -0.8440
vn -0.0432 0.9815 0.1866
vn -0.0151 -0.7700 -0.6379
vn -0.0318 -0.0289 0.9991
vn -0.0313 -0.0097 0.9995
vn 0.5882 -0.7637 0.2658
vn -0.1223 0.2992 -0.9463
vn 0.0042 0.9999 0.0140
vn -0.1225 -0.2370 -0.9638
vn -0.0383 0.3695 -0.9284
vn 0.0063 0.9995 0.0297
vn 0.0033 -0.3980 -0.9174
vn -0.5439 -0.8391 0.0086
vn -0.9542 0.2993 0.0007
vn 0.0770 0.9970 -0.0057
vn -0.9761 -0.2175 -0.0039
vn 0.0037 -0.9997 0.0228
vn -0.0044 -0.9982 0.0600
vn -0.6704 -0.7411 0.0357
vn -0.0256 -0.5884 0.8082
vn -0.4180 -0.8962 -0.1485
vn 0.0038 -0.9892 -0.1466
vn -0.1479 -0.9776 -0.1499
vn -0.0242 -0.9967 -0.0775
vn -0.0161 -0.9922 -0.1237
vn -0.0096 -0.9860 -0.1666
vn -0.0234 -0.9879 -0.1530
vn -0.0368 -0.9926 -0.1153
vn -0.0525 -0.9967 -0.0614
vn -0.6383 -0.7697 0.0091
vn 0.0754 0.9972 0.0002
vn -0.0030 -0.9971 0.0757
vn -0.7111 -0.6982 0.0821
vn -0.6198 -0.7299 -0.2884
vn -0.7617 -0.6156 -0.2019
vn -0.4888 -0.7953 -0.3585
vn -0.8838 -0.4552 0.1083
vn -0.8915 -0.4486 0.0630
vn -0.9813 0.1927 0.0001
vn -0.9811 0.1935 0.0001
vn 0.6073 -0.7452 -0.2754
vn -0.0672 -0.1979 -0.9779
vn -0.9618 0.1995 0.1875
vn -0.1254 -0.0494 -0.9909
vn -0.9811 0.1934 0.0002
vn -0.8837 -0.4610 0.0809
vn -0.5965 -0.7986 -0.0801
vn 0.0737 0.9973 -0.0001
vn -0.0420 -0.4019 0.9147
vn 0.0593 -0.4269 0.9023
vn 0.0030 -0.9999 -0.0137
vn -0.0857 -0.9962 -0.0157
vn -0.4982 -0.8669 -0.0174
vn 0.0049 -0.9976 -0.0694
vn -0.4401 -0.8949 -0.0744
vn -0.1112 -0.9911 -0.0735
vn -0.0478 -0.9937 -0.1011
vn -0.0174 -0.9939 -0.1090
vn -0.4956 -0.8647 -0.0824
vn -0.6787 -0.7315 -0.0654
vn 0.1485 0.9403 -0.3062
vn -0.9446 -0.3251 0.0446
vn 0.1241 0.3642 0.9230
vn -0.0447 0.3647 -0.9300
vn -0.0333 0.9363 -0.3495
vn 0.0950 -0.0257 0.9951
vn -0.0401 0.9404 0.3376
vn 0.0068 0.9951 0.0991
vn 0.0246 0.9997 0.0003
vn 0.0210 0.9994 -0.0269
vn -0.9983 -0.0560 -0.0166
vn -0.9998 -0.0165 0.0113
vn -0.9816 0.1908 0.0002
vn 0.0789 0.9969 0.0005
vn -0.4695 -0.8828 -0.0168
vn -0.0933 -0.9955 -0.0145
vn 0.0039 -0.9999 -0.0134
vn -0.0653 -0.9948 0.0785
vn -0.0021 0.7474 -0.6644
vn -0.1448 0.8481 -0.5098
vn -0.0955 0.8084 -0.5808
vn 0.0246 -0.4207 0.9069
vn 0.1182 -0.4573 0.8814
vn -0.0695 0.0282 -0.9972
vn -0.0145 0.8550 0.5185
vn 0.1496 -0.7171 0.6808
vn 0.3448 0.2868 0.8938
vn 0.0333 0.3556 0.9341
vn 0.8710 0.2185 0.4400
vn -0.9839 -0.1117 0.1393
vn -0.0131 -0.9474 -0.3199
vn 0.0368 -0.9532 0.3001
vn 0.0280 0.2563 0.9662
vn -0.0123 -0.5622 -0.8269
vn -0.0075 -0.2006 -0.9796
vn 0.2084 0.2286 0.9510
vn 0.0385 0.8151 0.5780
vn 0.4191 -0.0806 -0.9043
vn -0.1163 -0.6253 -0.7716
vn -0.1108 0.1769 -0.9780
vn -0.9535 -0.0670 0.2939
vn -0.1447 -0.2183 -0.9651
vn 0.5108 0.3078 0.8028
vn -0.7549 0.0248 0.6554
vn 0.1124 -0.9809 0.1586
vn -0.9059 -0.4178 -0.0690
vn -0.9537 -0.2944 -0.0612
vn -0.7204 -0.6837 -0.1166
vn -0.9498 -0.3108 0.0361
vn -0.7783 -0.6257 0.0520
vn -0.9552 0.2960 0.0029
vn -0.9670 -0.2542 0.0155
vn -0.8650 -0.5018 -0.0074
vn -0.8419 -0.5116 0.1717
vn -0.8102 -0.5811 0.0767
vn -0.8564 -0.4920 0.1566
vn -0.7370 -0.6659 -0.1157
vn -0.9412 -0.3305 -0.0697
vn -0.9085 -0.4120 -0.0697
vn -0.0390 0.9327 0.3585
vn 0.7266 -0.6455 -0.2351
vn -0.9348 -0.3501 0.0595
vn -0.9340 -0.3418 -0.1037
vn -0.9627 -0.2707 0.0008
vn -0.9482 -0.3054 -0.0874
vn -0.0302 -0.0152 0.9994
vn -0.9551 -0.2951 -0.0276
vn -0.1410 -0.0627 0.9880
vn -0.9614 -0.2702 0.0516
vn -0.2230 -0.0595 0.9730
vn 0.0970 0.9233 0.3717
vn -0.0220 -0.9734 0.2279
vn -0.0691 -0.2210 -0.9728
vn 0.0305 -0.5546 -0.8316
vn -0.0348 -0.6847 -0.7280
vn 0.1403 -0.6340 0.7605
vn 0.1116 0.9310 0.3476
vn 0.0769 -0.4649 0.8820
vn 0.0586 0.8694 0.4906
vn 0.1242 0.8487 0.5141
vn 0.1021 0.9493 0.2973
vn -0.0624 -0.1057 0.9924
vn 0.1110 0.9314 -0.3468
vn 0.0980 0.3712 -0.9234
vn -0.0392 0.3794 0.9244
vn -0.0331 0.9499 -0.3109
vn -0.0362 -0.9951 -0.0921
vn 0.0364 0.2525 0.9669
vn 0.0925 -0.0995 -0.9907
vn -0.0499 -0.9976 -0.0486
vn -0.0257 -0.9941 -0.1053
vn -0.0146 -0.9894 -0.1442
vn -0.0190 -0.9990 0.0396
vn 0.1220 0.3578 -0.9258
vn -0.0639 0.3057 -0.9500
vn -0.0078 0.9678 0.2517
vn -0.0247 -0.0241 -0.9994
vn -0.1633 -0.2815 0.9456
vn -0.0505 -0.8671 -0.4955
vn 0.1790 -0.6778 0.7132
vn -0.1450 -0.7227 0.6757
vn -0.0831 -0.7389 -0.6687
vn -0.2284 0.0283 0.9732
vn -0.2337 -0.0575 0.9706
vn -0.0418 0.3310 0.9427
vn 0.0119 0.9999 -0.0048
vn -0.0330 0.9467 0.3204
vn 0.0289 0.9880 0.1518
vn 0.0487 0.9488 0.3120
vn -0.0917 -0.9927 0.0780
vn -0.9628 -0.2608 0.0713
vn -0.0096 -0.9945 0.1043
vn -0.0355 -0.9980 0.0515
vn -0.0268 0.9556 0.2935
vn -0.6216 -0.7820 0.0454
vn -0.9493 0.2962 0.1051
vn -0.0037 0.9608 0.2774
vn -0.9598 -0.2755 0.0545
vn -0.9252 -0.3722 0.0732
vn 0.9712 -0.2368 0.0275
vn -0.0464 0.9807 0.1899
vn 0.9621 0.2575 0.0895
vn 0.9375 -0.3392 -0.0772
vn 0.9397 -0.3419 -0.0076
vn -0.1543 0.9356 0.3175
vn -0.0111 0.8779 0.4786
vn 0.9462 -0.2988 -0.1243
vn 0.9146 -0.4041 0.0130
vn -0.0272 0.9994 -0.0214
vn 0.0274 0.2758 -0.9608
vn 0.9488 0.2995 -0.1002
vn -0.1157 0.3262 0.9382
vn -0.0066 0.9402 0.3406
vn 0.9561 -0.2770 0.0958
vn 0.1585 -0.0569 0.9857
vn 0.1751 0.0478 0.9834
vn 0.9490 -0.3124 -0.0419
vn 0.0469 -0.7128 -0.6998
vn 0.0046 0.9862 0.1657
vn -0.0072 0.9955 -0.0944
vn 0.9678 0.2088 0.1405
vn 0.1931 -0.6301 0.7521
vn -0.1709 0.4798 0.8606
vn 0.0081 -0.8792 -0.4764
vn 0.0386 -0.8539 -0.5190
vn 0.6120 -0.7907 0.0142
vn 0.0299 -0.3022 0.9528
vn 0.6784 -0.7326 -0.0560
vn 0.7086 -0.6863 -0.1638
vn 0.2229 -0.3354 0.9153
vn 0.5510 -0.8317 -0.0676
vn -0.0621 0.8577 0.5104
vn 0.5043 -0.8469 -0.1687
vn -0.0451 0.5344 -0.8440
vn 0.0432 0.9815 0.1866
vn 0.0151 -0.7700 -0.6379
vn 0.0318 -0.0289 0.9991
vn 0.0313 -0.0097 0.9995
vn -0.5883 -0.7637 0.2658
vn 0.1223 0.2992 -0.9463
vn -0.0042 0.9999 0.0140
vn 0.1225 -0.2370 -0.9638
vn 0.0383 0.3695 -0.9284
vn -0.0063 0.9995 0.0297
vn -0.0033 -0.3980 -0.9174
vn 0.5439 -0.8391 0.0086
vn 0.9542 0.2993 0.0007
vn -0.0770 0.9970 -0.0057
vn 0.9761 -0.2175 -0.0039
vn -0.0037 -0.9997 0.0228
vn 0.0044 -0.9982 0.0600
vn 0.6704 -0.7411 0.0357
vn 0.0256 -0.5884 0.8082
vn 0.4180 -0.8962 -0.1485
vn -0.0038 -0.9892 -0.1466
vn 0.1479 -0.9776 -0.1499
vn 0.0242 -0.9967 -0.0775
vn 0.0161 -0.9922 -0.1237
vn 0.0096 -0.9860 -0.1666
vn 0.0234 -0.9879 -0.1530
vn 0.0368 -0.9926 -0.1153
vn 0.0525 -0.9967 -0.0614
vn 0.6383 -0.7697 0.0091
vn -0.0754 0.9972 0.0002
vn 0.0030 -0.9971 0.0757
vn 0.7111 -0.6982 0.0821
vn 0.6198 -0.7299 -0.2884
vn 0.7617 -0.6156 -0.2019
vn 0.4888 -0.7953 -0.3585
vn 0.8838 -0.4552 0.1083
vn 0.8915 -0.4486 0.0630
vn 0.9813 0.1927 0.0001
vn 0.9811 0.1935 0.0001
vn -0.6073 -0.7452 -0.2754
vn 0.0672 -0.1979 -0.9779
vn 0.9618 0.1995 0.1875
vn 0.1254 -0.0494 -0.9909
vn 0.9811 0.1934 0.0002
vn 0.8837 -0.4610 0.0809
vn 0.5965 -0.7986 -0.0801
vn -0.0737 0.9973 -0.0001
vn 0.0420 -0.4019 0.9147
vn -0.0593 -0.4269 0.9023
vn -0.0030 -0.9999 -0.0137
vn 0.0857 -0.9962 -0.0157
vn 0.4982 -0.8669 -0.0174
vn -0.0049 -0.9976 -0.0694
vn 0.4401 -0.8949 -0.0744
vn 0.1112 -0.9911 -0.0735
vn 0.0478 -0.9937 -0.1011
vn 0.0174 -0.9939 -0.1090
vn 0.4956 -0.8647 -0.0824
vn 0.6787 -0.7315 -0.0654
vn -0.1485 0.9403 -0.3062
vn 0.9446 -0.3251 0.0446
vn -0.1241 0.3642 0.9230
vn 0.0447 0.3647 -0.9300
vn 0.0333 0.9363 -0.3495
vn -0.0950 -0.0257 0.9951
vn 0.0401 0.9404 0.3376
vn -0.0068 0.9951 0.0991
vn -0.0246 0.9997 0.0003
vn -0.0210 0.9994 -0.0269
vn 0.9983 -0.0560 -0.0166
vn 0.9998 -0.0165 0.0113
vn 0.9816 0.1908 0.0002
vn -0.0789 0.9969 0.0005
vn 0.4695 -0.8828 -0.0168
vn 0.0933 -0.9955 -0.0145
vn -0.0039 -0.9999 -0.0134
vn 0.0653 -0.9948 0.0785
vn 0.0021 0.7474 -0.6644
vn 0.1448 0.8481 -0.5097
vn 0.0955 0.8084 -0.5808
vn -0.0246 -0.4207 0.9069
vn -0.1182 -0.4573 0.8814
vn 0.0695 0.0282 -0.9972
vn 0.0145 0.8550 0.5185
vn -0.1496 -0.7171 0.6808
vn -0.3448 0.2868 0.8938
vn -0.0333 0.3556 0.9341
vn -0.8710 0.2185 0.4400
vn 0.9839 -0.1117 0.1394
vn 0.0131 -0.9474 -0.3199
vn -0.0368 -0.9532 0.3001
vn -0.0280 0.2563 0.9662
vn 0.0123 -0.5622 -0.8269
vn 0.0075 -0.2006 -0.9796
vn -0.2084 0.2286 0.9510
vn -0.0385 0.8152 0.5780
vn -0.4191 -0.0806 -0.9043
vn 0.1163 -0.6253 -0.7717
vn 0.1108 0.1769 -0.9780
vn 0.9535 -0.0670 0.2939
vn 0.1447 -0.2183 -0.9651
vn -0.5108 0.3078 0.8028
vn 0.7549 0.0248 0.6554
vn -0.1124 -0.9809 0.1586
vn 0.9059 -0.4178 -0.0690
vn 0.9537 -0.2944 -0.0612
vn 0.7204 -0.6837 -0.1166
vn 0.9498 -0.3108 0.0361
vn 0.7783 -0.6257 0.0520
vn 0.9552 0.2960 0.0029
vn 0.9670 -0.2542 0.0155
vn 0.8650 -0.5018 -0.0074
vn 0.8419 -0.5116 0.1717
vn 0.8102 -0.5811 0.0767
vn 0.8564 -0.4920 0.1566
vn 0.7370 -0.6659 -0.1157
vn 0.9412 -0.3305 -0.0697
vn 0.9085 -0.4120 -0.0697
vn 0.0390 0.9327 0.3585
vn -0.7266 -0.6455 -0.2351
vn 0.9348 -0.3501 0.0595
vn 0.9340 -0.3418 -0.1037
vn 0.9627 -0.2707 0.0008
vn 0.9482 -0.3054 -0.0874
vn 0.0302 -0.0152 0.9994
vn 0.9551 -0.2951 -0.0276
vn 0.1410 -0.0627 0.9880
vn 0.9614 -0.2702 0.0516
vn 0.2230 -0.0595 0.9730
vn -0.0970 0.9233 0.3717
vn 0.0220 -0.9734 0.2279
vn 0.0691 -0.2210 -0.9728
vn -0.0305 -0.5546 -0.8316
vn 0.0348 -0.6847 -0.7280
vn -0.1403 -0.6340 0.7605
vn -0.1116 0.9310 0.3476
vn -0.0769 -0.4649 0.8820
vn -0.0586 0.8694 0.4906
vn -0.1242 0.8487 0.5141
vn -0.1021 0.9493 0.2973
vn 0.0624 -0.1057 0.9924
vn -0.1110 0.9314 -0.3468
vn -0.0980 0.3712 -0.9234
vn 0.0392 0.3794 0.9244
vn 0.0331 0.9499 -0.3109
vn 0.0362 -0.9951 -0.0921
vn -0.0364 0.2525 0.9669
vn -0.0925 -0.0995 -0.9907
vn 0.0499 -0.9976 -0.0486
vn 0.0257 -0.9941 -0.1053
vn 0.0146 -0.9894 -0.1442
vn 0.0190 -0.9990 0.0396
vn -0.1220 0.3578 -0.9258
vn 0.0639 0.3057 -0.9500
vn 0.0078 0.9678 0.2517
vn 0.0247 -0.0241 -0.9994
vn 0.1633 -0.2815 0.9456
vn 0.0505 -0.8671 -0.4955
vn -0.1790 -0.6778 0.7132
vn 0.1450 -0.7227 0.6757
vn 0.0831 -0.7389 -0.6687
vn 0.2284 0.0283 0.9732
vn 0.2337 -0.0575 0.9706
vn 0.0418 0.3310 0.9427
vn -0.0119 0.9999 -0.0048
vn 0.0330 0.9467 0.3204
vn -0.0289 0.9880 0.1518
vn -0.0487 0.9488 0.3120
vn 0.0917 -0.9927 0.0780
vn 0.9628 -0.2608 0.0713
vn 0.0096 -0.9945 0.1043
vn 0.0355 -0.9980 0.0515
vn 0.0268 0.9556 0.2935
vn 0.6216 -0.7820 0.0454
vn 0.9493 0.2962 0.1051
vn 0.0037 0.9608 0.2774
vn 0.9598 -0.2755 0.0545
vn 0.9252 -0.3722 0.0732
vn -0.3183 -0.4489 -0.8349
vn -0.0622 -0.8999 -0.4316
vn -0.4358 0.2192 0.8729
vn -0.1195 0.0995 0.9878
vn 0.2035 -0.1736 -0.9636
vn 0.1049 -0.0796 -0.9913
vn 0.3434 -0.2404 0.9079
vn 0.0186 -0.1484 0.9888
vn -0.7177 0.4005 0.5696
vn -0.6411 0.4746 0.6031
vn -0.8346 0.2920 0.4670
vn -0.3680 0.5806 -0.7263
vn -0.5693 0.5620 -0.6000
vn -0.4584 0.4744 -0.7516
vn 0.2922 0.9564 0.0007
vn 0.2932 0.9561 0.0003
vn 0.8230 -0.3277 -0.4640
vn 0.6267 -0.4284 -0.6509
vn 0.7399 -0.3919 -0.5467
vn 0.2725 -0.1739 -0.9463
vn 0.8992 -0.4339 -0.0564
vn 0.0489 -0.0804 -0.9956
vn 0.0216 0.1267 -0.9917
vn 0.8479 -0.5298 -0.0199
vn 0.9023 -0.4301 -0.0303
vn 0.2871 0.9579 0.0013
vn -0.0118 0.1227 0.9924
vn -0.1692 0.3500 0.9214
vn -0.6102 0.7781 0.1487
vn -0.6310 0.7659 0.1230
vn -0.0099 -0.0810 0.9967
vn -0.2857 -0.9583 -0.0014
vn -0.0027 0.0654 0.9979
vn 0.4472 -0.5044 0.7387
vn 0.3877 -0.4994 0.7748
vn 0.5700 -0.8101 0.1376
vn 0.5631 -0.8264 -0.0018
vn -0.0237 0.0064 0.9997
vn 0.2136 -0.3185 0.9235
vn 0.0002 0.0602 0.9982
vn -0.1264 -0.8735 -0.4702
vn -0.4122 0.0958 0.9061
vn 0.3183 -0.4489 -0.8349
vn 0.0622 -0.8999 -0.4316
vn 0.4358 0.2192 0.8729
vn 0.1195 0.0995 0.9878
vn -0.2035 -0.1736 -0.9636
vn -0.1049 -0.0796 -0.9913
vn -0.3434 -0.2404 0.9079
vn -0.0186 -0.1484 0.9888
vn 0.7177 0.4005 0.5696
vn 0.6411 0.4746 0.6031
vn 0.8346 0.2920 0.4670
vn 0.3680 0.5806 -0.7263
vn 0.5693 0.5620 -0.6000
vn 0.4584 0.4744 -0.7516
vn -0.2922 0.9564 0.0007
vn -0.2932 0.9561 0.0003
vn -0.8230 -0.3277 -0.4640
vn -0.6267 -0.4284 -0.6509
vn -0.7399 -0.3919 -0.5467
vn -0.2725 -0.1739 -0.9463
vn -0.8992 -0.4339 -0.0564
vn -0.0489 -0.0804 -0.9956
vn -0.0216 0.1267 -0.9917
vn -0.8479 -0.5298 -0.0199
vn -0.9023 -0.4301 -0.0303
vn -0.2871 0.9579 0.0013
vn 0.0118 0.1227 0.9924
vn 0.1692 0.3500 0.9214
vn 0.6102 0.7781 0.1487
vn 0.6310 0.7659 0.1230
vn 0.0099 -0.0810 0.9967
vn 0.2857 -0.9583 -0.0014
vn 0.0027 0.0654 0.9979
vn -0.4472 -0.5044 0.7387
vn -0.3877 -0.4994 0.7748
vn -0.5700 -0.8101 0.1376
vn -0.5631 -0.8264 -0.0018
vn 0.0237 0.0064 0.9997
vn -0.2136 -0.3185 0.9235
vn -0.0002 0.0602 0.9982
vn 0.1264 -0.8735 -0.4702
vn 0.4122 0.0958 0.9061
vt 0.500000 0.724066
vt 0.625000 0.724066
vt 0.625000 0.750000
vt 0.500000 0.750000
vt 0.349171 0.724066
vt 0.375000 0.724066
vt 0.375000 0.750000
vt 0.349171 0.750000
vt 0.412949 0.724066
vt 0.412950 0.750000
vt 0.625000 0.500000
vt 0.500000 0.775829
vt 0.500000 0.775829
vt 0.500000 0.875000
vt 0.500000 0.812500
vt 0.500000 0.775829
vt 0.500000 0.775829
vt 0.500000 0.375000
vt 0.500000 0.437500
vt 0.552365 0.500000
vt 0.500000 0.500000
vt 0.552365 0.500000
vt 0.552365 0.474171
vt 0.625000 0.474171
vt 0.500000 0.474171
vt 0.500000 0.474171
vt 0.552365 0.500000
vt 0.625000 0.775829
vt 0.625000 0.775829
vt 0.312500 0.500000
vt 0.250000 0.500000
vt 0.500000 0.500000
vt 0.625000 0.474171
vt 0.625000 0.437500
vt 0.650829 0.724066
vt 0.687500 0.724066
vt 0.650829 0.724066
vt 0.625000 0.875000
vt 0.625000 0.812500
vt 0.625000 0.375000
vt 0.750000 0.724066
vt 0.349171 0.500000
vt 0.349171 0.500000
vt 0.552365 0.375000
vt 0.552365 0.437500
vt 0.412950 0.775829
vt 0.500000 0.775829
vt 0.412950 0.812500
vt 0.250000 0.724066
vt 0.312500 0.724066
vt 0.312500 0.750000
vt 0.250000 0.750000
vt 0.000000 0.000000
vt 0.250000 0.717514
vt 0.312500 0.717514
vt 0.625000 0.724066
vt 0.412949 0.717514
vt 0.500000 0.717515
vt 0.349171 0.717514
vt 0.375000 0.717514
vt 0.625000 0.719012
vt 0.650829 0.500000
vt 0.650829 0.500000
vt 0.750000 0.500000
vt 0.687500 0.500000
vt 0.687500 0.500000
vt 0.750000 0.750000
vt 0.687500 0.750000
vt 0.650829 0.750000
vt 0.650829 0.750000
vt 0.650829 0.750000
vt 0.349171 0.606979
vt 0.375000 0.606979
vt 0.375000 0.713958
vt 0.349171 0.713958
vt 0.250000 0.606979
vt 0.312500 0.606979
vt 0.312500 0.713958
vt 0.250000 0.713958
vt 0.687500 0.500000
vt 0.625000 0.500000
vt 0.625000 0.500000
vt 0.625000 0.562303
vt 0.625000 0.567217
vt 0.625000 0.656338
vt 0.625000 0.656023
vt 0.625000 0.719012
vt 0.625000 0.500000
vt 0.412950 0.606979
vt 0.412950 0.713958
vt 0.375000 0.775829
vt 0.375000 0.812500
vt 0.412950 0.500000
vt 0.375000 0.500000
vt 0.500000 0.474171
vt 0.750000 0.500000
vt 0.625000 0.500000
vt 0.625000 0.500000
vt 0.412950 0.474171
vt 0.375000 0.474171
vt 0.406250 0.781250
vt 0.412950 0.437500
vt 0.625000 0.775829
vt 0.618192 0.776211
vt 0.618178 0.810428
vt 0.618202 0.752110
vt 0.506800 0.752013
vt 0.506809 0.776194
vt 0.506823 0.810525
vt 0.552365 0.500000
vt 0.261824 0.209460
vt 0.261824 0.209459
vt 0.625000 0.500000
vt 0.375000 0.437500
vt 0.650829 0.500000
s 0
usemtl 
f 53/1/1 52/2/1 4/3/1 1/4/1
f 227/5/2 51/6/2 3/7/2 212/8/2
f 94/9/3 53/1/3 1/4/3 92/10/3
f 123/4/4 122/3/4 9/3/4 8/4/4
f 257/11/5 22/11/5 35/11/5 260/11/5
f 238/12/6 123/4/6 8/4/6 213/13/6
f 11/14/7 40/15/7 153/15/7 154/14/7
f 8/4/8 9/3/8 13/3/8 10/4/8
f 96/11/9 19/11/9 33/11/9 99/11/9
f 223/16/10 14/4/10 16/4/10 224/17/10
f 40/15/11 11/14/11 17/14/11 43/15/11
f 8/4/12 10/4/12 16/4/12 14/4/12
f 213/13/13 8/4/13 14/4/13 223/16/13
f 24/18/14 46/19/14 138/19/14 140/18/14
f 208/20/15 97/21/15 18/21/15 204/22/15
f 214/25/17 21/21/17 27/21/17 217/26/17
f 222/28/19 13/3/19 31/3/19 225/29/19
f 261/19/20 258/18/20 26/18/20 47/19/20
f 39/30/21 6/31/21 134/31/21 133/30/21
f 256/21/22 18/21/22 25/21/22 259/32/22
f 218/33/23 50/34/23 62/34/23 229/33/23
f 226/35/24 57/36/24 82/36/24 233/37/24
f 32/38/25 49/39/25 79/39/25 80/38/25
f 225/29/26 31/3/26 81/3/26 232/29/26
f 260/11/27 35/11/27 63/11/27 263/11/27
f 45/34/28 23/40/28 34/40/28 50/34/28
f 122/3/29 4/3/29 28/3/29 124/3/29
f 13/3/30 9/3/30 29/3/30 31/3/30
f 215/24/31 45/34/31 50/34/31 218/33/31
f 124/3/32 28/3/32 72/3/32 127/3/32
f 57/36/33 56/41/33 75/41/33 82/36/33
f 31/3/34 29/3/34 78/3/34 81/3/34
f 220/42/21 39/30/21 133/30/21 242/43/21
f 267/26/35 261/19/35 47/19/35 217/26/35
f 12/38/36 41/39/36 49/39/36 32/38/36
f 20/18/37 44/19/37 47/19/37 26/18/37
f 205/44/38 23/40/38 45/34/38 207/45/38
f 18/21/39 97/21/39 137/21/39 136/21/39
f 221/12/40 40/15/40 43/15/40 224/17/40
f 15/14/41 42/15/41 43/15/41 17/14/41
f 10/4/42 13/3/42 156/3/42 157/4/42
f 235/46/43 219/47/43 37/15/43 93/48/43
f 54/49/2 58/50/2 38/51/2 7/52/2
f 2/53/44 91/53/44 131/53/44 130/53/44
f 102/54/2 104/55/2 58/50/2 54/49/2
f 4/3/45 52/2/45 55/56/45 28/3/45
f 113/57/46 101/58/46 53/1/46 94/9/46
f 236/59/2 98/60/2 51/6/2 227/5/2
f 101/58/47 100/61/47 52/2/47 53/1/47
f 266/62/48 263/11/48 63/11/48 229/63/48
f 262/64/49 264/65/49 62/65/49 64/64/49
f 99/11/50 33/11/50 60/11/50 105/11/50
f 50/34/51 34/40/51 64/40/51 62/34/51
f 108/11/52 84/11/52 69/11/52 107/11/52
f 85/66/53 86/64/53 70/64/53 68/65/53
f 84/11/54 85/66/54 68/65/54 69/11/54
f 82/36/55 75/41/55 74/67/55 73/68/55
f 128/68/56 126/67/56 77/67/56 76/68/56
f 76/68/57 77/67/57 80/67/57 79/68/57
f 231/69/58 76/68/58 79/68/58 232/70/58
f 237/71/59 128/68/59 76/68/59 231/69/59
f 233/37/60 82/36/60 73/68/60 230/71/60
f 28/3/61 55/56/61 71/56/61 72/3/61
f 245/72/2 145/73/2 30/74/2 234/75/2
f 146/76/2 147/77/2 83/78/2 48/79/2
f 67/64/62 115/64/62 119/80/62 65/65/62
f 66/11/63 117/81/63 120/82/63 106/82/63
f 109/83/64 87/84/64 88/85/64 110/86/64
f 103/87/65 110/86/65 88/85/65 55/56/65
f 109/83/66 107/11/66 69/11/66 87/84/66
f 111/88/67 90/82/67 66/11/67 106/82/67
f 105/11/68 60/11/68 89/11/68 112/11/68
f 145/73/69 148/89/69 95/90/69 30/74/69
f 98/60/70 113/57/70 94/9/70 51/6/70
f 198/32/71 2/21/71 130/21/71 199/32/71
f 212/91/72 235/46/72 93/48/72 38/92/72
f 51/6/73 94/9/73 92/10/73 3/7/73
f 91/93/74 5/94/74 132/94/74 131/93/74
f 30/74/75 95/90/75 113/57/75 98/60/75
f 90/82/76 111/88/76 112/11/76 89/11/76
f 52/2/77 100/61/77 103/87/77 55/56/77
f 234/75/2 30/74/2 98/60/2 236/59/2
f 48/79/2 83/78/2 104/55/2 102/54/2
f 216/26/14 25/21/14 139/21/14 241/95/14
f 25/21/78 18/21/78 136/21/78 139/21/78
f 150/64/79 151/80/79 119/80/79 115/64/79
f 151/80/80 152/11/80 117/81/80 119/80/80
f 152/11/81 149/11/81 120/82/81 117/81/81
f 118/80/82 114/96/82 86/64/82 85/66/82
f 121/97/83 116/98/83 84/11/83 108/11/83
f 116/98/84 118/80/84 85/66/84 84/11/84
f 230/71/85 73/68/85 128/68/85 237/71/85
f 73/68/86 74/67/86 126/67/86 128/68/86
f 29/3/87 124/3/87 127/3/87 78/3/87
f 9/3/88 122/3/88 124/3/88 29/3/88
f 219/47/89 1/4/89 123/4/89 238/12/89
f 1/4/90 4/3/90 122/3/90 123/4/90
f 243/99/91 239/26/91 130/21/91 131/93/91
f 240/95/92 135/19/92 138/19/92 241/95/92
f 244/25/93 141/19/93 135/19/93 240/95/93
f 242/100/94 243/99/94 131/93/94 132/94/94
f 254/25/95 200/19/95 141/19/95 244/25/95
f 133/30/96 134/31/96 140/18/96 138/19/96
f 143/101/97 144/92/97 7/52/97 38/51/97
f 42/15/98 15/14/98 144/92/98 143/101/98
f 138/19/99 135/19/99 141/19/99 200/19/99 129/19/99 142/102/99 133/30/99
f 42/15/99 143/101/99 38/51/99 93/48/99 37/15/99 125/15/99 36/15/99
f 5/94/100 91/93/100 148/89/100 145/73/100
f 6/31/2 39/30/2 147/77/2 146/76/2
f 220/42/2 5/94/2 145/73/2 245/72/2
f 116/98/101 121/97/101 149/11/101 152/11/101
f 118/80/102 116/98/102 152/11/102 151/80/102
f 114/96/103 118/80/103 151/80/103 150/64/103
f 65/65/104 119/80/104 117/81/104 66/11/104
f 158/39/2 155/38/2 161/38/2 180/39/2
f 247/103/2 158/39/2 180/39/2 249/29/2
f 221/12/105 10/4/105 157/4/105 246/47/105
f 41/39/106 12/38/106 155/38/106 158/39/106
f 222/28/107 41/39/107 158/39/107 247/103/107
f 180/39/108 161/38/108 167/38/108 168/39/108
f 251/104/109 164/105/109 184/105/109 253/104/109
f 246/47/108 157/4/108 178/4/108 248/47/108
f 157/4/110 156/3/110 177/3/110 178/4/110
f 154/14/108 153/15/108 179/15/108 160/14/108
f 165/15/111 168/39/111 172/39/111 169/15/111
f 179/15/108 180/39/108 168/39/108 165/15/108
f 160/14/108 179/15/108 165/15/108 166/14/108
f 170/14/112 169/15/112 173/15/112 174/14/112
f 168/39/113 167/38/113 171/38/113 172/39/113
f 166/14/114 165/15/114 169/15/114 170/14/114
f 173/15/115 176/39/115 175/38/115 174/14/115
f 169/15/116 172/39/116 176/39/116 173/15/116
f 172/39/117 171/38/117 175/38/117 176/39/117
f 162/106/118 163/107/118 178/4/118 177/3/118
f 250/108/119 159/109/119 179/15/119 248/47/119
f 251/104/120 162/106/120 177/3/120 249/29/120
f 159/109/121 164/105/121 180/39/121 179/15/121
f 252/108/122 253/104/122 184/105/122 183/109/122
f 163/107/123 162/106/123 181/106/123 182/107/123
f 164/105/124 159/109/124 183/109/124 184/105/124
f 250/108/125 163/107/125 182/107/125 252/108/125
f 201/11/126 202/11/126 187/11/126 185/11/126
f 211/110/127 201/11/127 185/11/127 209/20/127
f 202/11/128 203/98/128 188/11/128 187/11/128
f 185/11/129 187/11/129 189/11/129 186/11/129
f 187/11/130 188/11/130 190/11/130 189/11/130
f 91/53/131 2/53/131 192/53/131 191/53/131
f 209/111/132 185/11/132 186/11/132 210/112/132
f 120/82/133 149/11/133 197/11/133 196/82/133
f 111/88/134 106/82/134 193/82/134 194/113/134
f 106/82/135 120/82/135 196/82/135 193/82/135
f 112/11/136 111/88/136 194/113/136 195/11/136
f 99/11/137 105/11/137 203/98/137 202/11/137
f 208/20/138 96/11/138 201/11/138 211/110/138
f 96/11/139 99/11/139 202/11/139 201/11/139
f 239/26/95 129/19/95 200/19/95 254/25/95
f 97/21/140 198/32/140 199/32/140 137/21/140
f 105/11/141 112/11/141 195/11/141 203/98/141
f 97/21/142 208/20/142 211/110/142 198/32/142
f 2/53/143 209/111/143 210/112/143 192/53/143
f 198/32/144 211/110/144 209/20/144 2/21/144
f 96/11/148 208/20/148 204/22/148 19/11/148
f 130/21/95 239/26/95 254/25/95 199/32/95
f 159/109/125 250/108/125 252/108/125 183/109/125
f 182/107/150 181/106/150 253/104/150 252/108/150
f 164/105/151 251/104/151 249/29/151 180/39/151
f 163/107/152 250/108/152 248/47/152 178/4/152
f 153/15/108 246/47/108 248/47/108 179/15/108
f 162/106/109 251/104/109 253/104/109 181/106/109
f 13/3/107 222/28/107 247/103/107 156/3/107
f 40/15/105 221/12/105 246/47/105 153/15/105
f 156/3/2 247/103/2 249/29/2 177/3/2
f 39/30/2 220/42/2 245/72/2 147/77/2
f 199/32/95 254/25/95 244/25/95 137/21/95
f 133/114/94 142/102/94 243/99/94 242/100/94
f 137/21/93 244/25/93 240/95/93 136/21/93
f 136/21/92 240/95/92 241/95/92 139/21/92
f 142/102/91 129/19/91 239/26/91 243/99/91
f 37/15/89 219/47/89 238/12/89 125/15/89
f 72/3/153 230/71/153 237/71/153 127/3/153
f 46/19/14 216/26/14 241/95/14 138/19/14
f 83/78/2 234/75/2 236/59/2 104/55/2
f 3/7/72 92/10/72 235/46/72 212/91/72
f 147/77/2 245/72/2 234/75/2 83/78/2
f 71/56/154 233/37/154 230/71/154 72/3/154
f 127/3/155 237/71/155 231/69/155 78/3/155
f 78/3/156 231/69/156 232/70/156 81/3/156
f 264/65/157 266/62/157 229/63/157 62/65/157
f 104/55/2 236/59/2 227/5/2 58/50/2
f 92/10/43 1/4/43 219/47/43 235/46/43
f 10/4/158 221/12/158 224/17/158 16/4/158
f 259/32/159 267/26/159 217/26/159 27/21/159
f 5/94/21 220/42/21 242/43/21 132/94/21
f 22/11/160 215/24/160 218/33/160 35/11/160
f 49/39/161 225/29/161 232/29/161 79/39/161
f 55/56/162 226/35/162 233/37/162 71/56/162
f 35/11/163 218/33/163 229/33/163 63/11/163
f 41/39/164 222/28/164 225/29/164 49/39/164
f 44/19/165 214/25/165 217/26/165 47/19/165
f 207/45/166 45/34/166 215/24/166 255/23/166
f 36/15/13 213/13/13 223/16/13 42/15/13
f 42/15/167 223/16/167 224/17/167 43/15/167
f 125/15/6 238/12/6 213/13/6 36/15/6
f 58/50/2 227/5/2 212/8/2 38/51/2
f 25/21/168 216/26/168 267/26/168 259/32/168
f 59/65/169 228/115/169 266/62/169 264/65/169
f 19/11/170 204/22/170 265/27/170 257/11/170
f 61/64/171 59/65/171 264/65/171 262/64/171
f 228/115/172 60/11/172 263/11/172 266/62/172
f 216/26/173 46/19/173 261/19/173 267/26/173
f 33/11/174 260/11/174 263/11/174 60/11/174
f 21/21/175 256/21/175 259/32/175 27/21/175
f 46/19/176 24/18/176 258/18/176 261/19/176
f 204/22/177 18/21/177 256/21/177 265/27/177
f 19/11/178 257/11/178 260/11/178 33/11/178
f 307/1/179 268/4/179 271/3/179 306/2/179
f 450/5/2 435/8/2 270/7/2 305/6/2
f 337/9/180 335/10/180 268/4/180 307/1/180
f 363/4/181 273/4/181 274/3/181 362/3/181
f 480/11/182 482/11/182 290/11/182 282/11/182
f 461/12/6 436/13/6 273/4/6 363/4/6
f 11/14/183 154/14/183 387/15/183 295/15/183
f 273/4/184 275/4/184 276/3/184 274/3/184
f 339/11/185 342/11/185 289/11/185 280/11/185
f 446/16/186 447/17/186 278/4/186 277/4/186
f 295/15/187 298/15/187 17/14/187 11/14/187
f 273/4/188 277/4/188 278/4/188 275/4/188
f 436/13/13 446/16/13 277/4/13 273/4/13
f 24/18/14 140/18/14 376/19/14 301/19/14
f 431/20/189 428/22/189 279/21/189 340/21/189
f 437/25/191 440/26/191 284/21/191 281/21/191
f 445/28/193 448/29/193 288/3/193 276/3/193
f 483/19/194 302/19/194 26/18/194 258/18/194
f 294/30/21 372/30/21 134/31/21 6/31/21
f 479/21/195 481/32/195 283/21/195 279/21/195
f 441/33/196 452/33/196 313/34/196 304/34/196
f 449/35/197 456/37/197 326/36/197 309/36/197
f 32/38/198 80/38/198 324/39/198 303/39/198
f 448/29/199 455/29/199 325/3/199 288/3/199
f 482/11/200 484/11/200 314/11/200 290/11/200
f 300/34/201 304/34/201 34/40/201 23/40/201
f 362/3/202 364/3/202 285/3/202 271/3/202
f 276/3/203 288/3/203 286/3/203 274/3/203
f 438/24/204 441/33/204 304/34/204 300/34/204
f 364/3/205 366/3/205 320/3/205 285/3/205
f 309/36/206 326/36/206 75/41/206 56/41/206
f 288/3/207 325/3/207 323/3/207 286/3/207
f 443/42/21 465/43/21 372/30/21 294/30/21
f 488/26/208 440/26/208 302/19/208 483/19/208
f 12/38/209 32/38/209 303/39/209 296/39/209
f 20/18/210 26/18/210 302/19/210 299/19/210
f 205/44/211 430/45/211 300/34/211 23/40/211
f 279/21/212 374/21/212 375/21/212 340/21/212
f 444/12/213 447/17/213 298/15/213 295/15/213
f 15/14/214 17/14/214 298/15/214 297/15/214
f 275/4/215 389/4/215 388/3/215 276/3/215
f 458/46/43 336/48/43 292/15/43 442/47/43
f 54/49/2 7/52/2 293/51/2 310/50/2
f 269/53/216 369/53/216 370/53/216 334/53/216
f 102/54/2 54/49/2 310/50/2 346/55/2
f 271/3/217 285/3/217 308/56/217 306/2/217
f 355/57/218 337/9/218 307/1/218 344/58/218
f 459/59/2 450/5/2 305/6/2 341/60/2
f 344/58/219 307/1/219 306/2/219 343/61/219
f 487/62/220 452/63/220 314/11/220 484/11/220
f 262/64/221 64/64/221 313/65/221 485/65/221
f 342/11/222 347/11/222 312/11/222 289/11/222
f 304/34/223 313/34/223 64/40/223 34/40/223
f 350/11/224 349/11/224 318/11/224 328/11/224
f 329/66/225 317/65/225 70/64/225 86/64/225
f 328/11/226 318/11/226 317/65/226 329/66/226
f 326/36/227 321/68/227 74/67/227 75/41/227
f 367/68/228 322/68/228 77/67/228 126/67/228
f 322/68/229 324/68/229 80/67/229 77/67/229
f 454/69/230 455/70/230 324/68/230 322/68/230
f 460/71/231 454/69/231 322/68/231 367/68/231
f 456/37/232 453/71/232 321/68/232 326/36/232
f 285/3/233 320/3/233 319/56/233 308/56/233
f 468/72/2 457/75/2 287/74/2 381/73/2
f 146/76/2 48/79/2 327/78/2 382/77/2
f 67/64/234 315/65/234 359/80/234 115/64/234
f 316/11/235 348/82/235 360/82/235 357/81/235
f 351/83/236 352/86/236 331/85/236 330/84/236
f 345/87/237 308/56/237 331/85/237 352/86/237
f 351/83/238 330/84/238 318/11/238 349/11/238
f 353/88/239 348/82/239 316/11/239 333/82/239
f 347/11/240 354/11/240 332/11/240 312/11/240
f 381/73/241 287/74/241 338/90/241 383/89/241
f 341/60/242 305/6/242 337/9/242 355/57/242
f 422/32/243 423/32/243 369/21/243 269/21/243
f 435/91/72 293/92/72 336/48/72 458/46/72
f 305/6/244 270/7/244 335/10/244 337/9/244
f 334/93/245 370/93/245 371/94/245 272/94/245
f 287/74/246 341/60/246 355/57/246 338/90/246
f 333/82/247 332/11/247 354/11/247 353/88/247
f 306/2/248 308/56/248 345/87/248 343/61/248
f 457/75/2 459/59/2 341/60/2 287/74/2
f 48/79/2 102/54/2 346/55/2 327/78/2
f 439/26/14 464/95/14 377/21/14 283/21/14
f 283/21/249 377/21/249 374/21/249 279/21/249
f 150/64/250 115/64/250 359/80/250 385/80/250
f 385/80/251 359/80/251 357/81/251 386/11/251
f 386/11/252 357/81/252 360/82/252 384/11/252
f 358/80/253 329/66/253 86/64/253 114/96/253
f 361/97/254 350/11/254 328/11/254 356/98/254
f 356/98/255 328/11/255 329/66/255 358/80/255
f 453/71/256 460/71/256 367/68/256 321/68/256
f 321/68/257 367/68/257 126/67/257 74/67/257
f 286/3/258 323/3/258 366/3/258 364/3/258
f 274/3/259 286/3/259 364/3/259 362/3/259
f 442/47/89 461/12/89 363/4/89 268/4/89
f 268/4/260 363/4/260 362/3/260 271/3/260
f 466/99/91 370/93/91 369/21/91 462/26/91
f 463/95/92 464/95/92 376/19/92 373/19/92
f 467/25/93 463/95/93 373/19/93 378/19/93
f 465/100/94 371/94/94 370/93/94 466/99/94
f 477/25/95 467/25/95 378/19/95 424/19/95
f 372/30/96 376/19/96 140/18/96 134/31/96
f 380/101/261 293/51/261 7/52/261 144/92/261
f 297/15/262 380/101/262 144/92/262 15/14/262
f 376/19/263 372/30/263 379/102/263 368/19/263 424/19/263 378/19/263 373/19/263
f 297/15/263 291/15/263 365/15/263 292/15/263 336/48/263 293/51/263 380/101/263
f 272/94/264 381/73/264 383/89/264 334/93/264
f 6/31/2 146/76/2 382/77/2 294/30/2
f 443/42/2 468/72/2 381/73/2 272/94/2
f 356/98/265 386/11/265 384/11/265 361/97/265
f 358/80/266 385/80/266 386/11/266 356/98/266
f 114/96/267 150/64/267 385/80/267 358/80/267
f 315/65/268 316/11/268 357/81/268 359/80/268
f 390/39/2 404/39/2 161/38/2 155/38/2
f 470/103/2 472/29/2 404/39/2 390/39/2
f 444/12/269 469/47/269 389/4/269 275/4/269
f 296/39/270 390/39/270 155/38/270 12/38/270
f 445/28/271 470/103/271 390/39/271 296/39/271
f 404/39/108 396/39/108 167/38/108 161/38/108
f 474/104/272 476/104/272 408/105/272 394/105/272
f 469/47/108 471/47/108 402/4/108 389/4/108
f 389/4/273 402/4/273 401/3/273 388/3/273
f 154/14/108 160/14/108 403/15/108 387/15/108
f 395/15/274 397/15/274 398/39/274 396/39/274
f 403/15/108 395/15/108 396/39/108 404/39/108
f 160/14/108 166/14/108 395/15/108 403/15/108
f 170/14/275 174/14/275 399/15/275 397/15/275
f 396/39/276 398/39/276 171/38/276 167/38/276
f 166/14/277 170/14/277 397/15/277 395/15/277
f 399/15/278 174/14/278 175/38/278 400/39/278
f 397/15/279 399/15/279 400/39/279 398/39/279
f 398/39/280 400/39/280 175/38/280 171/38/280
f 392/106/281 401/3/281 402/4/281 393/107/281
f 473/108/282 471/47/282 403/15/282 391/109/282
f 474/104/283 472/29/283 401/3/283 392/106/283
f 391/109/284 403/15/284 404/39/284 394/105/284
f 475/108/285 407/109/285 408/105/285 476/104/285
f 393/107/286 406/107/286 405/106/286 392/106/286
f 394/105/287 408/105/287 407/109/287 391/109/287
f 473/108/288 475/108/288 406/107/288 393/107/288
f 425/11/289 409/11/289 411/11/289 426/11/289
f 434/110/290 432/20/290 409/11/290 425/11/290
f 426/11/291 411/11/291 412/11/291 427/98/291
f 409/11/292 410/11/292 413/11/292 411/11/292
f 411/11/293 413/11/293 414/11/293 412/11/293
f 334/53/294 415/53/294 416/53/294 269/53/294
f 432/111/295 433/112/295 410/11/295 409/11/295
f 360/82/296 420/82/296 421/11/296 384/11/296
f 353/88/297 418/113/297 417/82/297 348/82/297
f 348/82/298 417/82/298 420/82/298 360/82/298
f 354/11/299 419/11/299 418/113/299 353/88/299
f 342/11/300 426/11/300 427/98/300 347/11/300
f 431/20/301 434/110/301 425/11/301 339/11/301
f 339/11/302 425/11/302 426/11/302 342/11/302
f 462/26/95 477/25/95 424/19/95 368/19/95
f 340/21/303 375/21/303 423/32/303 422/32/303
f 347/11/304 427/98/304 419/11/304 354/11/304
f 340/21/305 422/32/305 434/110/305 431/20/305
f 269/53/306 416/53/306 433/112/306 432/111/306
f 422/32/307 269/21/307 432/20/307 434/110/307
f 339/11/311 280/11/311 428/22/311 431/20/311
f 369/21/95 423/32/95 477/25/95 462/26/95
f 391/109/288 407/109/288 475/108/288 473/108/288
f 406/107/313 475/108/313 476/104/313 405/106/313
f 394/105/314 404/39/314 472/29/314 474/104/314
f 393/107/315 402/4/315 471/47/315 473/108/315
f 387/15/108 403/15/108 471/47/108 469/47/108
f 392/106/272 405/106/272 476/104/272 474/104/272
f 276/3/271 388/3/271 470/103/271 445/28/271
f 295/15/269 387/15/269 469/47/269 444/12/269
f 388/3/2 401/3/2 472/29/2 470/103/2
f 294/30/2 382/77/2 468/72/2 443/42/2
f 423/32/95 375/21/95 467/25/95 477/25/95
f 372/114/94 465/100/94 466/99/94 379/102/94
f 375/21/93 374/21/93 463/95/93 467/25/93
f 374/21/92 377/21/92 464/95/92 463/95/92
f 379/102/91 466/99/91 462/26/91 368/19/91
f 292/15/89 365/15/89 461/12/89 442/47/89
f 320/3/316 366/3/316 460/71/316 453/71/316
f 301/19/14 376/19/14 464/95/14 439/26/14
f 327/78/2 346/55/2 459/59/2 457/75/2
f 270/7/72 435/91/72 458/46/72 335/10/72
f 382/77/2 327/78/2 457/75/2 468/72/2
f 319/56/317 320/3/317 453/71/317 456/37/317
f 366/3/318 323/3/318 454/69/318 460/71/318
f 323/3/319 325/3/319 455/70/319 454/69/319
f 485/65/320 313/65/320 452/63/320 487/62/320
f 346/55/2 310/50/2 450/5/2 459/59/2
f 335/10/43 458/46/43 442/47/43 268/4/43
f 275/4/321 278/4/321 447/17/321 444/12/321
f 481/32/322 284/21/322 440/26/322 488/26/322
f 272/94/21 371/94/21 465/43/21 443/42/21
f 282/11/323 290/11/323 441/33/323 438/24/323
f 303/39/324 324/39/324 455/29/324 448/29/324
f 308/56/325 319/56/325 456/37/325 449/35/325
f 290/11/326 314/11/326 452/33/326 441/33/326
f 296/39/327 303/39/327 448/29/327 445/28/327
f 299/19/328 302/19/328 440/26/328 437/25/328
f 430/45/329 478/23/329 438/24/329 300/34/329
f 291/15/13 297/15/13 446/16/13 436/13/13
f 297/15/330 298/15/330 447/17/330 446/16/330
f 365/15/6 291/15/6 436/13/6 461/12/6
f 310/50/2 293/51/2 435/8/2 450/5/2
f 283/21/331 481/32/331 488/26/331 439/26/331
f 311/65/332 485/65/332 487/62/332 451/115/332
f 280/11/333 480/11/333 486/27/333 428/22/333
f 61/64/334 262/64/334 485/65/334 311/65/334
f 451/115/335 487/62/335 484/11/335 312/11/335
f 439/26/336 488/26/336 483/19/336 301/19/336
f 289/11/337 312/11/337 484/11/337 482/11/337
f 281/21/338 284/21/338 481/32/338 479/21/338
f 301/19/339 483/19/339 258/18/339 24/18/339
f 428/22/340 486/27/340 479/21/340 279/21/340
f 280/11/341 289/11/341 482/11/341 480/11/341
f 541/1/342 489/4/342 492/3/342 540/2/342
f 715/5/343 700/8/343 491/7/343 539/6/343
f 582/9/344 580/10/344 489/4/344 541/1/344
f 611/4/345 496/4/345 497/3/345 610/3/345
f 745/11/346 748/11/346 523/11/346 510/11/346
f 726/12/347 701/13/347 496/4/347 611/4/347
f 499/14/348 642/14/348 641/15/348 528/15/348
f 496/4/349 498/4/349 501/3/349 497/3/349
f 584/11/350 587/11/350 521/11/350 507/11/350
f 711/16/351 712/17/351 504/4/351 502/4/351
f 528/15/352 531/15/352 505/14/352 499/14/352
f 496/4/353 502/4/353 504/4/353 498/4/353
f 701/13/354 711/16/354 502/4/354 496/4/354
f 512/18/355 628/18/355 626/19/355 534/19/355
f 696/20/356 692/22/356 506/21/356 585/21/356
f 702/25/358 705/26/358 515/21/358 509/21/358
f 710/28/360 713/29/360 519/3/360 501/3/360
f 749/19/361 535/19/361 514/18/361 746/18/361
f 527/30/362 621/30/362 622/31/362 494/31/362
f 744/21/363 747/32/363 513/21/363 506/21/363
f 706/33/364 717/33/364 550/34/364 538/34/364
f 714/35/365 721/37/365 570/36/365 545/36/365
f 520/38/366 568/38/366 567/39/366 537/39/366
f 713/29/367 720/29/367 569/3/367 519/3/367
f 748/11/368 751/11/368 551/11/368 523/11/368
f 533/34/369 538/34/369 522/40/369 511/40/369
f 610/3/370 612/3/370 516/3/370 492/3/370
f 501/3/371 519/3/371 517/3/371 497/3/371
f 703/24/372 706/33/372 538/34/372 533/34/372
f 612/3/373 615/3/373 560/3/373 516/3/373
f 545/36/374 570/36/374 563/41/374 544/41/374
f 519/3/375 569/3/375 566/3/375 517/3/375
f 708/42/376 730/43/376 621/30/376 527/30/376
f 755/26/377 705/26/377 535/19/377 749/19/377
f 500/38/378 520/38/378 537/39/378 529/39/378
f 508/18/379 514/18/379 535/19/379 532/19/379
f 693/44/380 695/45/380 533/34/380 511/40/380
f 506/21/381 624/21/381 625/21/381 585/21/381
f 709/12/382 712/17/382 531/15/382 528/15/382
f 503/14/383 505/14/383 531/15/383 530/15/383
f 498/4/384 645/4/384 644/3/384 501/3/384
f 723/46/385 581/48/385 525/15/385 707/47/385
f 542/49/386 495/52/386 526/51/386 546/50/386
f 490/53/387 618/53/387 619/53/387 579/53/387
f 590/54/108 542/49/108 546/50/108 592/55/108
f 492/3/388 516/3/388 543/56/388 540/2/388
f 601/57/389 582/9/389 541/1/389 589/58/389
f 724/59/390 715/5/390 539/6/390 586/60/390
f 589/58/391 541/1/391 540/2/391 588/61/391
f 754/62/392 717/63/392 551/11/392 751/11/392
f 750/64/393 552/64/393 550/65/393 752/65/393
f 587/11/394 593/11/394 548/11/394 521/11/394
f 538/34/395 550/34/395 552/40/395 522/40/395
f 596/11/396 595/11/396 557/11/396 572/11/396
f 573/66/397 556/65/397 558/64/397 574/64/397
f 572/11/398 557/11/398 556/65/398 573/66/398
f 570/36/399 561/68/399 562/67/399 563/41/399
f 616/68/400 564/68/400 565/67/400 614/67/400
f 564/68/401 567/68/401 568/67/401 565/67/401
f 719/69/402 720/70/402 567/68/402 564/68/402
f 725/71/403 719/69/403 564/68/403 616/68/403
f 721/37/404 718/71/404 561/68/404 570/36/404
f 516/3/405 560/3/405 559/56/405 543/56/405
f 733/72/406 722/75/406 518/74/406 633/73/406
f 634/76/108 536/79/108 571/78/108 635/77/108
f 555/64/407 553/65/407 607/80/407 603/64/407
f 554/11/408 594/82/408 608/82/408 605/81/408
f 597/83/409 598/86/409 576/85/409 575/84/409
f 591/87/410 543/56/410 576/85/410 598/86/410
f 597/83/411 575/84/411 557/11/411 595/11/411
f 599/88/412 594/82/412 554/11/412 578/82/412
f 593/11/413 600/11/413 577/11/413 548/11/413
f 633/73/414 518/74/414 583/90/414 636/89/414
f 586/60/415 539/6/415 582/9/415 601/57/415
f 686/32/416 687/32/416 618/21/416 490/21/416
f 700/91/417 526/92/417 581/48/417 723/46/417
f 539/6/418 491/7/418 580/10/418 582/9/418
f 579/93/419 619/93/419 620/94/419 493/94/419
f 518/74/420 586/60/420 601/57/420 583/90/420
f 578/82/421 577/11/421 600/11/421 599/88/421
f 540/2/422 543/56/422 591/87/422 588/61/422
f 722/75/423 724/59/423 586/60/423 518/74/423
f 536/79/108 590/54/108 592/55/108 571/78/108
f 704/26/424 729/95/424 627/21/424 513/21/424
f 513/21/425 627/21/425 624/21/425 506/21/425
f 638/64/426 603/64/426 607/80/426 639/80/426
f 639/80/427 607/80/427 605/81/427 640/11/427
f 640/11/428 605/81/428 608/82/428 637/11/428
f 606/80/429 573/66/429 574/64/429 602/96/429
f 609/97/430 596/11/430 572/11/430 604/98/430
f 604/98/431 572/11/431 573/66/431 606/80/431
f 718/71/432 725/71/432 616/68/432 561/68/432
f 561/68/433 616/68/433 614/67/433 562/67/433
f 517/3/434 566/3/434 615/3/434 612/3/434
f 497/3/435 517/3/435 612/3/435 610/3/435
f 707/47/436 726/12/436 611/4/436 489/4/436
f 489/4/437 611/4/437 610/3/437 492/3/437
f 731/99/438 619/93/438 618/21/438 727/26/438
f 728/95/439 729/95/439 626/19/439 623/19/439
f 732/25/440 728/95/440 623/19/440 629/19/440
f 730/100/441 620/94/441 619/93/441 731/99/441
f 742/25/442 732/25/442 629/19/442 688/19/442
f 621/30/443 626/19/443 628/18/443 622/31/443
f 631/101/444 526/51/444 495/52/444 632/92/444
f 530/15/445 631/101/445 632/92/445 503/14/445
f 626/19/446 621/30/446 630/102/446 617/19/446 688/19/446 629/19/446 623/19/446
f 530/15/447 524/15/447 613/15/447 525/15/447 581/48/447 526/51/447 631/101/447
f 493/94/448 633/73/448 636/89/448 579/93/448
f 494/31/108 634/76/108 635/77/108 527/30/108
f 708/42/449 733/72/449 633/73/449 493/94/449
f 604/98/450 640/11/450 637/11/450 609/97/450
f 606/80/451 639/80/451 640/11/451 604/98/451
f 602/96/452 638/64/452 639/80/452 606/80/452
f 553/65/453 554/11/453 605/81/453 607/80/453
f 646/39/454 668/39/454 649/38/454 643/38/454
f 735/103/455 737/29/455 668/39/455 646/39/455
f 709/12/456 734/47/456 645/4/456 498/4/456
f 529/39/457 646/39/457 643/38/457 500/38/457
f 710/28/458 735/103/458 646/39/458 529/39/458
f 668/39/459 656/39/459 655/38/459 649/38/459
f 739/104/460 741/104/460 672/105/460 652/105/460
f 734/47/461 736/47/461 666/4/461 645/4/461
f 645/4/462 666/4/462 665/3/462 644/3/462
f 642/14/463 648/14/463 667/15/463 641/15/463
f 653/15/464 657/15/464 660/39/464 656/39/464
f 667/15/465 653/15/465 656/39/465 668/39/465
f 648/14/466 654/14/466 653/15/466 667/15/466
f 658/14/467 662/14/467 661/15/467 657/15/467
f 656/39/468 660/39/468 659/38/468 655/38/468
f 654/14/469 658/14/469 657/15/469 653/15/469
f 661/15/470 662/14/470 663/38/470 664/39/470
f 657/15/471 661/15/471 664/39/471 660/39/471
f 660/39/472 664/39/472 663/38/472 659/38/472
f 650/106/473 665/3/473 666/4/473 651/107/473
f 738/108/474 736/47/474 667/15/474 647/109/474
f 739/104/475 737/29/475 665/3/475 650/106/475
f 647/109/476 667/15/476 668/39/476 652/105/476
f 740/108/477 671/109/477 672/105/477 741/104/477
f 651/107/478 670/107/478 669/106/478 650/106/478
f 652/105/479 672/105/479 671/109/479 647/109/479
f 738/108/480 740/108/480 670/107/480 651/107/480
f 689/11/481 673/11/481 675/11/481 690/11/481
f 699/110/482 697/20/482 673/11/482 689/11/482
f 690/11/483 675/11/483 676/11/483 691/98/483
f 673/11/484 674/11/484 677/11/484 675/11/484
f 675/11/485 677/11/485 678/11/485 676/11/485
f 579/53/486 679/53/486 680/53/486 490/53/486
f 697/111/487 698/112/487 674/11/487 673/11/487
f 608/82/488 684/82/488 685/11/488 637/11/488
f 599/88/489 682/113/489 681/82/489 594/82/489
f 594/82/490 681/82/490 684/82/490 608/82/490
f 600/11/491 683/11/491 682/113/491 599/88/491
f 587/11/492 690/11/492 691/98/492 593/11/492
f 696/20/493 699/110/493 689/11/493 584/11/493
f 584/11/494 689/11/494 690/11/494 587/11/494
f 727/26/495 742/25/495 688/19/495 617/19/495
f 585/21/496 625/21/496 687/32/496 686/32/496
f 593/11/497 691/98/497 683/11/497 600/11/497
f 585/21/498 686/32/498 699/110/498 696/20/498
f 490/53/499 680/53/499 698/112/499 697/111/499
f 686/32/500 490/21/500 697/20/500 699/110/500
f 584/11/504 507/11/504 692/22/504 696/20/504
f 618/21/506 687/32/506 742/25/506 727/26/506
f 647/109/507 671/109/507 740/108/507 738/108/507
f 670/107/508 740/108/508 741/104/508 669/106/508
f 652/105/509 668/39/509 737/29/509 739/104/509
f 651/107/510 666/4/510 736/47/510 738/108/510
f 641/15/511 667/15/511 736/47/511 734/47/511
f 650/106/512 669/106/512 741/104/512 739/104/512
f 501/3/513 644/3/513 735/103/513 710/28/513
f 528/15/514 641/15/514 734/47/514 709/12/514
f 644/3/515 665/3/515 737/29/515 735/103/515
f 527/30/108 635/77/108 733/72/108 708/42/108
f 687/32/516 625/21/516 732/25/516 742/25/516
f 621/114/517 730/100/517 731/99/517 630/102/517
f 625/21/518 624/21/518 728/95/518 732/25/518
f 624/21/519 627/21/519 729/95/519 728/95/519
f 630/102/520 731/99/520 727/26/520 617/19/520
f 525/15/521 613/15/521 726/12/521 707/47/521
f 560/3/522 615/3/522 725/71/522 718/71/522
f 534/19/523 626/19/523 729/95/523 704/26/523
f 571/78/108 592/55/108 724/59/108 722/75/108
f 491/7/524 700/91/524 723/46/524 580/10/524
f 635/77/108 571/78/108 722/75/108 733/72/108
f 559/56/525 560/3/525 718/71/525 721/37/525
f 615/3/526 566/3/526 719/69/526 725/71/526
f 566/3/527 569/3/527 720/70/527 719/69/527
f 752/65/528 550/65/528 717/63/528 754/62/528
f 592/55/108 546/50/108 715/5/108 724/59/108
f 580/10/529 723/46/529 707/47/529 489/4/529
f 498/4/530 504/4/530 712/17/530 709/12/530
f 747/32/531 515/21/531 705/26/531 755/26/531
f 493/94/532 620/94/532 730/43/532 708/42/532
f 510/11/533 523/11/533 706/33/533 703/24/533
f 537/39/534 567/39/534 720/29/534 713/29/534
f 543/56/535 559/56/535 721/37/535 714/35/535
f 523/11/536 551/11/536 717/33/536 706/33/536
f 529/39/537 537/39/537 713/29/537 710/28/537
f 532/19/538 535/19/538 705/26/538 702/25/538
f 695/45/539 743/23/539 703/24/539 533/34/539
f 524/15/540 530/15/540 711/16/540 701/13/540
f 530/15/541 531/15/541 712/17/541 711/16/541
f 613/15/542 524/15/542 701/13/542 726/12/542
f 546/50/543 526/51/543 700/8/543 715/5/543
f 513/21/544 747/32/544 755/26/544 704/26/544
f 547/65/545 752/65/545 754/62/545 716/115/545
f 507/11/546 745/11/546 753/27/546 692/22/546
f 549/64/547 750/64/547 752/65/547 547/65/547
f 716/115/548 754/62/548 751/11/548 548/11/548
f 704/26/549 755/26/549 749/19/549 534/19/549
f 521/11/550 548/11/550 751/11/550 748/11/550
f 509/21/551 515/21/551 747/32/551 744/21/551
f 534/19/552 749/19/552 746/18/552 512/18/552
f 692/22/553 753/27/553 744/21/553 506/21/553
f 507/11/554 521/11/554 748/11/554 745/11/554
f 795/1/555 794/2/555 759/3/555 756/4/555
f 938/5/556 793/6/556 758/7/556 923/8/556
f 825/9/557 795/1/557 756/4/557 823/10/557
f 851/4/558 850/3/558 762/3/558 761/4/558
f 968/11/559 770/11/559 778/11/559 970/11/559
f 949/12/560 851/4/560 761/4/560 924/13/560
f 499/14/561 783/15/561 875/15/561 642/14/561
f 761/4/562 762/3/562 764/3/562 763/4/562
f 827/11/563 768/11/563 777/11/563 830/11/563
f 934/16/564 765/4/564 766/4/564 935/17/564
f 783/15/565 499/14/565 505/14/565 786/15/565
f 761/4/566 763/4/566 766/4/566 765/4/566
f 924/13/567 761/4/567 765/4/567 934/16/567
f 512/18/568 789/19/568 864/19/568 628/18/568
f 919/20/569 828/21/569 767/21/569 916/22/569
f 925/25/571 769/21/571 772/21/571 928/26/571
f 933/28/573 764/3/573 776/3/573 936/29/573
f 971/19/574 746/18/574 514/18/574 790/19/574
f 782/30/575 494/31/575 622/31/575 860/30/575
f 967/21/576 767/21/576 771/21/576 969/32/576
f 929/33/577 792/34/577 801/34/577 940/33/577
f 937/35/578 797/36/578 814/36/578 944/37/578
f 520/38/579 791/39/579 812/39/579 568/38/579
f 936/29/580 776/3/580 813/3/580 943/29/580
f 970/11/581 778/11/581 802/11/581 972/11/581
f 788/34/582 511/40/582 522/40/582 792/34/582
f 850/3/583 759/3/583 773/3/583 852/3/583
f 764/3/584 762/3/584 774/3/584 776/3/584
f 926/24/585 788/34/585 792/34/585 929/33/585
f 852/3/586 773/3/586 808/3/586 854/3/586
f 797/36/587 544/41/587 563/41/587 814/36/587
f 776/3/588 774/3/588 811/3/588 813/3/588
f 931/42/589 782/30/589 860/30/589 953/43/589
f 976/26/590 971/19/590 790/19/590 928/26/590
f 500/38/591 784/39/591 791/39/591 520/38/591
f 508/18/592 787/19/592 790/19/592 514/18/592
f 693/44/593 511/40/593 788/34/593 918/45/593
f 767/21/594 828/21/594 863/21/594 862/21/594
f 932/12/595 783/15/595 786/15/595 935/17/595
f 503/14/596 785/15/596 786/15/596 505/14/596
f 763/4/597 764/3/597 876/3/597 877/4/597
f 946/46/598 930/47/598 780/15/598 824/48/598
f 542/49/599 798/50/599 781/51/599 495/52/599
f 757/53/600 822/53/600 858/53/600 857/53/600
f 590/54/108 834/55/108 798/50/108 542/49/108
f 759/3/601 794/2/601 796/56/601 773/3/601
f 843/57/602 832/58/602 795/1/602 825/9/602
f 947/59/603 829/60/603 793/6/603 938/5/603
f 832/58/604 831/61/604 794/2/604 795/1/604
f 975/62/605 972/11/605 802/11/605 940/63/605
f 750/64/606 973/65/606 801/65/606 552/64/606
f 830/11/607 777/11/607 800/11/607 835/11/607
f 792/34/608 522/40/608 552/40/608 801/34/608
f 838/11/609 816/11/609 806/11/609 837/11/609
f 817/66/610 574/64/610 558/64/610 805/65/610
f 816/11/611 817/66/611 805/65/611 806/11/611
f 814/36/612 563/41/612 562/67/612 809/68/612
f 855/68/613 614/67/613 565/67/613 810/68/613
f 810/68/614 565/67/614 568/67/614 812/68/614
f 942/69/615 810/68/615 812/68/615 943/70/615
f 948/71/616 855/68/616 810/68/616 942/69/616
f 944/37/617 814/36/617 809/68/617 941/71/617
f 773/3/618 796/56/618 807/56/618 808/3/618
f 956/72/619 869/73/619 775/74/619 945/75/619
f 634/76/108 870/77/108 815/78/108 536/79/108
f 555/64/620 603/64/620 847/80/620 803/65/620
f 804/11/621 845/81/621 848/82/621 836/82/621
f 839/83/622 818/84/622 819/85/622 840/86/622
f 833/87/623 840/86/623 819/85/623 796/56/623
f 839/83/624 837/11/624 806/11/624 818/84/624
f 841/88/625 821/82/625 804/11/625 836/82/625
f 835/11/626 800/11/626 820/11/626 842/11/626
f 869/73/627 871/89/627 826/90/627 775/74/627
f 829/60/628 843/57/628 825/9/628 793/6/628
f 910/32/629 757/21/629 857/21/629 911/32/629
f 923/91/630 946/46/630 824/48/630 781/92/630
f 793/6/631 825/9/631 823/10/631 758/7/631
f 822/93/632 760/94/632 859/94/632 858/93/632
f 775/74/633 826/90/633 843/57/633 829/60/633
f 821/82/634 841/88/634 842/11/634 820/11/634
f 794/2/635 831/61/635 833/87/635 796/56/635
f 945/75/636 775/74/636 829/60/636 947/59/636
f 536/79/108 815/78/108 834/55/108 590/54/108
f 927/26/637 771/21/637 865/21/637 952/95/637
f 771/21/638 767/21/638 862/21/638 865/21/638
f 638/64/639 873/80/639 847/80/639 603/64/639
f 873/80/640 874/11/640 845/81/640 847/80/640
f 874/11/641 872/11/641 848/82/641 845/81/641
f 846/80/642 602/96/642 574/64/642 817/66/642
f 849/97/643 844/98/643 816/11/643 838/11/643
f 844/98/644 846/80/644 817/66/644 816/11/644
f 941/71/645 809/68/645 855/68/645 948/71/645
f 809/68/646 562/67/646 614/67/646 855/68/646
f 774/3/647 852/3/647 854/3/647 811/3/647
f 762/3/648 850/3/648 852/3/648 774/3/648
f 930/47/649 756/4/649 851/4/649 949/12/649
f 756/4/650 759/3/650 850/3/650 851/4/650
f 954/99/651 950/26/651 857/21/651 858/93/651
f 951/95/652 861/19/652 864/19/652 952/95/652
f 955/25/653 866/19/653 861/19/653 951/95/653
f 953/100/654 954/99/654 858/93/654 859/94/654
f 965/25/655 912/19/655 866/19/655 955/25/655
f 860/30/656 622/31/656 628/18/656 864/19/656
f 868/101/657 632/92/657 495/52/657 781/51/657
f 785/15/658 503/14/658 632/92/658 868/101/658
f 864/19/659 861/19/659 866/19/659 912/19/659 856/19/659 867/102/659 860/30/659
f 785/15/660 868/101/660 781/51/660 824/48/660 780/15/660 853/15/660 779/15/660
f 760/94/661 822/93/661 871/89/661 869/73/661
f 494/31/108 782/30/108 870/77/108 634/76/108
f 931/42/662 760/94/662 869/73/662 956/72/662
f 844/98/663 849/97/663 872/11/663 874/11/663
f 846/80/664 844/98/664 874/11/664 873/80/664
f 602/96/665 846/80/665 873/80/665 638/64/665
f 803/65/666 847/80/666 845/81/666 804/11/666
f 878/39/667 643/38/667 649/38/667 892/39/667
f 958/103/668 878/39/668 892/39/668 960/29/668
f 932/12/669 763/4/669 877/4/669 957/47/669
f 784/39/670 500/38/670 643/38/670 878/39/670
f 933/28/671 784/39/671 878/39/671 958/103/671
f 892/39/672 649/38/672 655/38/672 884/39/672
f 962/104/673 882/105/673 896/105/673 964/104/673
f 957/47/674 877/4/674 890/4/674 959/47/674
f 877/4/675 876/3/675 889/3/675 890/4/675
f 642/14/676 875/15/676 891/15/676 648/14/676
f 883/15/677 884/39/677 886/39/677 885/15/677
f 891/15/678 892/39/678 884/39/678 883/15/678
f 648/14/679 891/15/679 883/15/679 654/14/679
f 658/14/680 885/15/680 887/15/680 662/14/680
f 884/39/681 655/38/681 659/38/681 886/39/681
f 654/14/682 883/15/682 885/15/682 658/14/682
f 887/15/683 888/39/683 663/38/683 662/14/683
f 885/15/684 886/39/684 888/39/684 887/15/684
f 886/39/685 659/38/685 663/38/685 888/39/685
f 880/106/686 881/107/686 890/4/686 889/3/686
f 961/108/687 879/109/687 891/15/687 959/47/687
f 962/104/688 880/106/688 889/3/688 960/29/688
f 879/109/689 882/105/689 892/39/689 891/15/689
f 963/108/690 964/104/690 896/105/690 895/109/690
f 881/107/691 880/106/691 893/106/691 894/107/691
f 882/105/692 879/109/692 895/109/692 896/105/692
f 961/108/693 881/107/693 894/107/693 963/108/693
f 913/11/694 914/11/694 899/11/694 897/11/694
f 922/110/695 913/11/695 897/11/695 920/20/695
f 914/11/696 915/98/696 900/11/696 899/11/696
f 897/11/697 899/11/697 901/11/697 898/11/697
f 899/11/698 900/11/698 902/11/698 901/11/698
f 822/53/699 757/53/699 904/53/699 903/53/699
f 920/111/700 897/11/700 898/11/700 921/112/700
f 848/82/701 872/11/701 909/11/701 908/82/701
f 841/88/702 836/82/702 905/82/702 906/113/702
f 836/82/703 848/82/703 908/82/703 905/82/703
f 842/11/704 841/88/704 906/113/704 907/11/704
f 830/11/705 835/11/705 915/98/705 914/11/705
f 919/20/706 827/11/706 913/11/706 922/110/706
f 827/11/707 830/11/707 914/11/707 913/11/707
f 950/26/708 856/19/708 912/19/708 965/25/708
f 828/21/709 910/32/709 911/32/709 863/21/709
f 835/11/710 842/11/710 907/11/710 915/98/710
f 828/21/711 919/20/711 922/110/711 910/32/711
f 757/53/712 920/111/712 921/112/712 904/53/712
f 910/32/713 922/110/713 920/20/713 757/21/713
f 827/11/717 919/20/717 916/22/717 768/11/717
f 857/21/719 950/26/719 965/25/719 911/32/719
f 879/109/720 961/108/720 963/108/720 895/109/720
f 894/107/721 893/106/721 964/104/721 963/108/721
f 882/105/722 962/104/722 960/29/722 892/39/722
f 881/107/723 961/108/723 959/47/723 890/4/723
f 875/15/724 957/47/724 959/47/724 891/15/724
f 880/106/725 962/104/725 964/104/725 893/106/725
f 764/3/726 933/28/726 958/103/726 876/3/726
f 783/15/727 932/12/727 957/47/727 875/15/727
f 876/3/728 958/103/728 960/29/728 889/3/728
f 782/30/108 931/42/108 956/72/108 870/77/108
f 911/32/729 965/25/729 955/25/729 863/21/729
f 860/114/730 867/102/730 954/99/730 953/100/730
f 863/21/731 955/25/731 951/95/731 862/21/731
f 862/21/732 951/95/732 952/95/732 865/21/732
f 867/102/733 856/19/733 950/26/733 954/99/733
f 780/15/734 930/47/734 949/12/734 853/15/734
f 808/3/735 941/71/735 948/71/735 854/3/735
f 789/19/736 927/26/736 952/95/736 864/19/736
f 815/78/108 945/75/108 947/59/108 834/55/108
f 758/7/737 823/10/737 946/46/737 923/91/737
f 870/77/108 956/72/108 945/75/108 815/78/108
f 807/56/738 944/37/738 941/71/738 808/3/738
f 854/3/739 948/71/739 942/69/739 811/3/739
f 811/3/740 942/69/740 943/70/740 813/3/740
f 973/65/741 975/62/741 940/63/741 801/65/741
f 834/55/108 947/59/108 938/5/108 798/50/108
f 823/10/742 756/4/742 930/47/742 946/46/742
f 763/4/743 932/12/743 935/17/743 766/4/743
f 969/32/744 976/26/744 928/26/744 772/21/744
f 760/94/745 931/42/745 953/43/745 859/94/745
f 770/11/746 926/24/746 929/33/746 778/11/746
f 791/39/747 936/29/747 943/29/747 812/39/747
f 796/56/748 937/35/748 944/37/748 807/56/748
f 778/11/749 929/33/749 940/33/749 802/11/749
f 784/39/750 933/28/750 936/29/750 791/39/750
f 787/19/751 925/25/751 928/26/751 790/19/751
f 918/45/752 788/34/752 926/24/752 966/23/752
f 779/15/753 924/13/753 934/16/753 785/15/753
f 785/15/754 934/16/754 935/17/754 786/15/754
f 853/15/755 949/12/755 924/13/755 779/15/755
f 798/50/756 938/5/756 923/8/756 781/51/756
f 771/21/757 927/26/757 976/26/757 969/32/757
f 799/65/758 939/115/758 975/62/758 973/65/758
f 768/11/759 916/22/759 974/27/759 968/11/759
f 549/64/760 799/65/760 973/65/760 750/64/760
f 939/115/761 800/11/761 972/11/761 975/62/761
f 927/26/762 789/19/762 971/19/762 976/26/762
f 777/11/763 970/11/763 972/11/763 800/11/763
f 769/21/764 967/21/764 969/32/764 772/21/764
f 789/19/765 512/18/765 746/18/765 971/19/765
f 916/22/766 767/21/766 967/21/766 974/27/766
f 768/11/767 968/11/767 970/11/767 777/11/767
f 226/35/768 55/56/768 543/56/768 714/35/768
f 56/41/769 57/36/769 545/36/769 544/41/769
f 60/11/770 228/115/770 716/115/770 548/11/770
f 59/65/771 61/64/771 549/64/771 547/65/771
f 65/65/772 66/11/772 554/11/772 553/65/772
f 67/64/773 65/65/773 553/65/773 555/64/773
f 69/11/774 68/65/774 556/65/774 557/11/774
f 68/65/775 70/64/775 558/64/775 556/65/775
f 88/85/776 87/84/776 575/84/776 576/85/776
f 55/56/777 88/85/777 576/85/777 543/56/777
f 87/84/778 69/11/778 557/11/778 575/84/778
f 90/82/779 89/11/779 577/11/779 578/82/779
f 66/11/780 90/82/780 578/82/780 554/11/780
f 89/11/781 60/11/781 548/11/781 577/11/781
f 95/90/782 148/89/782 636/89/782 583/90/782
f 113/57/783 95/90/783 583/90/783 601/57/783
f 107/11/784 109/83/784 597/83/784 595/11/784
f 110/86/785 103/87/785 591/87/785 598/86/785
f 109/83/786 110/86/786 598/86/786 597/83/786
f 103/87/787 100/61/787 588/61/787 591/87/787
f 108/11/788 107/11/788 595/11/788 596/11/788
f 100/61/789 101/58/789 589/58/789 588/61/789
f 101/58/790 113/57/790 601/57/790 589/58/790
f 149/11/791 121/97/791 609/97/791 637/11/791
f 121/97/792 108/11/792 596/11/792 609/97/792
f 148/89/793 91/93/793 579/93/793 636/89/793
f 186/11/794 189/11/794 677/11/794 674/11/794
f 189/11/795 190/11/795 678/11/795 677/11/795
f 188/11/796 203/98/796 691/98/796 676/11/796
f 190/11/797 188/11/797 676/11/797 678/11/797
f 191/53/798 192/53/798 680/53/798 679/53/798
f 91/53/799 191/53/799 679/53/799 579/53/799
f 192/53/800 210/112/800 698/112/800 680/53/800
f 194/113/801 193/82/801 681/82/801 682/113/801
f 195/11/802 194/113/802 682/113/802 683/11/802
f 193/82/803 196/82/803 684/82/803 681/82/803
f 196/82/804 197/11/804 685/11/804 684/82/804
f 197/11/805 149/11/805 637/11/805 685/11/805
f 203/98/806 195/11/806 683/11/806 691/98/806
f 210/112/807 186/11/807 674/11/807 698/112/807
f 57/36/808 226/35/808 714/35/808 545/36/808
f 228/115/809 59/65/809 547/65/809 716/115/809
f 308/56/810 449/35/810 937/35/810 796/56/810
f 309/36/811 56/41/811 544/41/811 797/36/811
f 451/115/812 312/11/812 800/11/812 939/115/812
f 61/64/813 311/65/813 799/65/813 549/64/813
f 316/11/814 315/65/814 803/65/814 804/11/814
f 315/65/815 67/64/815 555/64/815 803/65/815
f 317/65/816 318/11/816 806/11/816 805/65/816
f 70/64/817 317/65/817 805/65/817 558/64/817
f 330/84/818 331/85/818 819/85/818 818/84/818
f 331/85/819 308/56/819 796/56/819 819/85/819
f 318/11/820 330/84/820 818/84/820 806/11/820
f 332/11/821 333/82/821 821/82/821 820/11/821
f 333/82/822 316/11/822 804/11/822 821/82/822
f 312/11/823 332/11/823 820/11/823 800/11/823
f 383/89/824 338/90/824 826/90/824 871/89/824
f 338/90/825 355/57/825 843/57/825 826/90/825
f 351/83/826 349/11/826 837/11/826 839/83/826
f 345/87/827 352/86/827 840/86/827 833/87/827
f 352/86/828 351/83/828 839/83/828 840/86/828
f 343/61/829 345/87/829 833/87/829 831/61/829
f 349/11/830 350/11/830 838/11/830 837/11/830
f 344/58/831 343/61/831 831/61/831 832/58/831
f 355/57/832 344/58/832 832/58/832 843/57/832
f 361/97/833 384/11/833 872/11/833 849/97/833
f 350/11/834 361/97/834 849/97/834 838/11/834
f 334/93/835 383/89/835 871/89/835 822/93/835
f 413/11/836 410/11/836 898/11/836 901/11/836
f 414/11/837 413/11/837 901/11/837 902/11/837
f 427/98/838 412/11/838 900/11/838 915/98/838
f 412/11/839 414/11/839 902/11/839 900/11/839
f 416/53/840 415/53/840 903/53/840 904/53/840
f 415/53/841 334/53/841 822/53/841 903/53/841
f 433/112/842 416/53/842 904/53/842 921/112/842
f 417/82/843 418/113/843 906/113/843 905/82/843
f 418/113/844 419/11/844 907/11/844 906/113/844
f 420/82/845 417/82/845 905/82/845 908/82/845
f 421/11/846 420/82/846 908/82/846 909/11/846
f 384/11/847 421/11/847 909/11/847 872/11/847
f 419/11/848 427/98/848 915/98/848 907/11/848
f 410/11/849 433/112/849 921/112/849 898/11/849
f 449/35/850 309/36/850 797/36/850 937/35/850
f 311/65/851 451/115/851 939/115/851 799/65/851
usemtl Material.001
f 255/23/16 215/24/16 22/11/16 206/22/16
f 265/27/18 256/21/18 21/21/18 206/22/18
f 20/18/145 205/44/145 207/45/145 44/19/145
f 257/11/146 265/27/146 206/22/146 22/11/146
f 214/25/147 255/23/147 206/22/147 21/21/147
f 44/19/149 207/45/149 255/23/149 214/25/149
f 478/23/190 429/22/190 282/11/190 438/24/190
f 486/27/192 429/22/192 281/21/192 479/21/192
f 20/18/308 299/19/308 430/45/308 205/44/308
f 480/11/309 282/11/309 429/22/309 486/27/309
f 437/25/310 281/21/310 429/22/310 478/23/310
f 299/19/312 437/25/312 478/23/312 430/45/312
f 743/23/357 694/22/357 510/11/357 703/24/357
f 753/27/359 694/22/359 509/21/359 744/21/359
f 508/18/501 532/19/501 695/45/501 693/44/501
f 745/11/502 510/11/502 694/22/502 753/27/502
f 702/25/503 509/21/503 694/22/503 743/23/503
f 532/19/505 702/25/505 743/23/505 695/45/505
f 966/23/570 926/24/570 770/11/570 917/22/570
f 974/27/572 967/21/572 769/21/572 917/22/572
f 508/18/714 693/44/714 918/45/714 787/19/714
f 968/11/715 974/27/715 917/22/715 770/11/715
f 925/25/716 966/23/716 917/22/716 769/21/716
f 787/19/718 918/45/718 966/23/718 925/25/718
o Cube.001
v 0.522192 0.623709 0.697735
v 0.000000 0.643878 0.761061
v 0.259321 0.635732 0.742059
v 0.552842 0.531828 0.495759
v 0.542487 0.216296 -0.435908
v 0.542487 0.215153 0.626501
v 0.000000 0.216296 -0.435908
v 0.000000 0.215153 0.626501
v 0.526933 0.215153 0.736151
v 0.000000 0.215153 0.736151
v 0.582528 0.375722 0.774066
v 0.000000 0.389622 0.774066
v 0.582528 0.416746 0.556093
v 0.000000 0.430647 0.571887
v 0.000000 0.531828 0.511552
v 0.526933 0.613794 0.516867
v 0.000000 0.613794 0.532661
v 0.159275 0.531828 0.511552
v 0.163977 0.216296 -0.435908
v 0.163977 0.215153 0.626501
v 0.159275 0.215153 0.736151
v 0.159275 0.389622 0.774066
v 0.159275 0.430647 0.571887
v 0.159275 0.613794 0.532661
v 0.552842 0.531828 0.733791
v 0.542487 0.215838 -0.112493
v 0.000000 0.215838 -0.112493
v 0.163977 0.215838 -0.112493
v 0.075278 0.314597 -0.096421
v 0.000000 0.215153 0.736151
v 0.000000 0.314597 0.757762
v 0.000000 0.314597 -0.096421
v 0.091194 0.215153 0.736151
v 0.091194 0.314597 0.757762
v 0.000000 0.215838 -0.112493
v 0.079980 0.215838 -0.112493
v 0.000000 0.389622 0.774066
v 0.000000 0.430647 0.584554
v 0.000000 0.531828 0.524219
v 0.000000 0.613794 0.545328
v 0.135123 0.531828 0.524219
v 0.135123 0.389622 0.774066
v 0.135123 0.430647 0.584554
v 0.135123 0.613794 0.545328
v 0.000000 0.416811 0.533739
v 0.000000 0.373944 0.771967
v 0.000000 0.517992 0.454589
v 0.000000 0.600435 0.485036
v 0.135123 0.517992 0.454589
v 0.135123 0.373944 0.771967
v 0.135123 0.416811 0.533739
v 0.135123 0.600435 0.485036
v 0.000000 0.319679 0.567145
v 0.000000 0.319679 0.772413
v 0.116772 0.319679 0.772413
v 0.116772 0.319679 0.567145
v 0.000000 0.204336 0.567145
v 0.000000 0.204336 0.772413
v 0.116772 0.204336 0.772413
v 0.116772 0.204336 0.567145
v 0.067583 0.381204 -0.108267
v 0.000000 0.381204 -0.108267
v 0.000000 0.215838 -0.124339
v 0.072284 0.215838 -0.124339
v 0.000000 0.381204 0.125544
v 0.067583 0.381204 0.125544
v 0.072284 0.215838 0.109472
v 0.000000 0.215838 0.109472
v 0.076363 0.381204 -0.118423
v 0.000000 0.381204 -0.118423
v 0.000000 0.381204 0.135701
v 0.076363 0.381204 0.135701
v 0.000000 0.419395 -0.118423
v 0.076363 0.419395 -0.118423
v 0.000000 0.419395 0.135701
v 0.076363 0.419395 0.135701
v 0.503229 0.215153 0.311396
v 0.092420 0.215153 0.311396
v 0.503229 0.215838 -0.064861
v 0.092420 0.215838 -0.064861
v 0.520127 0.350323 -0.122388
v 0.520127 0.349582 0.369413
v 0.075522 0.349582 0.369413
v 0.075522 0.350323 -0.122388
v 0.520127 0.407419 -0.122257
v 0.520127 0.416013 0.369468
v 0.075522 0.416013 0.369468
v 0.075522 0.407419 -0.122257
v 0.511074 0.401312 -0.116975
v 0.511074 0.403913 -0.039206
v 0.084575 0.403913 -0.039206
v 0.084575 0.401312 -0.116975
v 0.511074 0.463911 -0.126177
v 0.511074 0.477455 -0.023890
v 0.084575 0.477455 -0.023890
v 0.084575 0.463911 -0.126177
v 0.470711 0.712154 -0.146098
v 0.470711 0.714585 -0.068240
v 0.124939 0.714585 -0.068240
v 0.124939 0.712154 -0.146098
v 0.432576 0.743380 -0.138561
v 0.432576 0.745810 -0.077727
v 0.163073 0.745810 -0.077727
v 0.163073 0.743380 -0.138561
v 0.369206 0.743721 -0.130631
v 0.369206 0.745469 -0.085657
v 0.226443 0.745469 -0.085657
v 0.226443 0.743721 -0.130631
v 0.369206 0.840002 -0.118543
v 0.369206 0.830242 -0.074605
v 0.226443 0.830242 -0.074605
v 0.226443 0.840002 -0.118543
v 0.372177 0.742711 -0.108385
v 0.223472 0.742711 -0.108385
v 0.372177 0.847108 -0.096333
v 0.223472 0.847108 -0.096333
v 0.503229 0.215153 -0.254837
v 0.000000 0.215153 -0.254837
v 0.503229 0.215838 -0.433465
v 0.000000 0.215838 -0.433465
v 0.520127 0.357705 -0.491501
v 0.520127 0.349582 -0.196820
v 0.000000 0.349582 -0.196820
v 0.000000 0.357705 -0.491501
v 0.520127 0.414801 -0.503340
v 0.520127 0.416013 -0.208733
v 0.000000 0.416013 -0.208733
v 0.000000 0.414801 -0.503340
v 0.511074 0.372912 -0.521481
v 0.511074 0.376814 -0.460832
v 0.000000 0.376814 -0.460832
v 0.000000 0.372912 -0.521481
v 0.511074 0.431543 -0.546742
v 0.511074 0.453087 -0.455683
v 0.000000 0.453087 -0.455683
v 0.000000 0.431543 -0.546742
v 0.470711 0.640150 -0.687632
v 0.470711 0.672506 -0.564026
v 0.000000 0.672506 -0.564026
v 0.000000 0.640150 -0.687632
v 0.432576 0.701552 -0.659025
v 0.432576 0.699483 -0.599062
v 0.000000 0.699483 -0.599062
v 0.000000 0.701552 -0.659025
v 0.353546 0.630608 -0.590298
v 0.353546 0.668086 -0.549174
v 0.147174 0.668086 -0.549174
v 0.147174 0.630608 -0.590298
v 0.353546 0.719227 -0.629831
v 0.353546 0.733637 -0.587192
v 0.147174 0.733637 -0.587192
v 0.147174 0.719227 -0.629831
v 0.357841 0.641267 -0.570746
v 0.142879 0.641267 -0.570746
v 0.357841 0.736810 -0.614515
v 0.142879 0.736810 -0.614515
v 0.346944 0.631724 0.727284
v 0.434568 0.627717 0.712510
v 0.290464 0.531828 0.495759
v 0.421653 0.531828 0.495759
v 0.290147 0.216296 -0.435908
v 0.416317 0.216296 -0.435908
v 0.290147 0.215153 0.626501
v 0.416317 0.215153 0.626501
v 0.281828 0.215153 0.736151
v 0.404381 0.215153 0.736151
v 0.300359 0.384989 0.774066
v 0.441443 0.380355 0.774066
v 0.300359 0.426014 0.556093
v 0.441443 0.421380 0.556093
v 0.281828 0.627838 0.516867
v 0.404381 0.627838 0.516867
v 0.416317 0.215838 -0.112493
v 0.290147 0.215838 -0.112493
v -0.522192 0.623709 0.697735
v -0.259321 0.635732 0.742059
v -0.552842 0.531828 0.495759
v -0.542487 0.216296 -0.435908
v -0.542487 0.215153 0.626501
v -0.526933 0.215153 0.736151
v -0.582528 0.375722 0.774066
v -0.582528 0.416746 0.556093
v -0.526933 0.613794 0.516867
v -0.159275 0.531828 0.511552
v -0.163977 0.216296 -0.435908
v -0.163977 0.215153 0.626501
v -0.159275 0.215153 0.736151
v -0.159275 0.389622 0.774066
v -0.159275 0.430647 0.571887
v -0.159275 0.613794 0.532661
v -0.552842 0.531828 0.733791
v -0.542487 0.215838 -0.112493
v -0.163977 0.215838 -0.112493
v -0.075278 0.314597 -0.096421
v -0.091194 0.215153 0.736151
v -0.091194 0.314597 0.757762
v -0.079980 0.215838 -0.112493
v -0.135123 0.531828 0.524219
v -0.135123 0.389622 0.774066
v -0.135123 0.430647 0.584554
v -0.135123 0.613794 0.545328
v -0.135123 0.517992 0.454589
v -0.135123 0.373944 0.771967
v -0.135123 0.416811 0.533739
v -0.135123 0.600435 0.485036
v -0.116772 0.319679 0.772413
v -0.116772 0.319679 0.567145
v -0.116772 0.204336 0.772413
v -0.116772 0.204336 0.567145
v -0.067583 0.381204 -0.108267
v -0.072284 0.215838 -0.124339
v -0.067583 0.381204 0.125544
v -0.072284 0.215838 0.109472
v -0.076363 0.381204 -0.118423
v -0.076363 0.381204 0.135701
v -0.076363 0.419395 -0.118423
v -0.076363 0.419395 0.135701
v -0.503229 0.215153 0.311396
v -0.092420 0.215153 0.311396
v -0.503229 0.215838 -0.064861
v -0.092420 0.215838 -0.064861
v -0.520127 0.350323 -0.122388
v -0.520127 0.349582 0.369413
v -0.075522 0.349582 0.369413
v -0.075522 0.350323 -0.122388
v -0.520127 0.407419 -0.122257
v -0.520127 0.416013 0.369468
v -0.075522 0.416013 0.369468
v -0.075522 0.407419 -0.122257
v -0.511074 0.401312 -0.116975
v -0.511074 0.403913 -0.039206
v -0.084575 0.403913 -0.039206
v -0.084575 0.401312 -0.116975
v -0.511074 0.463911 -0.126177
v -0.511074 0.477455 -0.023890
v -0.084575 0.477455 -0.023890
v -0.084575 0.463911 -0.126177
v -0.470711 0.712154 -0.146098
v -0.470711 0.714585 -0.068240
v -0.124939 0.714585 -0.068240
v -0.124939 0.712154 -0.146098
v -0.432576 0.743380 -0.138561
v -0.432576 0.745810 -0.077727
v -0.163073 0.745810 -0.077727
v -0.163073 0.743380 -0.138561
v -0.369206 0.743721 -0.130631
v -0.369206 0.745469 -0.085657
v -0.226443 0.745469 -0.085657
v -0.226443 0.743721 -0.130631
v -0.369206 0.840002 -0.118543
v -0.369206 0.830242 -0.074605
v -0.226443 0.830242 -0.074605
v -0.226443 0.840002 -0.118543
v -0.372177 0.742711 -0.108385
v -0.223472 0.742711 -0.108385
v -0.372177 0.847108 -0.096333
v -0.223472 0.847108 -0.096333
v -0.503229 0.215153 -0.254837
v -0.503229 0.215838 -0.433465
v -0.520127 0.357705 -0.491501
v -0.520127 0.349582 -0.196820
v -0.520127 0.414801 -0.503340
v -0.520127 0.416013 -0.208733
v -0.511074 0.372912 -0.521481
v -0.511074 0.376814 -0.460832
v -0.511074 0.431543 -0.546742
v -0.511074 0.453087 -0.455683
v -0.470711 0.640150 -0.687632
v -0.470711 0.672506 -0.564026
v -0.432576 0.701552 -0.659025
v -0.432576 0.699483 -0.599062
v -0.353546 0.630608 -0.590298
v -0.353546 0.668086 -0.549174
v -0.147174 0.668086 -0.549174
v -0.147174 0.630608 -0.590298
v -0.353546 0.719227 -0.629831
v -0.353546 0.733637 -0.587192
v -0.147174 0.733637 -0.587192
v -0.147174 0.719227 -0.629831
v -0.357841 0.641267 -0.570746
v -0.142879 0.641267 -0.570746
v -0.357841 0.736810 -0.614515
v -0.142879 0.736810 -0.614515
v -0.346944 0.631724 0.727284
v -0.434568 0.627717 0.712510
v -0.290464 0.531828 0.495759
v -0.421653 0.531828 0.495759
v -0.290147 0.216296 -0.435908
v -0.416317 0.216296 -0.435908
v -0.290147 0.215153 0.626501
v -0.416317 0.215153 0.626501
v -0.281828 0.215153 0.736151
v -0.404381 0.215153 0.736151
v -0.300359 0.384989 0.774066
v -0.441443 0.380355 0.774066
v -0.300359 0.426014 0.556093
v -0.441443 0.421380 0.556093
v -0.281828 0.627838 0.516867
v -0.404381 0.627838 0.516867
v -0.416317 0.215838 -0.112493
v -0.290147 0.215838 -0.112493
vn -0.0000 1.0000 0.0014
vn -0.0000 1.0000 -0.0000
vn -0.0000 0.2124 -0.9772
vn -0.0000 -0.9800 -0.1989
vn -0.0000 -0.5122 -0.8589
vn -0.0000 0.2494 -0.9684
vn 0.0138 0.9925 -0.1211
vn -0.1326 0.2227 -0.9658
vn -0.1080 -0.5045 -0.8566
vn -0.0429 -0.9806 -0.1915
vn 0.0038 0.2149 -0.9766
vn 0.0833 0.9960 -0.0315
vn 0.9508 0.3096 0.0034
vn 0.9751 0.2209 0.0199
vn -0.0000 1.0000 0.0009
vn -0.0000 -1.0000 -0.0000
vn -0.0000 -0.1606 0.9870
vn -0.0000 1.0000 0.0008
vn -0.9995 -0.0267 0.0159
vn -0.0000 0.9774 0.2116
vn -0.0000 0.5122 0.8589
vn -0.0000 -0.2494 0.9684
vn -0.0000 0.0082 1.0000
vn -0.0000 -0.6161 -0.7876
vn -0.0000 0.3464 -0.9381
vn 1.0000 -0.0000 -0.0000
vn -0.0000 0.9763 -0.2163
vn -0.0000 -0.1327 0.9912
vn 0.9704 -0.2404 -0.0232
vn -0.0000 -0.3252 -0.9456
vn -0.0000 -0.0000 1.0000
vn -0.0000 -0.0000 -1.0000
vn -0.0000 0.0967 -0.9953
vn -0.0000 -0.0967 0.9953
vn 0.9996 0.0284 -0.0000
vn -0.0000 -1.0000 -0.0018
vn -1.0000 -0.0000 -0.0000
vn -0.9922 -0.1247 -0.0002
vn 0.9922 -0.1247 -0.0002
vn -0.0000 -0.3933 -0.9194
vn -0.0000 -0.3962 0.9181
vn -0.0000 0.9998 -0.0175
vn -0.0000 0.0023 -1.0000
vn -0.0000 -0.0008 1.0000
vn -0.0000 -0.9994 0.0334
vn -0.9867 0.1622 -0.0144
vn -0.0000 -0.2039 0.9790
vn -0.0000 -0.1454 -0.9894
vn 0.6337 0.7731 -0.0271
vn 0.9867 0.1622 -0.0144
vn -0.0000 -0.0800 -0.9968
vn -0.0000 0.1838 0.9830
vn -0.0000 0.9992 -0.0399
vn -0.0000 0.2346 -0.9721
vn -0.0000 0.2907 0.9568
vn -0.6337 0.7731 -0.0271
vn -0.0000 -0.9990 -0.0453
vn -0.0000 0.9524 -0.3048
vn -0.9917 -0.0156 0.1276
vn 0.9908 0.0162 -0.1346
vn -0.0000 0.1246 -0.9922
vn -0.0000 -0.1293 0.9916
vn 0.9917 -0.0156 0.1276
vn -0.9908 0.0162 -0.1346
vn -0.0000 0.7899 0.6132
vn -0.0000 -0.9927 0.1205
vn -0.0000 -1.0000 -0.0038
vn -0.0000 -0.9979 0.0642
vn 0.9926 -0.1214 -0.0023
vn -0.0000 -0.3786 -0.9255
vn -0.0000 1.0000 -0.0041
vn -0.0000 -0.2030 -0.9792
vn -0.0000 0.1765 0.9843
vn -0.0000 -0.0674 0.9977
vn -0.0000 -0.3957 -0.9184
vn 0.7566 0.6452 -0.1064
vn 0.9859 0.1622 -0.0407
vn -0.0000 -0.5597 -0.8287
vn -0.0000 0.4427 0.8966
vn -0.0000 0.9994 0.0345
vn -0.0000 0.4223 -0.9065
vn -0.0000 0.7923 0.6101
vn -0.0000 -0.8780 0.4787
vn -0.0000 0.6568 -0.7540
vn -0.9877 0.0707 0.1393
vn 0.9810 -0.0800 -0.1769
vn -0.0000 -0.4074 -0.9132
vn -0.0000 0.5017 0.8650
vn 0.9877 0.0707 0.1393
vn -0.9810 -0.0800 -0.1769
vn -0.0000 0.9933 0.1153
vn -0.0000 -0.6268 0.7792
vn -0.0535 0.9978 -0.0403
vn 0.0181 0.9997 -0.0135
vn 0.0040 0.2256 -0.9742
vn 0.0039 0.2201 -0.9755
vn -0.0323 -0.9822 -0.1849
vn -0.0081 -0.4731 -0.8810
vn -0.0083 -0.4881 -0.8727
vn 0.0129 0.2338 -0.9722
vn -0.0000 0.2147 -0.9767
vn -0.0138 0.9925 -0.1211
vn 0.1326 0.2227 -0.9658
vn 0.1080 -0.5045 -0.8566
vn 0.0429 -0.9806 -0.1915
vn -0.0038 0.2149 -0.9766
vn -0.0833 0.9960 -0.0315
vn -0.9508 0.3096 0.0034
vn -0.9751 0.2209 0.0199
vn 0.9995 -0.0267 0.0159
vn -0.9704 -0.2404 -0.0232
vn -0.9996 0.0284 -0.0000
vn -0.9926 -0.1214 -0.0023
vn -0.7566 0.6452 -0.1064
vn -0.9859 0.1622 -0.0407
vn 0.0535 0.9978 -0.0403
vn -0.0181 0.9997 -0.0135
vn -0.0040 0.2256 -0.9742
vn -0.0039 0.2201 -0.9755
vn 0.0323 -0.9822 -0.1849
vn 0.0081 -0.4731 -0.8810
vn 0.0083 -0.4881 -0.8727
vn -0.0129 0.2338 -0.9722
vt 0.412950 0.585742
vt 0.412950 0.500000
vt 0.412950 0.500000
vt 0.412950 0.713958
vt 0.412950 0.713958
vt 0.412950 0.713958
vt 0.750000 0.724066
vt 0.687500 0.724066
vt 0.412949 0.713958
vt 0.412949 0.500000
vt 0.645833 0.724066
vt 0.625000 0.724066
vt 0.000000 0.000000
vt 0.412950 0.649850
vt 0.412949 0.585742
vt 0.666667 0.724066
s 0
f 1004/116/852 995/117/852 983/118/852 1003/116/852
f 996/119/853 984/119/853 986/119/853 997/120/853
f 997/120/854 986/119/854 988/119/854 998/119/854
f 998/119/855 988/119/855 990/119/855 999/121/855
f 999/121/856 990/119/856 991/119/856 994/119/856
f 994/119/857 991/119/857 993/119/857 1000/119/857
f 993/119/858 978/122/858 979/123/858 1000/119/858
f 1135/124/859 994/119/859 1000/119/859 1147/124/859
f 1145/119/860 999/121/860 994/119/860 1135/124/860
f 1143/124/861 998/119/861 999/121/861 1145/119/861
f 1141/119/862 997/120/862 998/119/862 1143/124/862
f 1139/124/853 996/119/853 997/120/853 1141/119/853
f 1150/116/852 1137/125/852 995/117/852 1004/116/852
f 1148/119/863 1134/126/863 977/127/863 992/119/863
f 980/119/864 992/119/864 977/127/864 1001/128/864
f 987/119/865 989/119/865 980/119/865 1001/128/865
f 1139/124/866 1150/116/866 1004/116/866 996/119/866
f 996/119/866 1004/116/866 1003/116/866 984/119/866
f 1010/119/867 1007/119/867 1008/119/867 1005/119/867
f 1009/120/854 1006/119/854 1007/119/854 1010/119/854
f 1008/119/868 1011/116/868 1012/116/868 1005/119/868
f 1009/120/869 1012/116/869 1011/116/869 1006/119/869
f 1010/119/870 1005/119/870 1012/116/870 1009/120/870
f 1018/119/871 1019/121/871 1014/119/871 1013/119/871
f 1019/121/872 1017/119/872 1015/119/872 1014/119/872
f 1017/119/873 1020/119/873 1016/119/873 1015/119/873
f 1026/119/874 1022/119/874 1030/119/874 1031/119/874
f 1027/121/875 1021/119/875 1023/119/875 1025/119/875
f 1025/119/876 1023/119/876 1024/119/876 1028/119/876
f 1019/121/877 1018/119/877 1026/119/877 1027/121/877
f 1020/119/877 1017/119/877 1025/119/877 1028/119/877
f 1017/119/877 1019/121/877 1027/121/877 1025/119/877
f 1016/119/878 1020/119/878 1028/119/878 1024/119/878
f 1018/119/879 1013/119/879 1022/119/879 1026/119/879
f 1032/121/877 1031/119/877 1035/119/877 1036/121/877
f 1027/121/880 1026/119/880 1031/119/880 1032/121/880
f 1021/119/881 1027/121/881 1032/121/881 1029/119/881
f 1035/119/867 1034/119/867 1033/119/867 1036/121/867
f 1031/119/882 1030/119/882 1034/119/882 1035/119/882
f 1029/119/883 1032/121/883 1036/121/883 1033/119/883
f 1038/119/884 1037/119/884 1040/116/884 1039/116/884
f 1041/119/885 1044/116/885 1043/116/885 1042/119/885
f 1037/119/853 1038/119/853 1041/119/853 1042/119/853
f 1040/116/886 1037/119/886 1042/119/886 1043/116/886
f 1039/116/867 1040/116/867 1043/116/867 1044/116/867
f 1045/119/867 1048/119/867 1047/119/867 1046/119/867
f 1050/119/853 1049/119/853 1051/119/853 1052/119/853
f 1048/119/877 1045/119/877 1050/119/877 1052/119/877
f 1047/119/882 1048/119/882 1052/119/882 1051/119/882
f 1045/119/883 1046/119/883 1049/119/883 1050/119/883
f 1053/119/887 1054/119/887 1056/116/887 1055/116/887
f 1060/116/888 1059/119/888 1063/119/888 1064/116/888
f 1056/116/889 1054/119/889 1059/119/889 1060/116/889
f 1053/119/890 1055/116/890 1057/116/890 1058/119/890
f 1055/116/891 1056/116/891 1060/116/891 1057/116/891
f 1054/119/892 1053/119/892 1058/119/892 1059/119/892
f 1062/119/893 1061/116/893 1064/116/893 1063/119/893
f 1058/119/877 1057/116/877 1061/116/877 1062/119/877
f 1057/116/894 1060/116/894 1064/116/894 1061/116/894
f 1059/119/895 1058/119/895 1062/119/895 1063/119/895
f 1066/119/896 1067/119/896 1068/116/896 1065/116/896
f 1072/116/897 1071/119/897 1075/119/897 1076/116/897
f 1067/119/898 1066/119/898 1070/119/898 1071/119/898
f 1068/116/888 1067/119/888 1071/119/888 1072/116/888
f 1066/119/877 1065/116/877 1069/116/877 1070/119/877
f 1065/116/899 1068/116/899 1072/116/899 1069/116/899
f 1074/119/900 1073/116/900 1077/116/900 1078/119/900
f 1070/119/901 1069/116/901 1073/116/901 1074/119/901
f 1069/116/902 1072/116/902 1076/116/902 1073/116/902
f 1071/119/903 1070/119/903 1074/119/903 1075/119/903
f 1078/119/904 1077/116/904 1080/116/904 1079/119/904
f 1073/116/905 1076/116/905 1080/116/905 1077/116/905
f 1075/119/906 1074/119/906 1078/119/906 1079/119/906
f 1076/116/907 1075/119/907 1079/119/907 1080/116/907
f 1089/129/908 1090/129/908 1084/116/908 1081/116/908
f 1091/129/909 1085/116/909 1088/116/909 1092/129/909
f 1090/129/910 1083/119/910 1087/119/910 1092/129/910
f 1089/129/911 1081/116/911 1085/116/911 1091/129/911
f 1081/116/912 1084/116/912 1088/116/912 1085/116/912
f 1083/119/913 1082/119/913 1086/119/913 1087/119/913
f 1082/119/914 1089/129/914 1091/129/914 1086/119/914
f 1084/116/915 1090/129/915 1092/129/915 1088/116/915
f 1086/119/916 1091/129/916 1092/129/916 1087/119/916
f 1082/119/917 1083/119/917 1090/129/917 1089/129/917
f 1093/119/918 1094/119/918 1096/116/918 1095/116/918
f 1106/119/919 1107/119/919 1108/116/919 1105/116/919
f 1093/119/920 1095/116/920 1097/116/920 1098/119/920
f 1095/116/921 1096/116/921 1100/116/921 1097/116/921
f 1094/119/892 1093/119/892 1098/119/892 1099/119/892
f 1102/119/922 1101/116/922 1104/116/922 1103/119/922
f 1098/119/877 1097/116/877 1101/116/877 1102/119/877
f 1097/116/923 1100/116/923 1104/116/923 1101/116/923
f 1099/119/924 1098/119/924 1102/119/924 1103/119/924
f 1107/119/925 1106/119/925 1110/119/925 1111/119/925
f 1106/119/877 1105/116/877 1109/116/877 1110/119/877
f 1105/116/926 1108/116/926 1112/116/926 1109/116/926
f 1114/119/927 1113/116/927 1117/116/927 1118/119/927
f 1110/119/928 1109/116/928 1113/116/928 1114/119/928
f 1109/116/929 1112/116/929 1116/116/929 1113/116/929
f 1111/119/930 1110/119/930 1114/119/930 1115/119/930
f 1118/119/931 1117/116/931 1120/116/931 1119/119/931
f 1113/116/932 1116/116/932 1120/116/932 1117/116/932
f 1115/119/933 1114/119/933 1118/119/933 1119/119/933
f 1129/129/934 1130/129/934 1124/116/934 1121/116/934
f 1131/129/935 1125/116/935 1128/116/935 1132/129/935
f 1130/129/936 1123/119/936 1127/119/936 1132/129/936
f 1129/129/937 1121/116/937 1125/116/937 1131/129/937
f 1121/116/938 1124/116/938 1128/116/938 1125/116/938
f 1123/119/939 1122/119/939 1126/119/939 1127/119/939
f 1122/119/940 1129/129/940 1131/129/940 1126/119/940
f 1124/116/941 1130/129/941 1132/129/941 1128/116/941
f 1126/119/942 1131/129/942 1132/129/942 1127/119/942
f 1122/119/943 1123/119/943 1130/129/943 1129/129/943
f 982/119/866 1002/116/866 1149/130/866 1140/119/866
f 1140/119/866 1149/130/866 1150/116/866 1139/124/866
f 1000/119/944 979/123/944 1133/131/944 1147/124/944
f 1147/124/945 1133/131/945 1134/126/945 1148/119/945
f 1002/116/852 981/118/852 1138/117/852 1149/130/852
f 1149/130/852 1138/117/852 1137/125/852 1150/116/852
f 982/119/853 1140/119/853 1142/119/853 985/119/853
f 1140/119/853 1139/124/853 1141/119/853 1142/119/853
f 985/119/946 1142/119/946 1144/119/946 987/119/946
f 1142/119/947 1141/119/947 1143/124/947 1144/119/947
f 987/119/948 1144/119/948 1146/119/948 989/119/948
f 1144/119/948 1143/124/948 1145/119/948 1146/119/948
f 989/119/949 1146/119/949 1136/119/949 980/119/949
f 1146/119/950 1145/119/950 1135/124/950 1136/119/950
f 980/119/951 1136/119/951 1148/119/951 992/119/951
f 1136/119/952 1135/124/952 1147/124/952 1148/119/952
f 1169/116/852 1003/116/852 983/118/852 1161/117/852
f 1162/119/853 1163/120/853 986/119/853 984/119/853
f 1163/120/854 1164/119/854 988/119/854 986/119/854
f 1164/119/855 1165/121/855 990/119/855 988/119/855
f 1165/121/856 1160/119/856 991/119/856 990/119/856
f 1160/119/857 1166/119/857 993/119/857 991/119/857
f 993/119/953 1166/119/953 1152/123/953 978/122/953
f 1262/124/954 1274/124/954 1166/119/954 1160/119/954
f 1272/119/955 1262/124/955 1160/119/955 1165/121/955
f 1270/124/956 1272/119/956 1165/121/956 1164/119/956
f 1268/119/957 1270/124/957 1164/119/957 1163/120/957
f 1266/124/853 1268/119/853 1163/120/853 1162/119/853
f 1277/116/852 1169/116/852 1161/117/852 1264/125/852
f 1275/119/958 1159/119/958 1151/127/958 1261/126/958
f 1153/119/959 1167/128/959 1151/127/959 1159/119/959
f 1157/119/960 1167/128/960 1153/119/960 1158/119/960
f 1266/124/866 1162/119/866 1169/116/866 1277/116/866
f 1162/119/866 984/119/866 1003/116/866 1169/116/866
f 1172/119/867 1170/119/867 1008/119/867 1007/119/867
f 1171/120/854 1172/119/854 1007/119/854 1006/119/854
f 1008/119/868 1170/119/868 1173/116/868 1011/116/868
f 1171/120/869 1006/119/869 1011/116/869 1173/116/869
f 1172/119/961 1171/120/961 1173/116/961 1170/119/961
f 1175/119/871 1013/119/871 1014/119/871 1176/121/871
f 1176/121/872 1014/119/872 1015/119/872 1174/119/872
f 1174/119/873 1015/119/873 1016/119/873 1177/119/873
f 1179/119/874 1182/119/874 1030/119/874 1022/119/874
f 1180/121/875 1178/119/875 1023/119/875 1021/119/875
f 1178/119/876 1181/119/876 1024/119/876 1023/119/876
f 1176/121/888 1180/121/888 1179/119/888 1175/119/888
f 1177/119/888 1181/119/888 1178/119/888 1174/119/888
f 1174/119/888 1178/119/888 1180/121/888 1176/121/888
f 1016/119/878 1024/119/878 1181/119/878 1177/119/878
f 1175/119/879 1179/119/879 1022/119/879 1013/119/879
f 1183/121/888 1185/121/888 1184/119/888 1182/119/888
f 1180/121/962 1183/121/962 1182/119/962 1179/119/962
f 1021/119/881 1029/119/881 1183/121/881 1180/121/881
f 1184/119/867 1185/121/867 1033/119/867 1034/119/867
f 1182/119/882 1184/119/882 1034/119/882 1030/119/882
f 1029/119/883 1033/119/883 1185/121/883 1183/121/883
f 1038/119/884 1039/116/884 1187/116/884 1186/119/884
f 1041/119/885 1188/119/885 1189/116/885 1044/116/885
f 1186/119/853 1188/119/853 1041/119/853 1038/119/853
f 1187/116/963 1189/116/963 1188/119/963 1186/119/963
f 1039/116/867 1044/116/867 1189/116/867 1187/116/867
f 1190/119/867 1046/119/867 1047/119/867 1191/119/867
f 1192/119/853 1193/119/853 1051/119/853 1049/119/853
f 1191/119/888 1193/119/888 1192/119/888 1190/119/888
f 1047/119/882 1051/119/882 1193/119/882 1191/119/882
f 1190/119/883 1192/119/883 1049/119/883 1046/119/883
f 1194/119/887 1196/116/887 1197/116/887 1195/119/887
f 1201/116/877 1205/116/877 1204/119/877 1200/119/877
f 1197/116/890 1201/116/890 1200/119/890 1195/119/890
f 1194/119/889 1199/119/889 1198/116/889 1196/116/889
f 1196/116/891 1198/116/891 1201/116/891 1197/116/891
f 1195/119/892 1200/119/892 1199/119/892 1194/119/892
f 1203/119/893 1204/119/893 1205/116/893 1202/116/893
f 1199/119/888 1203/119/888 1202/116/888 1198/116/888
f 1198/116/894 1202/116/894 1205/116/894 1201/116/894
f 1200/119/895 1204/119/895 1203/119/895 1199/119/895
f 1207/119/896 1206/116/896 1209/116/896 1208/119/896
f 1213/116/901 1217/116/901 1216/119/901 1212/119/901
f 1208/119/898 1212/119/898 1211/119/898 1207/119/898
f 1209/116/877 1213/116/877 1212/119/877 1208/119/877
f 1207/119/888 1211/119/888 1210/116/888 1206/116/888
f 1206/116/899 1210/116/899 1213/116/899 1209/116/899
f 1215/119/907 1219/119/907 1218/116/907 1214/116/907
f 1211/119/897 1215/119/897 1214/116/897 1210/116/897
f 1210/116/902 1214/116/902 1217/116/902 1213/116/902
f 1212/119/903 1216/119/903 1215/119/903 1211/119/903
f 1219/119/904 1220/119/904 1221/116/904 1218/116/904
f 1214/116/905 1218/116/905 1221/116/905 1217/116/905
f 1216/119/906 1220/119/906 1219/119/906 1215/119/906
f 1217/116/900 1221/116/900 1220/119/900 1216/119/900
f 1230/129/908 1222/116/908 1225/116/908 1231/129/908
f 1232/129/909 1233/129/909 1229/116/909 1226/116/909
f 1231/129/914 1233/129/914 1228/119/914 1224/119/914
f 1230/129/915 1232/129/915 1226/116/915 1222/116/915
f 1222/116/912 1226/116/912 1229/116/912 1225/116/912
f 1224/119/913 1228/119/913 1227/119/913 1223/119/913
f 1223/119/910 1227/119/910 1232/129/910 1230/129/910
f 1225/116/911 1229/116/911 1233/129/911 1231/129/911
f 1227/119/916 1228/119/916 1233/129/916 1232/129/916
f 1223/119/917 1230/129/917 1231/129/917 1224/119/917
f 1234/119/918 1235/116/918 1096/116/918 1094/119/918
f 1241/119/919 1240/116/919 1108/116/919 1107/119/919
f 1234/119/964 1237/119/964 1236/116/964 1235/116/964
f 1235/116/921 1236/116/921 1100/116/921 1096/116/921
f 1094/119/892 1099/119/892 1237/119/892 1234/119/892
f 1239/119/922 1103/119/922 1104/116/922 1238/116/922
f 1237/119/888 1239/119/888 1238/116/888 1236/116/888
f 1236/116/923 1238/116/923 1104/116/923 1100/116/923
f 1099/119/924 1103/119/924 1239/119/924 1237/119/924
f 1107/119/925 1111/119/925 1243/119/925 1241/119/925
f 1241/119/888 1243/119/888 1242/116/888 1240/116/888
f 1240/116/926 1242/116/926 1112/116/926 1108/116/926
f 1245/119/965 1247/119/965 1246/116/965 1244/116/965
f 1243/119/966 1245/119/966 1244/116/966 1242/116/966
f 1242/116/929 1244/116/929 1116/116/929 1112/116/929
f 1111/119/930 1115/119/930 1245/119/930 1243/119/930
f 1247/119/931 1119/119/931 1120/116/931 1246/116/931
f 1244/116/932 1246/116/932 1120/116/932 1116/116/932
f 1115/119/933 1119/119/933 1247/119/933 1245/119/933
f 1256/129/934 1248/116/934 1251/116/934 1257/129/934
f 1258/129/935 1259/129/935 1255/116/935 1252/116/935
f 1257/129/940 1259/129/940 1254/119/940 1250/119/940
f 1256/129/941 1258/129/941 1252/116/941 1248/116/941
f 1248/116/938 1252/116/938 1255/116/938 1251/116/938
f 1250/119/939 1254/119/939 1253/119/939 1249/119/939
f 1249/119/936 1253/119/936 1258/129/936 1256/129/936
f 1251/116/937 1255/116/937 1259/129/937 1257/129/937
f 1253/119/942 1254/119/942 1259/129/942 1258/129/942
f 1249/119/943 1256/129/943 1257/129/943 1250/119/943
f 1155/119/866 1267/119/866 1276/130/866 1168/116/866
f 1267/119/866 1266/124/866 1277/116/866 1276/130/866
f 1166/119/967 1274/124/967 1260/131/967 1152/123/967
f 1274/124/968 1275/119/968 1261/126/968 1260/131/968
f 1168/116/852 1276/130/852 1265/117/852 1154/118/852
f 1276/130/852 1277/116/852 1264/125/852 1265/117/852
f 1155/119/853 1156/119/853 1269/119/853 1267/119/853
f 1267/119/853 1269/119/853 1268/119/853 1266/124/853
f 1156/119/969 1157/119/969 1271/119/969 1269/119/969
f 1269/119/970 1271/119/970 1270/124/970 1268/119/970
f 1157/119/971 1158/119/971 1273/119/971 1271/119/971
f 1271/119/971 1273/119/971 1272/119/971 1270/124/971
f 1158/119/972 1153/119/972 1263/119/972 1273/119/972
f 1273/119/973 1263/119/973 1262/124/973 1272/119/973
f 1153/119/974 1159/119/974 1275/119/974 1263/119/974
f 1263/119/952 1275/119/952 1274/124/952 1262/124/952
o Cube.002
v 0.550334 0.604166 0.619075
v 0.597713 0.395118 0.648922
v 0.395637 0.917422 0.230082
v 0.532557 0.624952 0.613401
v 0.395637 0.931681 0.140276
v 0.432362 0.845089 0.348144
v 0.495280 0.710353 0.532844
v 0.542487 0.215153 0.626501
v 0.550334 0.604077 0.661371
v 0.597713 0.395055 0.678859
v 0.532625 0.624330 0.655568
v 0.376066 0.940772 0.234073
v 0.376692 0.955370 0.143079
v 0.417351 0.853227 0.366771
v 0.485843 0.720082 0.549542
v 0.542487 0.215134 0.655210
v 0.395637 0.942471 -0.002335
v 0.377613 0.966744 -0.003555
v 0.542487 0.215725 -0.119913
v 0.597713 0.395625 -0.105083
v 0.550334 0.606048 -0.121574
v 0.531128 0.638105 -0.135219
v 0.378741 0.968199 -0.162109
v 0.395637 0.944358 -0.160894
v 0.542487 0.215248 0.524736
v 0.597713 0.395201 0.539182
v 0.550334 0.604477 0.500407
v 0.532321 0.627123 0.493417
v 0.479387 0.744387 0.486189
v 0.468542 0.753713 0.503375
v 0.520813 0.589418 0.618978
v 0.515920 0.396349 0.648920
v 0.370891 0.896189 0.225005
v 0.505111 0.606653 0.612482
v 0.369743 0.911376 0.137783
v 0.408318 0.823485 0.341502
v 0.466377 0.694535 0.531005
v 0.510939 0.224834 0.626512
v 0.520530 0.589910 0.661287
v 0.515916 0.396170 0.678858
v 0.506335 0.604399 0.654794
v 0.351073 0.919724 0.229452
v 0.350799 0.935065 0.140584
v 0.393284 0.831678 0.360035
v 0.458004 0.702681 0.546196
v 0.510939 0.224815 0.655224
v 0.369227 0.922708 -0.003327
v 0.351177 0.947014 -0.004485
v 0.510939 0.225408 -0.119905
v 0.515897 0.395550 -0.105087
v 0.491287 0.591548 -0.121684
v 0.503874 0.619499 -0.135386
v 0.352042 0.948807 -0.162408
v 0.368938 0.924966 -0.161193
v 0.510939 0.224930 0.524745
v 0.515921 0.396443 0.539180
v 0.491032 0.590511 0.500307
v 0.504401 0.609531 0.493289
v 0.453033 0.725100 0.481445
v 0.443173 0.733403 0.497641
v 0.524600 0.630657 -0.106110
v 0.387534 0.946246 -0.133538
v 0.524549 0.631124 -0.131958
v 0.387483 0.946713 -0.159385
v 0.513645 0.626399 -0.132022
v 0.513696 0.625931 -0.106175
v 0.376579 0.941988 -0.159449
v 0.376630 0.941520 -0.133602
v 0.558678 0.563763 -0.101280
v 0.553841 0.585247 -0.102963
v 0.558678 0.563415 0.050045
v 0.553841 0.584866 0.047714
v 0.567400 0.588303 -0.102956
v 0.572237 0.566819 -0.101272
v 0.572237 0.566471 0.050052
v 0.567400 0.587922 0.047722
v 0.568587 0.637374 0.542350
v 0.568587 0.696831 0.542350
v 0.573923 0.631585 0.492425
v 0.573923 0.703455 0.492425
v 0.666233 0.644412 0.529710
v 0.666233 0.689793 0.529710
v 0.691956 0.640092 0.494159
v 0.691956 0.694948 0.494159
v 0.667522 0.631585 0.492425
v 0.667522 0.703455 0.492425
v 0.646020 0.637374 0.542350
v 0.646020 0.696831 0.542350
v 0.531529 0.632497 0.502535
v 0.533515 0.638128 0.533986
v 0.525409 0.680081 0.533986
v 0.521731 0.683208 0.502535
v 0.573923 0.631585 0.517936
v 0.573923 0.703455 0.517936
v 0.691956 0.640092 0.511163
v 0.691956 0.694948 0.511163
v 0.667522 0.703455 0.517936
v 0.667522 0.631585 0.517936
v 0.531529 0.632497 0.517936
v 0.521731 0.683208 0.517936
v 0.517832 0.629850 0.519236
v 0.519818 0.635482 0.535286
v 0.511712 0.677434 0.535286
v 0.508034 0.680561 0.519236
v 0.508034 0.680561 0.503836
v 0.517832 0.629850 0.503836
v -0.550334 0.604166 0.619075
v -0.597713 0.395118 0.648922
v -0.395637 0.917422 0.230082
v -0.532557 0.624952 0.613401
v -0.395637 0.931681 0.140276
v -0.432362 0.845089 0.348144
v -0.495280 0.710353 0.532844
v -0.542487 0.215153 0.626501
v -0.550334 0.604077 0.661371
v -0.597713 0.395055 0.678859
v -0.532625 0.624330 0.655568
v -0.376066 0.940772 0.234073
v -0.376692 0.955370 0.143079
v -0.417351 0.853227 0.366771
v -0.485843 0.720082 0.549542
v -0.542487 0.215134 0.655210
v -0.395637 0.942471 -0.002335
v -0.377613 0.966744 -0.003555
v -0.542487 0.215725 -0.119913
v -0.597713 0.395625 -0.105083
v -0.550334 0.606048 -0.121574
v -0.531128 0.638105 -0.135219
v -0.378741 0.968199 -0.162109
v -0.395637 0.944358 -0.160894
v -0.542487 0.215248 0.524736
v -0.597713 0.395201 0.539182
v -0.550334 0.604477 0.500407
v -0.532321 0.627123 0.493417
v -0.479387 0.744387 0.486189
v -0.468542 0.753713 0.503375
v -0.520813 0.589418 0.618978
v -0.515920 0.396349 0.648920
v -0.370891 0.896189 0.225005
v -0.505111 0.606653 0.612482
v -0.369743 0.911376 0.137783
v -0.408318 0.823485 0.341502
v -0.466377 0.694535 0.531005
v -0.510939 0.224834 0.626512
v -0.520530 0.589910 0.661287
v -0.515916 0.396170 0.678858
v -0.506335 0.604399 0.654794
v -0.351073 0.919724 0.229452
v -0.350799 0.935065 0.140584
v -0.393284 0.831678 0.360035
v -0.458004 0.702681 0.546196
v -0.510939 0.224815 0.655224
v -0.369227 0.922708 -0.003327
v -0.351177 0.947014 -0.004485
v -0.510939 0.225408 -0.119905
v -0.515897 0.395550 -0.105087
v -0.491287 0.591548 -0.121684
v -0.503874 0.619499 -0.135386
v -0.352042 0.948807 -0.162408
v -0.368938 0.924966 -0.161193
v -0.510939 0.224930 0.524745
v -0.515921 0.396443 0.539180
v -0.491032 0.590511 0.500307
v -0.504401 0.609531 0.493289
v -0.453033 0.725100 0.481445
v -0.443173 0.733403 0.497641
v -0.524600 0.630657 -0.106110
v -0.387534 0.946246 -0.133538
v -0.524549 0.631124 -0.131958
v -0.387483 0.946713 -0.159385
v -0.513645 0.626399 -0.132022
v -0.513696 0.625931 -0.106175
v -0.376579 0.941988 -0.159449
v -0.376630 0.941520 -0.133602
v -0.558678 0.563763 -0.101280
v -0.553841 0.585247 -0.102963
v -0.558678 0.563415 0.050045
v -0.553841 0.584866 0.047714
v -0.567400 0.588303 -0.102956
v -0.572237 0.566819 -0.101272
v -0.572237 0.566471 0.050052
v -0.567400 0.587922 0.047722
v -0.568587 0.637374 0.542350
v -0.568587 0.696831 0.542350
v -0.573923 0.631585 0.492425
v -0.573923 0.703455 0.492425
v -0.666233 0.644412 0.529710
v -0.666233 0.689793 0.529710
v -0.691956 0.640092 0.494159
v -0.691956 0.694948 0.494159
v -0.667522 0.631585 0.492425
v -0.667522 0.703455 0.492425
v -0.646020 0.637374 0.542350
v -0.646020 0.696831 0.542350
v -0.531529 0.632497 0.502535
v -0.533515 0.638128 0.533986
v -0.525409 0.680081 0.533986
v -0.521731 0.683208 0.502535
v -0.573923 0.631585 0.517936
v -0.573923 0.703455 0.517936
v -0.691956 0.640092 0.511163
v -0.691956 0.694948 0.511163
v -0.667522 0.703455 0.517936
v -0.667522 0.631585 0.517936
v -0.531529 0.632497 0.517936
v -0.521731 0.683208 0.517936
v -0.517832 0.629850 0.519236
v -0.519818 0.635482 0.535286
v -0.511712 0.677434 0.535286
v -0.508034 0.680561 0.519236
v -0.508034 0.680561 0.503836
v -0.517832 0.629850 0.503836
vn 0.7557 0.6549 0.0049
vn 0.7268 0.6589 0.1940
vn 0.8774 0.4752 0.0661
vn 0.7952 0.5888 0.1449
vn 0.7769 0.6214 0.1019
vn 0.9753 0.2211 0.0005
vn 0.9560 -0.2934 -0.0004
vn 0.7919 0.6087 0.0492
vn 0.9560 -0.2934 -0.0002
vn 0.9753 0.2210 0.0004
vn 0.7709 0.6370 0.0059
vn 0.8091 0.5876 0.0091
vn 0.8259 0.5638 0.0049
vn 0.9754 0.2203 0.0003
vn 0.7311 0.6487 0.2115
vn 0.9146 0.4044 0.0055
vn 0.9116 0.4109 -0.0108
vn -0.7265 -0.6872 -0.0062
vn -0.7273 -0.6584 -0.1939
vn -0.8789 -0.4731 -0.0608
vn -0.7893 -0.5965 -0.1459
vn -0.7765 -0.6218 -0.1015
vn -0.9997 0.0241 -0.0041
vn -0.9996 0.0290 -0.0000
vn -0.7919 -0.6087 -0.0491
vn -0.9912 -0.0283 0.1291
vn -0.9918 -0.0165 0.1269
vn -0.8091 -0.5877 -0.0090
vn -0.8744 0.4852 0.0045
vn -0.9920 -0.1259 -0.0002
vn -0.9996 0.0291 -0.0000
vn -0.7285 -0.6511 -0.2130
vn -0.9135 -0.4067 -0.0044
vn -0.9136 -0.4066 -0.0048
vn 0.6404 -0.7570 -0.1301
vn 0.6235 -0.5613 -0.5442
vn -0.2934 -0.9560 -0.0009
vn -0.2934 -0.9560 -0.0006
vn -0.6120 0.5545 0.5639
vn -0.4400 0.5605 0.7017
vn -0.5308 0.6064 0.5921
vn -0.1430 0.2109 0.9670
vn -0.6362 0.7613 0.1255
vn -0.0108 0.0856 0.9963
vn -0.0124 -0.1313 0.9913
vn -0.5930 0.8052 0.0045
vn 0.6096 -0.7903 -0.0627
vn -0.6090 0.7909 0.0605
vn 0.1546 -0.3955 -0.9053
vn 0.0090 -0.0796 -0.9968
vn 0.0070 0.0832 -0.9965
vn 0.5936 -0.8047 -0.0111
vn 0.0318 -0.0284 -0.9991
vn -0.2934 -0.9560 -0.0007
vn -0.5485 0.8360 0.0147
vn 0.5845 -0.5559 -0.5910
vn -0.5990 0.5282 0.6018
vn 0.1108 -0.0318 -0.9933
vn -0.9170 -0.3988 -0.0054
vn 0.9170 0.3988 0.0054
vn 0.3977 -0.9174 -0.0174
vn 0.0365 -0.0708 -0.9968
vn -0.3977 0.9174 0.0174
vn -0.0365 0.0708 0.9968
vn -0.9755 -0.2199 -0.0005
vn 0.9755 0.2199 0.0005
vn -0.0237 0.1027 0.9944
vn 0.2199 -0.9755 -0.0022
vn -0.2199 0.9755 0.0025
vn 0.0173 -0.0743 -0.9971
vn -0.0496 -0.9623 0.2675
vn 0.0708 -0.0000 -0.9975
vn 0.5849 -0.0000 0.8111
vn -0.0000 -0.0000 1.0000
vn 0.4865 -0.5638 0.6674
vn -0.0000 0.9651 0.2618
vn 0.4866 0.5435 0.6839
vn -0.0000 -0.9730 0.2307
vn 0.5302 -0.0000 0.8479
vn -0.0000 -0.0000 -1.0000
vn 0.2084 -0.9307 0.3008
vn -0.2058 -0.0165 -0.9785
vn -0.2058 -0.0165 0.9785
vn -0.3617 0.9323 -0.0000
vn -0.3696 0.9067 0.2033
vn -0.1897 0.9818 -0.0000
vn -0.0000 -1.0000 -0.0000
vn 0.3288 0.9444 -0.0000
vn -0.0000 1.0000 -0.0000
vn 0.3288 -0.9444 -0.0000
vn 1.0000 -0.0000 -0.0000
vn -0.0215 -0.9998 -0.0000
vn -0.9818 -0.1897 -0.0000
vn -0.9649 -0.1864 0.1848
vn 0.1897 -0.9818 -0.0000
vn -0.0911 -0.0176 -0.9957
vn 0.0911 0.0176 0.9957
vn -0.1642 0.9605 0.2248
vn -0.7557 0.6549 0.0049
vn -0.7268 0.6589 0.1940
vn -0.8774 0.4752 0.0661
vn -0.7952 0.5888 0.1449
vn -0.7769 0.6214 0.1019
vn -0.9753 0.2211 0.0005
vn -0.9560 -0.2934 -0.0004
vn -0.7919 0.6087 0.0492
vn -0.9560 -0.2934 -0.0002
vn -0.9753 0.2210 0.0004
vn -0.7709 0.6370 0.0059
vn -0.8091 0.5876 0.0091
vn -0.8259 0.5638 0.0049
vn -0.9754 0.2203 0.0003
vn -0.7311 0.6487 0.2115
vn -0.9146 0.4044 0.0055
vn -0.9116 0.4109 -0.0108
vn 0.7265 -0.6872 -0.0062
vn 0.7273 -0.6584 -0.1939
vn 0.8789 -0.4731 -0.0608
vn 0.7893 -0.5965 -0.1459
vn 0.7765 -0.6218 -0.1015
vn 0.9997 0.0241 -0.0041
vn 0.9996 0.0290 -0.0000
vn 0.7919 -0.6087 -0.0491
vn 0.9912 -0.0283 0.1291
vn 0.9918 -0.0165 0.1269
vn 0.8091 -0.5877 -0.0090
vn 0.8744 0.4852 0.0045
vn 0.9920 -0.1259 -0.0002
vn 0.9996 0.0291 -0.0000
vn 0.7285 -0.6511 -0.2130
vn 0.9135 -0.4067 -0.0044
vn 0.9136 -0.4066 -0.0048
vn -0.6404 -0.7570 -0.1301
vn -0.6235 -0.5613 -0.5442
vn 0.2934 -0.9560 -0.0009
vn 0.2934 -0.9560 -0.0006
vn 0.6120 0.5545 0.5639
vn 0.4400 0.5605 0.7017
vn 0.5308 0.6064 0.5921
vn 0.1430 0.2109 0.9670
vn 0.6362 0.7613 0.1255
vn 0.0108 0.0856 0.9963
vn 0.0124 -0.1313 0.9913
vn 0.5930 0.8052 0.0045
vn -0.6096 -0.7903 -0.0627
vn 0.6090 0.7908 0.0605
vn -0.1546 -0.3955 -0.9053
vn -0.0090 -0.0796 -0.9968
vn -0.0070 0.0832 -0.9965
vn -0.5936 -0.8047 -0.0111
vn -0.0318 -0.0284 -0.9991
vn 0.2934 -0.9560 -0.0007
vn 0.5485 0.8360 0.0147
vn -0.5845 -0.5559 -0.5910
vn 0.5990 0.5282 0.6018
vn -0.1108 -0.0318 -0.9933
vn 0.9170 -0.3988 -0.0054
vn -0.9170 0.3988 0.0054
vn -0.3977 -0.9174 -0.0174
vn -0.0365 -0.0708 -0.9968
vn 0.3977 0.9174 0.0174
vn 0.0365 0.0708 0.9968
vn 0.9755 -0.2199 -0.0005
vn -0.9755 0.2199 0.0005
vn 0.0237 0.1027 0.9944
vn -0.2199 -0.9755 -0.0022
vn 0.2199 0.9755 0.0025
vn -0.0173 -0.0743 -0.9971
vn 0.0496 -0.9623 0.2675
vn -0.0708 -0.0000 -0.9975
vn -0.5849 -0.0000 0.8111
vn -0.4865 -0.5638 0.6674
vn -0.4866 0.5435 0.6839
vn -0.5302 -0.0000 0.8479
vn -0.2084 -0.9307 0.3008
vn 0.2058 -0.0165 -0.9785
vn 0.2058 -0.0165 0.9785
vn 0.3617 0.9323 -0.0000
vn 0.3696 0.9067 0.2033
vn 0.1897 0.9818 -0.0000
vn -0.3288 0.9444 -0.0000
vn -0.3288 -0.9444 -0.0000
vn -1.0000 -0.0000 -0.0000
vn 0.0215 -0.9998 -0.0000
vn 0.9818 -0.1897 -0.0000
vn 0.9649 -0.1864 0.1848
vn -0.1897 -0.9818 -0.0000
vn 0.0911 -0.0176 -0.9957
vn -0.0911 0.0176 0.9957
vn 0.1642 0.9605 0.2248
vt 0.625000 0.719012
vt 0.625000 0.713958
vt 0.625000 0.713958
vt 0.625000 0.719012
vt 0.625000 0.557388
vt 0.625000 0.500000
vt 0.625000 0.562303
vt 0.625000 0.655707
vt 0.625000 0.656023
vt 0.625000 0.630872
vt 0.625000 0.632349
vt 0.500000 0.713958
vt 0.500000 0.717515
vt 0.412950 0.713958
vt 0.412949 0.717514
vt 0.625000 0.500000
vt 0.412950 0.696302
vt 0.458739 0.655041
vt 0.625000 0.696302
vt 0.625000 0.696302
vt 0.625000 0.606979
vt 0.625000 0.606979
vt 0.250000 0.356979
vt 0.412950 0.606979
vt 0.000000 0.000000
vt 0.580062 0.577020
vt 0.587174 0.609531
vt 0.625000 0.632377
vt 0.125000 0.625000
vt 0.125000 0.750000
vt 0.375000 0.448248
vt 0.625000 0.448248
vt 0.375000 0.500000
vt 0.375000 0.625000
vt 0.625000 0.625000
vt 0.625000 0.750000
vt 0.375000 0.750000
vt 0.375000 0.801751
vt 0.625000 0.801751
vt 0.625000 1.000000
vt 0.375000 1.000000
vt 0.323248 0.625000
vt 0.323248 0.750000
vt 0.676751 0.625000
vt 0.875000 0.625000
vt 0.875000 0.750000
vt 0.676751 0.750000
vt 0.375000 0.250000
vt 0.625000 0.250000
vt 0.875000 0.500000
vt 0.125000 0.500000
vt 0.323248 0.500000
vt 0.676751 0.500000
vt 0.375000 0.125000
vt 0.625000 0.125000
vt 0.375000 0.000000
vt 0.625000 0.000000
s 0
f 1286/132/975 1278/133/975 1281/134/975 1288/135/975
f 1283/136/976 1280/137/976 1289/137/976 1291/138/976
f 1281/134/977 1284/139/977 1292/140/977 1288/135/977
f 1306/141/978 1307/142/978 1292/140/978 1284/139/978
f 1282/137/979 1290/137/979 1289/137/979 1280/137/979
f 1279/143/980 1278/133/980 1286/132/980 1287/144/980
f 1285/145/981 1279/143/981 1287/144/981 1293/146/981
f 1294/137/982 1295/147/982 1290/137/982 1282/137/982
f 1302/148/983 1303/149/983 1279/143/983 1285/145/983
f 1303/149/984 1304/150/984 1278/133/984 1279/143/984
f 1305/151/985 1281/134/985 1278/133/985 1304/150/985
f 1295/147/986 1294/137/986 1301/137/986 1300/137/986
f 1299/152/987 1305/151/987 1304/150/987 1298/153/987
f 1297/154/988 1298/153/988 1304/150/988 1303/149/988
f 1296/155/983 1297/154/983 1303/149/983 1302/148/983
f 1283/136/989 1291/138/989 1307/142/989 1306/141/989
f 1284/139/990 1281/134/990 1305/151/990
f 1305/151/991 1306/141/991 1284/139/991
f 1316/132/992 1318/135/992 1311/134/992 1308/133/992
f 1313/136/993 1321/138/993 1319/137/993 1310/137/993
f 1311/134/994 1318/135/994 1322/140/994 1314/139/994
f 1336/141/995 1314/139/995 1322/140/995 1337/142/995
f 1312/137/996 1310/137/996 1319/137/996 1320/137/996
f 1309/143/997 1317/144/997 1316/132/997 1308/133/997
f 1315/145/998 1323/146/998 1317/144/998 1309/143/998
f 1324/137/999 1312/137/999 1320/137/999 1325/147/999
f 1332/148/998 1315/145/998 1309/143/998 1333/149/998
f 1333/149/1000 1309/143/1000 1308/133/1000 1334/150/1000
f 1335/151/1001 1334/150/1001 1308/133/1001 1311/134/1001
f 1325/147/1002 1330/137/1002 1331/137/1002 1324/137/1002
f 1329/152/1003 1328/153/1003 1334/150/1003 1335/151/1003
f 1327/154/1004 1333/149/1004 1334/150/1004 1328/153/1004
f 1326/155/1005 1332/148/1005 1333/149/1005 1327/154/1005
f 1313/136/1006 1336/141/1006 1337/142/1006 1321/138/1006
f 1314/139/1007 1335/151/1007 1311/134/1007
f 1335/151/1008 1314/139/1008 1336/141/1008
f 1282/137/1009 1280/137/1009 1310/137/1009 1312/137/1009
f 1280/137/1010 1283/136/1010 1313/136/1010 1310/137/1010
f 1302/148/1011 1285/145/1011 1315/145/1011 1332/148/1011
f 1285/145/1012 1293/146/1012 1323/146/1012 1315/145/1012
f 1291/138/1013 1289/137/1013 1319/137/1013 1321/138/1013
f 1288/135/1014 1292/140/1014 1322/140/1014 1318/135/1014
f 1292/140/1015 1307/142/1015 1337/142/1015 1322/140/1015
f 1286/132/1016 1288/135/1016 1318/135/1016 1316/132/1016
f 1289/137/1017 1290/137/1017 1320/137/1017 1319/137/1017
f 1287/144/1018 1286/132/1018 1316/132/1018 1317/144/1018
f 1293/146/1019 1287/144/1019 1317/144/1019 1323/146/1019
f 1295/147/1020 1300/137/1020 1330/137/1020 1325/147/1020
f 1294/137/1021 1282/137/1021 1312/137/1021 1324/137/1021
f 1290/137/1022 1295/147/1022 1325/147/1022 1320/137/1022
f 1299/152/1023 1298/153/1023 1328/153/1023 1329/152/1023
f 1298/153/1024 1297/154/1024 1327/154/1024 1328/153/1024
f 1297/154/1025 1296/155/1025 1326/155/1025 1327/154/1025
f 1301/137/1026 1294/137/1026 1324/137/1026 1331/137/1026
f 1300/137/1027 1301/137/1027 1331/137/1027 1330/137/1027
f 1296/155/1028 1302/148/1028 1332/148/1028 1326/155/1028
f 1305/151/1029 1299/152/1029 1329/152/1029 1335/151/1029
f 1283/136/1030 1306/141/1030 1336/141/1030 1313/136/1030
f 1307/142/1031 1291/138/1031 1321/138/1031 1337/142/1031
f 1306/141/1032 1305/151/1032 1335/151/1032 1336/141/1032
f 1338/156/1033 1339/156/1033 1341/156/1033 1340/156/1033
f 1343/156/1034 1342/156/1034 1344/156/1034 1345/156/1034
f 1341/156/1035 1339/156/1035 1345/156/1035 1344/156/1035
f 1339/156/1036 1338/156/1036 1343/156/1036 1345/156/1036
f 1338/156/1037 1340/156/1037 1342/156/1037 1343/156/1037
f 1341/156/1038 1344/156/1038 1342/156/1038 1340/156/1038
f 1346/157/1039 1348/158/1039 1349/159/1039 1347/153/1039
f 1351/157/1040 1350/153/1040 1353/159/1040 1352/158/1040
f 1349/159/1041 1348/158/1041 1352/158/1041 1353/159/1041
f 1348/158/1042 1346/157/1042 1351/157/1042 1352/158/1042
f 1347/153/1043 1349/159/1043 1353/159/1043 1350/153/1043
f 1346/157/1044 1347/153/1044 1350/153/1044 1351/157/1044
f 1370/160/1045 1354/161/1045 1367/161/1045 1376/160/1045
f 1362/162/1046 1363/163/1046 1361/137/1046 1360/164/1046
f 1372/165/1047 1373/166/1047 1359/167/1047 1358/168/1047
f 1364/169/1048 1365/170/1048 1355/171/1048 1354/172/1048
f 1375/173/1049 1372/165/1049 1358/168/1049 1364/174/1049
f 1374/175/1050 1371/176/1050 1355/177/1050 1365/178/1050
f 1373/166/1051 1374/175/1051 1365/178/1051 1359/167/1051
f 1370/160/1052 1375/173/1052 1364/174/1052 1354/161/1052
f 1358/168/1053 1359/167/1053 1365/170/1053 1364/169/1053
f 1356/179/1054 1357/180/1054 1363/163/1054 1362/162/1054
f 1376/160/1055 1367/161/1055 1379/161/1055 1378/160/1055
f 1357/180/1056 1356/179/1056 1366/179/1056 1369/180/1056
f 1354/172/1057 1355/171/1057 1368/171/1057 1367/172/1057
f 1371/176/1058 1357/181/1058 1369/181/1058 1377/176/1058
f 1355/177/1059 1371/176/1059 1377/176/1059 1368/177/1059
f 1377/176/1060 1369/181/1060 1382/181/1060 1381/176/1060
f 1356/182/1061 1362/183/1061 1375/173/1061 1370/160/1061
f 1361/137/1062 1363/184/1062 1374/175/1062 1373/166/1062
f 1363/184/1063 1357/181/1063 1371/176/1063 1374/175/1063
f 1362/183/1064 1360/164/1064 1372/165/1064 1375/173/1064
f 1360/164/1065 1361/137/1065 1373/166/1065 1372/165/1065
f 1356/182/1066 1370/160/1066 1376/160/1066 1366/182/1066
f 1378/185/1067 1381/186/1067 1382/180/1067 1383/179/1067
f 1379/187/1068 1380/188/1068 1381/186/1068 1378/185/1068
f 1366/182/1069 1376/160/1069 1378/160/1069 1383/182/1069
f 1369/180/1070 1366/179/1070 1383/179/1070 1382/180/1070
f 1367/172/1071 1368/171/1071 1380/171/1071 1379/172/1071
f 1368/177/1072 1377/176/1072 1381/176/1072 1380/177/1072
f 1392/132/1073 1394/135/1073 1387/134/1073 1384/133/1073
f 1389/136/1074 1397/138/1074 1395/137/1074 1386/137/1074
f 1387/134/1075 1394/135/1075 1398/140/1075 1390/139/1075
f 1412/141/1076 1390/139/1076 1398/140/1076 1413/142/1076
f 1388/137/1077 1386/137/1077 1395/137/1077 1396/137/1077
f 1385/143/1078 1393/144/1078 1392/132/1078 1384/133/1078
f 1391/145/1079 1399/146/1079 1393/144/1079 1385/143/1079
f 1400/137/1080 1388/137/1080 1396/137/1080 1401/147/1080
f 1408/148/1081 1391/145/1081 1385/143/1081 1409/149/1081
f 1409/149/1082 1385/143/1082 1384/133/1082 1410/150/1082
f 1411/151/1083 1410/150/1083 1384/133/1083 1387/134/1083
f 1401/147/1084 1406/137/1084 1407/137/1084 1400/137/1084
f 1405/152/1085 1404/153/1085 1410/150/1085 1411/151/1085
f 1403/154/1086 1409/149/1086 1410/150/1086 1404/153/1086
f 1402/155/1081 1408/148/1081 1409/149/1081 1403/154/1081
f 1389/136/1087 1412/141/1087 1413/142/1087 1397/138/1087
f 1390/139/1088 1411/151/1088 1387/134/1088
f 1411/151/1089 1390/139/1089 1412/141/1089
f 1422/132/1090 1414/133/1090 1417/134/1090 1424/135/1090
f 1419/136/1091 1416/137/1091 1425/137/1091 1427/138/1091
f 1417/134/1092 1420/139/1092 1428/140/1092 1424/135/1092
f 1442/141/1093 1443/142/1093 1428/140/1093 1420/139/1093
f 1418/137/1094 1426/137/1094 1425/137/1094 1416/137/1094
f 1415/143/1095 1414/133/1095 1422/132/1095 1423/144/1095
f 1421/145/1096 1415/143/1096 1423/144/1096 1429/146/1096
f 1430/137/1097 1431/147/1097 1426/137/1097 1418/137/1097
f 1438/148/1096 1439/149/1096 1415/143/1096 1421/145/1096
f 1439/149/1098 1440/150/1098 1414/133/1098 1415/143/1098
f 1441/151/1099 1417/134/1099 1414/133/1099 1440/150/1099
f 1431/147/1100 1430/137/1100 1437/137/1100 1436/137/1100
f 1435/152/1101 1441/151/1101 1440/150/1101 1434/153/1101
f 1433/154/1102 1434/153/1102 1440/150/1102 1439/149/1102
f 1432/155/1103 1433/154/1103 1439/149/1103 1438/148/1103
f 1419/136/1104 1427/138/1104 1443/142/1104 1442/141/1104
f 1420/139/1105 1417/134/1105 1441/151/1105
f 1441/151/1106 1442/141/1106 1420/139/1106
f 1388/137/1107 1418/137/1107 1416/137/1107 1386/137/1107
f 1386/137/1108 1416/137/1108 1419/136/1108 1389/136/1108
f 1408/148/1109 1438/148/1109 1421/145/1109 1391/145/1109
f 1391/145/1110 1421/145/1110 1429/146/1110 1399/146/1110
f 1397/138/1111 1427/138/1111 1425/137/1111 1395/137/1111
f 1394/135/1112 1424/135/1112 1428/140/1112 1398/140/1112
f 1398/140/1113 1428/140/1113 1443/142/1113 1413/142/1113
f 1392/132/1114 1422/132/1114 1424/135/1114 1394/135/1114
f 1395/137/1115 1425/137/1115 1426/137/1115 1396/137/1115
f 1393/144/1116 1423/144/1116 1422/132/1116 1392/132/1116
f 1399/146/1117 1429/146/1117 1423/144/1117 1393/144/1117
f 1401/147/1118 1431/147/1118 1436/137/1118 1406/137/1118
f 1400/137/1119 1430/137/1119 1418/137/1119 1388/137/1119
f 1396/137/1120 1426/137/1120 1431/147/1120 1401/147/1120
f 1405/152/1121 1435/152/1121 1434/153/1121 1404/153/1121
f 1404/153/1122 1434/153/1122 1433/154/1122 1403/154/1122
f 1403/154/1123 1433/154/1123 1432/155/1123 1402/155/1123
f 1407/137/1124 1437/137/1124 1430/137/1124 1400/137/1124
f 1406/137/1125 1436/137/1125 1437/137/1125 1407/137/1125
f 1402/155/1126 1432/155/1126 1438/148/1126 1408/148/1126
f 1411/151/1127 1441/151/1127 1435/152/1127 1405/152/1127
f 1389/136/1128 1419/136/1128 1442/141/1128 1412/141/1128
f 1413/142/1129 1443/142/1129 1427/138/1129 1397/138/1129
f 1412/141/1130 1442/141/1130 1441/151/1130 1411/151/1130
f 1444/156/1131 1446/156/1131 1447/156/1131 1445/156/1131
f 1449/156/1132 1451/156/1132 1450/156/1132 1448/156/1132
f 1447/156/1133 1450/156/1133 1451/156/1133 1445/156/1133
f 1445/156/1134 1451/156/1134 1449/156/1134 1444/156/1134
f 1444/156/1135 1449/156/1135 1448/156/1135 1446/156/1135
f 1447/156/1136 1446/156/1136 1448/156/1136 1450/156/1136
f 1452/157/1137 1453/153/1137 1455/159/1137 1454/158/1137
f 1457/157/1138 1458/158/1138 1459/159/1138 1456/153/1138
f 1455/159/1139 1459/159/1139 1458/158/1139 1454/158/1139
f 1454/158/1140 1458/158/1140 1457/157/1140 1452/157/1140
f 1453/153/1141 1456/153/1141 1459/159/1141 1455/159/1141
f 1452/157/1142 1457/157/1142 1456/153/1142 1453/153/1142
f 1476/160/1143 1482/160/1143 1473/161/1143 1460/161/1143
f 1468/162/1144 1466/164/1144 1467/137/1144 1469/163/1144
f 1478/165/1145 1464/168/1145 1465/167/1145 1479/166/1145
f 1470/169/1048 1460/172/1048 1461/171/1048 1471/170/1048
f 1481/173/1146 1470/174/1146 1464/168/1146 1478/165/1146
f 1480/175/1050 1471/178/1050 1461/177/1050 1477/176/1050
f 1479/166/1147 1465/167/1147 1471/178/1147 1480/175/1147
f 1476/160/1052 1460/161/1052 1470/174/1052 1481/173/1052
f 1464/168/1148 1470/169/1148 1471/170/1148 1465/167/1148
f 1462/179/1054 1468/162/1054 1469/163/1054 1463/180/1054
f 1482/160/1149 1484/160/1149 1485/161/1149 1473/161/1149
f 1463/180/1150 1475/180/1150 1472/179/1150 1462/179/1150
f 1460/172/1151 1473/172/1151 1474/171/1151 1461/171/1151
f 1477/176/1152 1483/176/1152 1475/181/1152 1463/181/1152
f 1461/177/1153 1474/177/1153 1483/176/1153 1477/176/1153
f 1483/176/1154 1487/176/1154 1488/181/1154 1475/181/1154
f 1462/182/1061 1476/160/1061 1481/173/1061 1468/183/1061
f 1467/137/1155 1479/166/1155 1480/175/1155 1469/184/1155
f 1469/184/1063 1480/175/1063 1477/176/1063 1463/181/1063
f 1468/183/1156 1481/173/1156 1478/165/1156 1466/164/1156
f 1466/164/1157 1478/165/1157 1479/166/1157 1467/137/1157
f 1462/182/1158 1472/182/1158 1482/160/1158 1476/160/1158
f 1484/185/1159 1489/179/1159 1488/180/1159 1487/186/1159
f 1485/187/1160 1484/185/1160 1487/186/1160 1486/188/1160
f 1472/182/1161 1489/182/1161 1484/160/1161 1482/160/1161
f 1475/180/1162 1488/180/1162 1489/179/1162 1472/179/1162
f 1473/172/1163 1485/172/1163 1486/171/1163 1474/171/1163
f 1474/177/1164 1486/177/1164 1487/176/1164 1483/176/1164
o Circle
v 0.576589 0.215363 0.860413
v 0.576589 0.274298 0.872136
v 0.576589 0.324260 0.905519
v 0.576589 0.357644 0.955482
v 0.576589 0.369367 1.014416
v 0.576589 0.357644 1.073351
v 0.576589 0.324260 1.123313
v 0.576589 0.274298 1.156696
v 0.576589 0.215363 1.168419
v 0.576589 0.156429 1.156696
v 0.576589 0.106467 1.123313
v 0.576589 0.073083 1.073351
v 0.576589 0.061360 1.014416
v 0.576589 0.073083 0.955482
v 0.576589 0.106467 0.905519
v 0.576589 0.156429 0.872136
v 0.576589 0.215363 0.872784
v 0.576589 0.269564 0.883565
v 0.576589 0.315512 0.914267
v 0.576589 0.346214 0.960216
v 0.576589 0.356995 1.014416
v 0.576589 0.346214 1.068616
v 0.576589 0.315512 1.114565
v 0.576589 0.269564 1.145267
v 0.576589 0.215363 1.156048
v 0.576589 0.161163 1.145267
v 0.576589 0.115215 1.114565
v 0.576589 0.084513 1.068616
v 0.576589 0.073732 1.014416
v 0.576589 0.084513 0.960216
v 0.576589 0.115215 0.914267
v 0.576589 0.161163 0.883565
v 0.553381 0.215363 0.910120
v 0.553381 0.255276 0.918059
v 0.553381 0.289112 0.940668
v 0.553381 0.311720 0.974504
v 0.553381 0.319659 1.014416
v 0.553381 0.311720 1.054328
v 0.553381 0.289112 1.088164
v 0.553381 0.255276 1.110773
v 0.553381 0.215363 1.118712
v 0.553381 0.175451 1.110773
v 0.553381 0.141615 1.088164
v 0.553381 0.119007 1.054328
v 0.553381 0.111068 1.014416
v 0.553381 0.119007 0.974504
v 0.553381 0.141615 0.940668
v 0.553381 0.175451 0.918059
v 0.559739 0.156429 0.872136
v 0.559739 0.106467 0.905519
v 0.559739 0.073083 0.955482
v 0.559739 0.061360 1.014416
v 0.559739 0.073083 1.073351
v 0.559739 0.106467 1.123313
v 0.559739 0.156429 1.156696
v 0.559739 0.215363 1.168419
v 0.559739 0.274298 1.156696
v 0.559739 0.324260 1.123313
v 0.559739 0.357644 1.073351
v 0.559739 0.369367 1.014416
v 0.559739 0.357644 0.955482
v 0.559739 0.324260 0.905519
v 0.559739 0.274298 0.872136
v 0.559739 0.215363 0.860413
v 0.567790 0.215363 0.974037
v 0.567790 0.230816 0.977111
v 0.567790 0.243916 0.985864
v 0.567790 0.252669 0.998964
v 0.567790 0.255742 1.014416
v 0.567790 0.252669 1.029868
v 0.567790 0.243916 1.042968
v 0.567790 0.230816 1.051721
v 0.567790 0.215363 1.054795
v 0.567790 0.199911 1.051721
v 0.567790 0.186811 1.042968
v 0.567790 0.178058 1.029868
v 0.567790 0.174985 1.014416
v 0.567790 0.178058 0.998964
v 0.567790 0.186811 0.985864
v 0.567790 0.199911 0.977111
v 0.545678 0.166303 0.895974
v 0.545678 0.124711 0.923764
v 0.545678 0.096921 0.965356
v 0.545678 0.087162 1.014416
v 0.545678 0.096921 1.063477
v 0.545678 0.124711 1.105068
v 0.545678 0.166303 1.132859
v 0.545678 0.215363 1.142617
v 0.545678 0.264424 1.132859
v 0.545678 0.306015 1.105068
v 0.545678 0.333806 1.063477
v 0.545678 0.343565 1.014416
v 0.545678 0.333806 0.965356
v 0.545678 0.306015 0.923764
v 0.545678 0.264424 0.895974
v 0.545678 0.215363 0.886215
v 0.512141 0.166303 0.895974
v 0.512141 0.124711 0.923764
v 0.512141 0.096921 0.965356
v 0.512141 0.087162 1.014416
v 0.512141 0.096921 1.063477
v 0.512141 0.124711 1.105068
v 0.512141 0.166303 1.132859
v 0.512141 0.215363 1.142617
v 0.512141 0.264424 1.132859
v 0.512141 0.306015 1.105068
v 0.512141 0.333806 1.063477
v 0.512141 0.343565 1.014416
v 0.512141 0.333806 0.965356
v 0.512141 0.306015 0.923764
v 0.512141 0.264424 0.895974
v 0.512141 0.215363 0.886215
v 0.576589 0.215363 0.860413
v 0.576589 0.274298 0.872136
v 0.576589 0.324260 0.905519
v 0.576589 0.357644 0.955482
v 0.576589 0.369367 1.014416
v 0.576589 0.357644 1.073351
v 0.576589 0.324260 1.123313
v 0.576589 0.274298 1.156696
v 0.576589 0.215363 1.168419
v 0.576589 0.156429 1.156696
v 0.576589 0.106467 1.123313
v 0.576589 0.073083 1.073351
v 0.576589 0.061360 1.014416
v 0.576589 0.073083 0.955482
v 0.576589 0.106467 0.905519
v 0.576589 0.156429 0.872136
v 0.581193 0.215363 0.846774
v 0.581193 0.279517 0.859535
v 0.581193 0.333904 0.895875
v 0.581193 0.370244 0.950262
v 0.581193 0.383005 1.014416
v 0.581193 0.370244 1.078570
v 0.581193 0.333904 1.132957
v 0.581193 0.279517 1.169297
v 0.581193 0.215363 1.182058
v 0.581193 0.151210 1.169297
v 0.581193 0.096823 1.132957
v 0.581193 0.060483 1.078570
v 0.581193 0.047722 1.014416
v 0.581193 0.060483 0.950262
v 0.581193 0.096823 0.895875
v 0.581193 0.151210 0.859535
v 0.581193 0.215363 0.812194
v 0.581193 0.292751 0.827587
v 0.581193 0.358356 0.871423
v 0.581193 0.402192 0.937029
v 0.581193 0.417586 1.014416
v 0.581193 0.402192 1.091803
v 0.581193 0.358356 1.157409
v 0.581193 0.292751 1.201245
v 0.581193 0.215363 1.216638
v 0.581193 0.137976 1.201245
v 0.581193 0.072371 1.157409
v 0.581193 0.028535 1.091803
v 0.581193 0.013141 1.014416
v 0.581193 0.028535 0.937029
v 0.581193 0.072371 0.871423
v 0.581193 0.137976 0.827587
v 0.575055 0.215363 0.800327
v 0.575055 0.297292 0.816624
v 0.575055 0.366747 0.863032
v 0.575055 0.413156 0.932488
v 0.575055 0.429453 1.014416
v 0.575055 0.413156 1.096344
v 0.575055 0.366747 1.165800
v 0.575055 0.297292 1.212209
v 0.575055 0.215363 1.228505
v 0.575055 0.133435 1.212209
v 0.575055 0.063980 1.165800
v 0.575055 0.017571 1.096344
v 0.575055 0.001274 1.014416
v 0.575055 0.017571 0.932488
v 0.575055 0.063980 0.863032
v 0.575055 0.133435 0.816624
v 0.512141 0.215363 0.800327
v 0.512141 0.297292 0.816624
v 0.512141 0.366747 0.863032
v 0.512141 0.413156 0.932488
v 0.512141 0.429453 1.014416
v 0.512141 0.413156 1.096344
v 0.512141 0.366747 1.165800
v 0.512141 0.297292 1.212209
v 0.512141 0.215363 1.228505
v 0.512141 0.133435 1.212209
v 0.512141 0.063980 1.165800
v 0.512141 0.017571 1.096344
v 0.512141 0.001274 1.014416
v 0.512141 0.017571 0.932488
v 0.512141 0.063980 0.863032
v 0.512141 0.133435 0.816624
v 0.447693 0.215363 0.860413
v 0.447693 0.274298 0.872136
v 0.447693 0.324260 0.905519
v 0.447693 0.357644 0.955482
v 0.447693 0.369367 1.014416
v 0.447693 0.357644 1.073351
v 0.447693 0.324260 1.123313
v 0.447693 0.274298 1.156696
v 0.447693 0.215363 1.168419
v 0.447693 0.156429 1.156696
v 0.447693 0.106467 1.123313
v 0.447693 0.073083 1.073351
v 0.447693 0.061360 1.014416
v 0.447693 0.073083 0.955482
v 0.447693 0.106467 0.905519
v 0.447693 0.156429 0.872136
v 0.447693 0.215363 0.872784
v 0.447693 0.269564 0.883565
v 0.447693 0.315512 0.914267
v 0.447693 0.346214 0.960216
v 0.447693 0.356995 1.014416
v 0.447693 0.346214 1.068616
v 0.447693 0.315512 1.114565
v 0.447693 0.269564 1.145267
v 0.447693 0.215363 1.156048
v 0.447693 0.161163 1.145267
v 0.447693 0.115215 1.114565
v 0.447693 0.084513 1.068616
v 0.447693 0.073732 1.014416
v 0.447693 0.084513 0.960216
v 0.447693 0.115215 0.914267
v 0.447693 0.161163 0.883565
v 0.470902 0.215363 0.910120
v 0.470902 0.255276 0.918059
v 0.470902 0.289112 0.940668
v 0.470902 0.311720 0.974504
v 0.470902 0.319659 1.014416
v 0.470902 0.311720 1.054328
v 0.470902 0.289112 1.088164
v 0.470902 0.255276 1.110773
v 0.470902 0.215363 1.118712
v 0.470902 0.175451 1.110773
v 0.470902 0.141615 1.088164
v 0.470902 0.119007 1.054328
v 0.470902 0.111068 1.014416
v 0.470902 0.119007 0.974504
v 0.470902 0.141615 0.940668
v 0.470902 0.175451 0.918059
v 0.464543 0.156429 0.872136
v 0.464543 0.106467 0.905519
v 0.464543 0.073083 0.955482
v 0.464543 0.061360 1.014416
v 0.464543 0.073083 1.073351
v 0.464543 0.106467 1.123313
v 0.464543 0.156429 1.156696
v 0.464543 0.215363 1.168419
v 0.464543 0.274298 1.156696
v 0.464543 0.324260 1.123313
v 0.464543 0.357644 1.073351
v 0.464543 0.369367 1.014416
v 0.464543 0.357644 0.955482
v 0.464543 0.324260 0.905519
v 0.464543 0.274298 0.872136
v 0.464543 0.215363 0.860413
v 0.456492 0.215363 0.974037
v 0.456492 0.230816 0.977111
v 0.456492 0.243916 0.985864
v 0.456492 0.252669 0.998964
v 0.456492 0.255742 1.014416
v 0.456492 0.252669 1.029868
v 0.456492 0.243916 1.042968
v 0.456492 0.230816 1.051721
v 0.456492 0.215363 1.054795
v 0.456492 0.199911 1.051721
v 0.456492 0.186811 1.042968
v 0.456492 0.178058 1.029868
v 0.456492 0.174985 1.014416
v 0.456492 0.178058 0.998964
v 0.456492 0.186811 0.985864
v 0.456492 0.199911 0.977111
v 0.478605 0.166303 0.895974
v 0.478605 0.124711 0.923764
v 0.478605 0.096921 0.965356
v 0.478605 0.087162 1.014416
v 0.478605 0.096921 1.063477
v 0.478605 0.124711 1.105068
v 0.478605 0.166303 1.132859
v 0.478605 0.215363 1.142617
v 0.478605 0.264424 1.132859
v 0.478605 0.306015 1.105068
v 0.478605 0.333806 1.063477
v 0.478605 0.343565 1.014416
v 0.478605 0.333806 0.965356
v 0.478605 0.306015 0.923764
v 0.478605 0.264424 0.895974
v 0.478605 0.215363 0.886215
v 0.447693 0.215363 0.860413
v 0.447693 0.274298 0.872136
v 0.447693 0.324260 0.905519
v 0.447693 0.357644 0.955482
v 0.447693 0.369367 1.014416
v 0.447693 0.357644 1.073351
v 0.447693 0.324260 1.123313
v 0.447693 0.274298 1.156696
v 0.447693 0.215363 1.168419
v 0.447693 0.156429 1.156696
v 0.447693 0.106467 1.123313
v 0.447693 0.073083 1.073351
v 0.447693 0.061360 1.014416
v 0.447693 0.073083 0.955482
v 0.447693 0.106467 0.905519
v 0.447693 0.156429 0.872136
v 0.443090 0.215363 0.846774
v 0.443090 0.279517 0.859535
v 0.443090 0.333904 0.895875
v 0.443090 0.370244 0.950262
v 0.443090 0.383005 1.014416
v 0.443090 0.370244 1.078570
v 0.443090 0.333904 1.132957
v 0.443090 0.279517 1.169297
v 0.443090 0.215363 1.182058
v 0.443090 0.151210 1.169297
v 0.443090 0.096823 1.132957
v 0.443090 0.060483 1.078570
v 0.443090 0.047722 1.014416
v 0.443090 0.060483 0.950262
v 0.443090 0.096823 0.895875
v 0.443090 0.151210 0.859535
v 0.443090 0.215363 0.812194
v 0.443090 0.292751 0.827587
v 0.443090 0.358356 0.871423
v 0.443090 0.402192 0.937029
v 0.443090 0.417586 1.014416
v 0.443090 0.402192 1.091803
v 0.443090 0.358356 1.157409
v 0.443090 0.292751 1.201245
v 0.443090 0.215363 1.216638
v 0.443090 0.137976 1.201245
v 0.443090 0.072371 1.157409
v 0.443090 0.028535 1.091803
v 0.443090 0.013141 1.014416
v 0.443090 0.028535 0.937029
v 0.443090 0.072371 0.871423
v 0.443090 0.137976 0.827587
v 0.449228 0.215363 0.800327
v 0.449228 0.297292 0.816624
v 0.449228 0.366747 0.863032
v 0.449228 0.413156 0.932488
v 0.449228 0.429453 1.014416
v 0.449228 0.413156 1.096344
v 0.449228 0.366747 1.165800
v 0.449228 0.297292 1.212209
v 0.449228 0.215363 1.228505
v 0.449228 0.133435 1.212209
v 0.449228 0.063980 1.165800
v 0.449228 0.017571 1.096344
v 0.449228 0.001274 1.014416
v 0.449228 0.017571 0.932488
v 0.449228 0.063980 0.863032
v 0.449228 0.133435 0.816624
vn 1.0000 -0.0000 -0.0000
vn 0.8446 0.5250 0.1044
vn 0.8446 -0.4451 -0.2974
vn 0.8446 0.4451 0.2974
vn 0.8446 -0.2974 -0.4451
vn 0.8446 0.2974 0.4451
vn 0.8446 -0.1044 -0.5250
vn 0.8446 -0.1044 0.5250
vn 0.8446 0.1044 0.5250
vn 0.8446 0.1044 -0.5250
vn 0.8446 -0.2974 0.4451
vn 0.8446 0.2974 -0.4451
vn 0.8446 -0.4451 0.2974
vn 0.8446 0.4451 -0.2974
vn 0.8446 -0.5250 0.1044
vn 0.8446 0.5250 -0.1044
vn 0.8446 -0.5250 -0.1044
vn 0.9746 -0.1863 -0.1245
vn 0.9746 0.1245 0.1863
vn 0.9746 -0.1245 -0.1863
vn 0.9746 0.0437 0.2197
vn 0.9746 -0.0437 -0.2197
vn 0.9746 -0.0437 0.2197
vn 0.9746 0.1245 -0.1863
vn -0.0000 -0.9808 0.1951
vn 0.9746 -0.1245 0.1863
vn 0.9746 0.1863 -0.1245
vn 0.9746 -0.1863 0.1245
vn 0.9746 0.2197 -0.0437
vn 0.9746 -0.2197 0.0437
vn 0.9746 0.2197 0.0437
vn 0.9746 -0.2197 -0.0437
vn 0.9746 0.1863 0.1245
vn -0.0000 -0.8315 0.5556
vn -0.0000 -0.5556 -0.8315
vn -0.0000 0.8315 -0.5556
vn -0.0000 0.5556 0.8315
vn -0.0000 -0.5556 0.8315
vn -0.0000 -0.8315 -0.5556
vn -0.0000 0.5556 -0.8315
vn -0.0000 0.8315 0.5556
vn -0.0000 -0.1951 0.9808
vn -0.0000 -0.9808 -0.1951
vn -0.0000 -0.1951 -0.9808
vn -0.8741 0.2699 -0.4039
vn -0.0000 0.9808 0.1951
vn -0.0000 0.1951 -0.9808
vn -0.0000 0.9808 -0.1951
vn -0.0000 0.1951 0.9808
vn 0.9746 0.0437 -0.2197
vn -0.8741 0.4039 0.2698
vn -0.8741 -0.0948 0.4764
vn -0.8741 -0.4764 -0.0948
vn -0.8741 0.0948 -0.4764
vn -0.8741 0.4764 0.0948
vn -0.8741 0.0948 0.4764
vn -0.8741 0.4764 -0.0948
vn -0.8741 -0.4764 0.0948
vn -0.8741 -0.0948 -0.4764
vn -0.8741 0.4039 -0.2698
vn -0.8741 -0.2698 -0.4039
vn -0.8741 -0.4039 0.2698
vn -0.8741 0.2699 0.4039
vn -0.8741 -0.2698 0.4039
vn -0.8741 -0.4039 -0.2698
vn -0.9456 -0.1808 -0.2706
vn -0.9456 0.0635 0.3192
vn -0.9456 0.0635 -0.3192
vn -0.9456 -0.0635 -0.3192
vn -0.9456 -0.0635 0.3192
vn -0.9456 0.1808 -0.2706
vn -0.9456 -0.1808 0.2706
vn -0.9456 0.2706 -0.1808
vn -0.9456 -0.2706 0.1808
vn -0.9456 0.3192 -0.0635
vn -0.9456 -0.3192 0.0635
vn -0.9456 0.3192 0.0635
vn -0.9456 -0.3192 -0.0635
vn -0.9456 0.2706 0.1808
vn -0.9456 -0.2706 -0.1808
vn -0.9456 0.1808 0.2706
vn -1.0000 -0.0000 -0.0000
vn -0.8845 -0.4575 0.0910
vn -0.8845 0.4575 -0.0910
vn -0.8845 -0.4575 -0.0910
vn -0.8845 0.4575 0.0910
vn -0.8845 -0.3879 -0.2592
vn -0.8845 0.3879 0.2592
vn -0.8845 -0.2592 -0.3879
vn -0.8845 0.2592 0.3879
vn -0.8845 -0.0910 -0.4575
vn -0.8845 -0.0910 0.4575
vn -0.8845 0.0910 0.4575
vn -0.8845 0.0910 -0.4575
vn -0.8845 -0.2592 0.3879
vn -0.8845 0.2592 -0.3879
vn -0.8845 -0.3879 0.2592
vn -0.8845 0.3879 -0.2592
vn -0.8446 0.5250 0.1044
vn -0.8446 -0.4451 -0.2974
vn -0.8446 0.4451 0.2974
vn -0.8446 -0.2974 -0.4451
vn -0.8446 0.2974 0.4451
vn -0.8446 -0.1044 -0.5250
vn -0.8446 -0.1044 0.5250
vn -0.8446 0.1044 0.5250
vn -0.8446 0.1044 -0.5250
vn -0.8446 -0.2974 0.4451
vn -0.8446 0.2974 -0.4451
vn -0.8446 -0.4451 0.2974
vn -0.8446 0.4451 -0.2974
vn -0.8446 -0.5250 0.1044
vn -0.8446 0.5250 -0.1044
vn -0.8446 -0.5250 -0.1044
vn -0.9746 -0.1863 -0.1245
vn -0.9746 0.1245 0.1863
vn -0.9746 -0.1245 -0.1863
vn -0.9746 0.0437 0.2197
vn -0.9746 -0.0437 -0.2197
vn -0.9746 -0.0437 0.2197
vn -0.9746 0.1245 -0.1863
vn -0.9746 -0.1245 0.1863
vn -0.9746 0.1863 -0.1245
vn -0.9746 -0.1863 0.1245
vn -0.9746 0.2197 -0.0437
vn -0.9746 -0.2197 0.0437
vn -0.9746 0.2197 0.0437
vn -0.9746 -0.2197 -0.0437
vn -0.9746 0.1863 0.1245
vn 0.8741 0.2698 -0.4039
vn -0.9746 0.0437 -0.2197
vn 0.8741 0.4039 0.2698
vn 0.8741 -0.0948 0.4764
vn 0.8741 -0.4764 -0.0948
vn 0.8741 0.0948 -0.4764
vn 0.8741 0.4764 0.0948
vn 0.8741 0.0948 0.4764
vn 0.8741 0.4764 -0.0948
vn 0.8741 -0.4764 0.0948
vn 0.8741 -0.0948 -0.4764
vn 0.8741 0.4039 -0.2698
vn 0.8741 -0.2698 -0.4039
vn 0.8741 -0.4039 0.2698
vn 0.8741 0.2699 0.4039
vn 0.8741 -0.2698 0.4039
vn 0.8741 -0.4039 -0.2698
vn 0.9456 -0.1808 -0.2706
vn 0.9456 0.0635 0.3192
vn 0.9456 0.0635 -0.3192
vn 0.9456 -0.0635 -0.3192
vn 0.9456 -0.0635 0.3192
vn 0.9456 0.1808 -0.2706
vn 0.9456 -0.1808 0.2706
vn 0.9456 0.2706 -0.1808
vn 0.9456 -0.2706 0.1808
vn 0.9456 0.3192 -0.0635
vn 0.9456 -0.3192 0.0635
vn 0.9456 0.3192 0.0635
vn 0.9456 -0.3192 -0.0635
vn 0.9456 0.2706 0.1808
vn 0.9456 -0.2706 -0.1808
vn 0.9456 0.1808 0.2706
vn 0.8845 -0.4575 0.0910
vn 0.8845 0.4575 -0.0910
vn 0.8845 -0.4575 -0.0910
vn 0.8845 0.4575 0.0910
vn 0.8845 -0.3879 -0.2592
vn 0.8845 0.3879 0.2592
vn 0.8845 -0.2592 -0.3879
vn 0.8845 0.2592 0.3879
vn 0.8845 -0.0910 -0.4575
vn 0.8845 -0.0910 0.4575
vn 0.8845 0.0910 0.4575
vn 0.8845 0.0910 -0.4575
vn 0.8845 -0.2592 0.3879
vn 0.8845 0.2592 -0.3879
vn 0.8845 -0.3879 0.2592
vn 0.8845 0.3879 -0.2592
vt 0.000000 0.000000
s 0
f 1503/189/1165 1504/189/1165 1520/189/1165 1519/189/1165
f 1496/189/1165 1497/189/1165 1513/189/1165 1512/189/1165
f 1504/189/1165 1505/189/1165 1521/189/1165 1520/189/1165
f 1497/189/1165 1498/189/1165 1514/189/1165 1513/189/1165
f 1490/189/1165 1491/189/1165 1507/189/1165 1506/189/1165
f 1505/189/1165 1490/189/1165 1506/189/1165 1521/189/1165
f 1498/189/1165 1499/189/1165 1515/189/1165 1514/189/1165
f 1491/189/1165 1492/189/1165 1508/189/1165 1507/189/1165
f 1499/189/1165 1500/189/1165 1516/189/1165 1515/189/1165
f 1492/189/1165 1493/189/1165 1509/189/1165 1508/189/1165
f 1500/189/1165 1501/189/1165 1517/189/1165 1516/189/1165
f 1493/189/1165 1494/189/1165 1510/189/1165 1509/189/1165
f 1501/189/1165 1502/189/1165 1518/189/1165 1517/189/1165
f 1494/189/1165 1495/189/1165 1511/189/1165 1510/189/1165
f 1502/189/1165 1503/189/1165 1519/189/1165 1518/189/1165
f 1495/189/1165 1496/189/1165 1512/189/1165 1511/189/1165
f 1518/189/1166 1519/189/1166 1535/189/1166 1534/189/1166
f 1511/189/1167 1512/189/1167 1528/189/1167 1527/189/1167
f 1519/189/1168 1520/189/1168 1536/189/1168 1535/189/1168
f 1512/189/1169 1513/189/1169 1529/189/1169 1528/189/1169
f 1520/189/1170 1521/189/1170 1537/189/1170 1536/189/1170
f 1513/189/1171 1514/189/1171 1530/189/1171 1529/189/1171
f 1506/189/1172 1507/189/1172 1523/189/1172 1522/189/1172
f 1521/189/1173 1506/189/1173 1522/189/1173 1537/189/1173
f 1514/189/1174 1515/189/1174 1531/189/1174 1530/189/1174
f 1507/189/1175 1508/189/1175 1524/189/1175 1523/189/1175
f 1515/189/1176 1516/189/1176 1532/189/1176 1531/189/1176
f 1508/189/1177 1509/189/1177 1525/189/1177 1524/189/1177
f 1516/189/1178 1517/189/1178 1533/189/1178 1532/189/1178
f 1509/189/1179 1510/189/1179 1526/189/1179 1525/189/1179
f 1517/189/1180 1518/189/1180 1534/189/1180 1533/189/1180
f 1510/189/1181 1511/189/1181 1527/189/1181 1526/189/1181
f 1536/189/1182 1568/189/1182 1567/189/1182 1535/189/1182
f 1529/189/1183 1561/189/1183 1560/189/1183 1528/189/1183
f 1537/189/1184 1569/189/1184 1568/189/1184 1536/189/1184
f 1530/189/1185 1562/189/1185 1561/189/1185 1529/189/1185
f 1522/189/1186 1554/189/1186 1569/189/1186 1537/189/1186
f 1531/189/1187 1563/189/1187 1562/189/1187 1530/189/1187
f 1524/189/1188 1556/189/1188 1555/189/1188 1523/189/1188
f 1502/189/1189 1501/189/1189 1542/189/1189 1541/189/1189
f 1532/189/1190 1564/189/1190 1563/189/1190 1531/189/1190
f 1525/189/1191 1557/189/1191 1556/189/1191 1524/189/1191
f 1533/189/1192 1565/189/1192 1564/189/1192 1532/189/1192
f 1526/189/1193 1558/189/1193 1557/189/1193 1525/189/1193
f 1534/189/1194 1566/189/1194 1565/189/1194 1533/189/1194
f 1527/189/1195 1559/189/1195 1558/189/1195 1526/189/1195
f 1535/189/1196 1567/189/1196 1566/189/1196 1534/189/1196
f 1528/189/1197 1560/189/1197 1559/189/1197 1527/189/1197
f 1501/189/1198 1500/189/1198 1543/189/1198 1542/189/1198
f 1505/189/1199 1504/189/1199 1539/189/1199 1538/189/1199
f 1493/189/1200 1492/189/1200 1551/189/1200 1550/189/1200
f 1497/189/1201 1496/189/1201 1547/189/1201 1546/189/1201
f 1500/189/1202 1499/189/1202 1544/189/1202 1543/189/1202
f 1504/189/1203 1503/189/1203 1540/189/1203 1539/189/1203
f 1492/189/1204 1491/189/1204 1552/189/1204 1551/189/1204
f 1496/189/1205 1495/189/1205 1548/189/1205 1547/189/1205
f 1499/189/1206 1498/189/1206 1545/189/1206 1544/189/1206
f 1503/189/1207 1502/189/1207 1541/189/1207 1540/189/1207
f 1490/189/1208 1505/189/1208 1538/189/1208 1553/189/1208
f 1551/189/1209 1552/189/1209 1584/189/1209 1583/189/1209
f 1495/189/1210 1494/189/1210 1549/189/1210 1548/189/1210
f 1491/189/1211 1490/189/1211 1553/189/1211 1552/189/1211
f 1494/189/1212 1493/189/1212 1550/189/1212 1549/189/1212
f 1498/189/1213 1497/189/1213 1546/189/1213 1545/189/1213
f 1555/189/1165 1556/189/1165 1557/189/1165 1558/189/1165 1559/189/1165 1560/189/1165 1561/189/1165 1562/189/1165 1563/189/1165 1564/189/1165 1565/189/1165 1566/189/1165 1567/189/1165 1568/189/1165 1569/189/1165 1554/189/1165
f 1523/189/1214 1555/189/1214 1554/189/1214 1522/189/1214
f 1547/189/1215 1548/189/1215 1580/189/1215 1579/189/1215
f 1544/189/1216 1545/189/1216 1577/189/1216 1576/189/1216
f 1540/189/1217 1541/189/1217 1573/189/1217 1572/189/1217
f 1552/189/1218 1553/189/1218 1585/189/1218 1584/189/1218
f 1548/189/1219 1549/189/1219 1581/189/1219 1580/189/1219
f 1545/189/1220 1546/189/1220 1578/189/1220 1577/189/1220
f 1549/189/1221 1550/189/1221 1582/189/1221 1581/189/1221
f 1541/189/1222 1542/189/1222 1574/189/1222 1573/189/1222
f 1553/189/1223 1538/189/1223 1570/189/1223 1585/189/1223
f 1550/189/1224 1551/189/1224 1583/189/1224 1582/189/1224
f 1538/189/1225 1539/189/1225 1571/189/1225 1570/189/1225
f 1542/189/1226 1543/189/1226 1575/189/1226 1574/189/1226
f 1546/189/1227 1547/189/1227 1579/189/1227 1578/189/1227
f 1543/189/1228 1544/189/1228 1576/189/1228 1575/189/1228
f 1539/189/1229 1540/189/1229 1572/189/1229 1571/189/1229
f 1573/189/1189 1574/189/1189 1590/189/1189 1589/189/1189
f 1585/189/1208 1570/189/1208 1586/189/1208 1601/189/1208
f 1582/189/1200 1583/189/1200 1599/189/1200 1598/189/1200
f 1570/189/1199 1571/189/1199 1587/189/1199 1586/189/1199
f 1574/189/1198 1575/189/1198 1591/189/1198 1590/189/1198
f 1578/189/1201 1579/189/1201 1595/189/1201 1594/189/1201
f 1575/189/1202 1576/189/1202 1592/189/1202 1591/189/1202
f 1571/189/1203 1572/189/1203 1588/189/1203 1587/189/1203
f 1583/189/1204 1584/189/1204 1600/189/1204 1599/189/1204
f 1579/189/1205 1580/189/1205 1596/189/1205 1595/189/1205
f 1576/189/1206 1577/189/1206 1593/189/1206 1592/189/1206
f 1572/189/1207 1573/189/1207 1589/189/1207 1588/189/1207
f 1584/189/1211 1585/189/1211 1601/189/1211 1600/189/1211
f 1580/189/1210 1581/189/1210 1597/189/1210 1596/189/1210
f 1577/189/1213 1578/189/1213 1594/189/1213 1593/189/1213
f 1581/189/1212 1582/189/1212 1598/189/1212 1597/189/1212
f 1616/189/1230 1617/189/1230 1633/189/1230 1632/189/1230
f 1609/189/1231 1610/189/1231 1626/189/1231 1625/189/1231
f 1602/189/1232 1603/189/1232 1619/189/1232 1618/189/1232
f 1617/189/1233 1602/189/1233 1618/189/1233 1633/189/1233
f 1610/189/1234 1611/189/1234 1627/189/1234 1626/189/1234
f 1603/189/1235 1604/189/1235 1620/189/1235 1619/189/1235
f 1611/189/1236 1612/189/1236 1628/189/1236 1627/189/1236
f 1604/189/1237 1605/189/1237 1621/189/1237 1620/189/1237
f 1612/189/1238 1613/189/1238 1629/189/1238 1628/189/1238
f 1605/189/1239 1606/189/1239 1622/189/1239 1621/189/1239
f 1613/189/1240 1614/189/1240 1630/189/1240 1629/189/1240
f 1606/189/1241 1607/189/1241 1623/189/1241 1622/189/1241
f 1614/189/1242 1615/189/1242 1631/189/1242 1630/189/1242
f 1607/189/1243 1608/189/1243 1624/189/1243 1623/189/1243
f 1615/189/1244 1616/189/1244 1632/189/1244 1631/189/1244
f 1608/189/1245 1609/189/1245 1625/189/1245 1624/189/1245
f 1631/189/1246 1632/189/1246 1648/189/1246 1647/189/1246
f 1624/189/1246 1625/189/1246 1641/189/1246 1640/189/1246
f 1632/189/1246 1633/189/1246 1649/189/1246 1648/189/1246
f 1625/189/1246 1626/189/1246 1642/189/1246 1641/189/1246
f 1618/189/1246 1619/189/1246 1635/189/1246 1634/189/1246
f 1633/189/1246 1618/189/1246 1634/189/1246 1649/189/1246
f 1626/189/1246 1627/189/1246 1643/189/1246 1642/189/1246
f 1619/189/1246 1620/189/1246 1636/189/1246 1635/189/1246
f 1627/189/1246 1628/189/1246 1644/189/1246 1643/189/1246
f 1620/189/1246 1621/189/1246 1637/189/1246 1636/189/1246
f 1628/189/1246 1629/189/1246 1645/189/1246 1644/189/1246
f 1621/189/1246 1622/189/1246 1638/189/1246 1637/189/1246
f 1629/189/1246 1630/189/1246 1646/189/1246 1645/189/1246
f 1622/189/1246 1623/189/1246 1639/189/1246 1638/189/1246
f 1630/189/1246 1631/189/1246 1647/189/1246 1646/189/1246
f 1623/189/1246 1624/189/1246 1640/189/1246 1639/189/1246
f 1637/189/1247 1638/189/1247 1654/189/1247 1653/189/1247
f 1645/189/1248 1646/189/1248 1662/189/1248 1661/189/1248
f 1638/189/1249 1639/189/1249 1655/189/1249 1654/189/1249
f 1646/189/1250 1647/189/1250 1663/189/1250 1662/189/1250
f 1639/189/1251 1640/189/1251 1656/189/1251 1655/189/1251
f 1647/189/1252 1648/189/1252 1664/189/1252 1663/189/1252
f 1640/189/1253 1641/189/1253 1657/189/1253 1656/189/1253
f 1648/189/1254 1649/189/1254 1665/189/1254 1664/189/1254
f 1641/189/1255 1642/189/1255 1658/189/1255 1657/189/1255
f 1634/189/1256 1635/189/1256 1651/189/1256 1650/189/1256
f 1649/189/1257 1634/189/1257 1650/189/1257 1665/189/1257
f 1642/189/1258 1643/189/1258 1659/189/1258 1658/189/1258
f 1635/189/1259 1636/189/1259 1652/189/1259 1651/189/1259
f 1643/189/1260 1644/189/1260 1660/189/1260 1659/189/1260
f 1636/189/1261 1637/189/1261 1653/189/1261 1652/189/1261
f 1644/189/1262 1645/189/1262 1661/189/1262 1660/189/1262
f 1658/189/1211 1659/189/1211 1675/189/1211 1674/189/1211
f 1651/189/1202 1652/189/1202 1668/189/1202 1667/189/1202
f 1659/189/1204 1660/189/1204 1676/189/1204 1675/189/1204
f 1652/189/1198 1653/189/1198 1669/189/1198 1668/189/1198
f 1660/189/1200 1661/189/1200 1677/189/1200 1676/189/1200
f 1653/189/1189 1654/189/1189 1670/189/1189 1669/189/1189
f 1661/189/1212 1662/189/1212 1678/189/1212 1677/189/1212
f 1654/189/1207 1655/189/1207 1671/189/1207 1670/189/1207
f 1662/189/1210 1663/189/1210 1679/189/1210 1678/189/1210
f 1655/189/1203 1656/189/1203 1672/189/1203 1671/189/1203
f 1663/189/1205 1664/189/1205 1680/189/1205 1679/189/1205
f 1656/189/1199 1657/189/1199 1673/189/1199 1672/189/1199
f 1664/189/1201 1665/189/1201 1681/189/1201 1680/189/1201
f 1657/189/1208 1658/189/1208 1674/189/1208 1673/189/1208
f 1650/189/1206 1651/189/1206 1667/189/1206 1666/189/1206
f 1665/189/1213 1650/189/1213 1666/189/1213 1681/189/1213
f 1695/189/1246 1711/189/1246 1712/189/1246 1696/189/1246
f 1688/189/1246 1704/189/1246 1705/189/1246 1689/189/1246
f 1696/189/1246 1712/189/1246 1713/189/1246 1697/189/1246
f 1689/189/1246 1705/189/1246 1706/189/1246 1690/189/1246
f 1682/189/1246 1698/189/1246 1699/189/1246 1683/189/1246
f 1697/189/1246 1713/189/1246 1698/189/1246 1682/189/1246
f 1690/189/1246 1706/189/1246 1707/189/1246 1691/189/1246
f 1683/189/1246 1699/189/1246 1700/189/1246 1684/189/1246
f 1691/189/1246 1707/189/1246 1708/189/1246 1692/189/1246
f 1684/189/1246 1700/189/1246 1701/189/1246 1685/189/1246
f 1692/189/1246 1708/189/1246 1709/189/1246 1693/189/1246
f 1685/189/1246 1701/189/1246 1702/189/1246 1686/189/1246
f 1693/189/1246 1709/189/1246 1710/189/1246 1694/189/1246
f 1686/189/1246 1702/189/1246 1703/189/1246 1687/189/1246
f 1694/189/1246 1710/189/1246 1711/189/1246 1695/189/1246
f 1687/189/1246 1703/189/1246 1704/189/1246 1688/189/1246
f 1710/189/1263 1726/189/1263 1727/189/1263 1711/189/1263
f 1703/189/1264 1719/189/1264 1720/189/1264 1704/189/1264
f 1711/189/1265 1727/189/1265 1728/189/1265 1712/189/1265
f 1704/189/1266 1720/189/1266 1721/189/1266 1705/189/1266
f 1712/189/1267 1728/189/1267 1729/189/1267 1713/189/1267
f 1705/189/1268 1721/189/1268 1722/189/1268 1706/189/1268
f 1698/189/1269 1714/189/1269 1715/189/1269 1699/189/1269
f 1713/189/1270 1729/189/1270 1714/189/1270 1698/189/1270
f 1706/189/1271 1722/189/1271 1723/189/1271 1707/189/1271
f 1699/189/1272 1715/189/1272 1716/189/1272 1700/189/1272
f 1707/189/1273 1723/189/1273 1724/189/1273 1708/189/1273
f 1700/189/1274 1716/189/1274 1717/189/1274 1701/189/1274
f 1708/189/1275 1724/189/1275 1725/189/1275 1709/189/1275
f 1701/189/1276 1717/189/1276 1718/189/1276 1702/189/1276
f 1709/189/1277 1725/189/1277 1726/189/1277 1710/189/1277
f 1702/189/1278 1718/189/1278 1719/189/1278 1703/189/1278
f 1728/189/1279 1727/189/1279 1759/189/1279 1760/189/1279
f 1721/189/1280 1720/189/1280 1752/189/1280 1753/189/1280
f 1729/189/1281 1728/189/1281 1760/189/1281 1761/189/1281
f 1722/189/1282 1721/189/1282 1753/189/1282 1754/189/1282
f 1714/189/1283 1729/189/1283 1761/189/1283 1746/189/1283
f 1723/189/1284 1722/189/1284 1754/189/1284 1755/189/1284
f 1716/189/1285 1715/189/1285 1747/189/1285 1748/189/1285
f 1694/189/1189 1733/189/1189 1734/189/1189 1693/189/1189
f 1724/189/1286 1723/189/1286 1755/189/1286 1756/189/1286
f 1717/189/1287 1716/189/1287 1748/189/1287 1749/189/1287
f 1725/189/1288 1724/189/1288 1756/189/1288 1757/189/1288
f 1718/189/1289 1717/189/1289 1749/189/1289 1750/189/1289
f 1726/189/1290 1725/189/1290 1757/189/1290 1758/189/1290
f 1719/189/1291 1718/189/1291 1750/189/1291 1751/189/1291
f 1727/189/1292 1726/189/1292 1758/189/1292 1759/189/1292
f 1720/189/1293 1719/189/1293 1751/189/1293 1752/189/1293
f 1693/189/1198 1734/189/1198 1735/189/1198 1692/189/1198
f 1697/189/1199 1730/189/1199 1731/189/1199 1696/189/1199
f 1685/189/1200 1742/189/1200 1743/189/1200 1684/189/1200
f 1689/189/1201 1738/189/1201 1739/189/1201 1688/189/1201
f 1692/189/1202 1735/189/1202 1736/189/1202 1691/189/1202
f 1696/189/1203 1731/189/1203 1732/189/1203 1695/189/1203
f 1684/189/1204 1743/189/1204 1744/189/1204 1683/189/1204
f 1688/189/1205 1739/189/1205 1740/189/1205 1687/189/1205
f 1691/189/1206 1736/189/1206 1737/189/1206 1690/189/1206
f 1695/189/1207 1732/189/1207 1733/189/1207 1694/189/1207
f 1682/189/1208 1745/189/1208 1730/189/1208 1697/189/1208
f 1743/189/1294 1775/189/1294 1776/189/1294 1744/189/1294
f 1687/189/1210 1740/189/1210 1741/189/1210 1686/189/1210
f 1683/189/1211 1744/189/1211 1745/189/1211 1682/189/1211
f 1686/189/1212 1741/189/1212 1742/189/1212 1685/189/1212
f 1690/189/1213 1737/189/1213 1738/189/1213 1689/189/1213
f 1747/189/1246 1746/189/1246 1761/189/1246 1760/189/1246 1759/189/1246 1758/189/1246 1757/189/1246 1756/189/1246 1755/189/1246 1754/189/1246 1753/189/1246 1752/189/1246 1751/189/1246 1750/189/1246 1749/189/1246 1748/189/1246
f 1715/189/1295 1714/189/1295 1746/189/1295 1747/189/1295
f 1739/189/1296 1771/189/1296 1772/189/1296 1740/189/1296
f 1736/189/1297 1768/189/1297 1769/189/1297 1737/189/1297
f 1732/189/1298 1764/189/1298 1765/189/1298 1733/189/1298
f 1744/189/1299 1776/189/1299 1777/189/1299 1745/189/1299
f 1740/189/1300 1772/189/1300 1773/189/1300 1741/189/1300
f 1737/189/1301 1769/189/1301 1770/189/1301 1738/189/1301
f 1741/189/1302 1773/189/1302 1774/189/1302 1742/189/1302
f 1733/189/1303 1765/189/1303 1766/189/1303 1734/189/1303
f 1745/189/1304 1777/189/1304 1762/189/1304 1730/189/1304
f 1742/189/1305 1774/189/1305 1775/189/1305 1743/189/1305
f 1730/189/1306 1762/189/1306 1763/189/1306 1731/189/1306
f 1734/189/1307 1766/189/1307 1767/189/1307 1735/189/1307
f 1738/189/1308 1770/189/1308 1771/189/1308 1739/189/1308
f 1735/189/1309 1767/189/1309 1768/189/1309 1736/189/1309
f 1731/189/1310 1763/189/1310 1764/189/1310 1732/189/1310
f 1765/189/1189 1589/189/1189 1590/189/1189 1766/189/1189
f 1777/189/1208 1601/189/1208 1586/189/1208 1762/189/1208
f 1774/189/1200 1598/189/1200 1599/189/1200 1775/189/1200
f 1762/189/1199 1586/189/1199 1587/189/1199 1763/189/1199
f 1766/189/1198 1590/189/1198 1591/189/1198 1767/189/1198
f 1770/189/1201 1594/189/1201 1595/189/1201 1771/189/1201
f 1767/189/1202 1591/189/1202 1592/189/1202 1768/189/1202
f 1763/189/1203 1587/189/1203 1588/189/1203 1764/189/1203
f 1775/189/1204 1599/189/1204 1600/189/1204 1776/189/1204
f 1771/189/1205 1595/189/1205 1596/189/1205 1772/189/1205
f 1768/189/1206 1592/189/1206 1593/189/1206 1769/189/1206
f 1764/189/1207 1588/189/1207 1589/189/1207 1765/189/1207
f 1776/189/1211 1600/189/1211 1601/189/1211 1777/189/1211
f 1772/189/1210 1596/189/1210 1597/189/1210 1773/189/1210
f 1769/189/1213 1593/189/1213 1594/189/1213 1770/189/1213
f 1773/189/1212 1597/189/1212 1598/189/1212 1774/189/1212
f 1792/189/1311 1808/189/1311 1809/189/1311 1793/189/1311
f 1785/189/1312 1801/189/1312 1802/189/1312 1786/189/1312
f 1778/189/1313 1794/189/1313 1795/189/1313 1779/189/1313
f 1793/189/1314 1809/189/1314 1794/189/1314 1778/189/1314
f 1786/189/1315 1802/189/1315 1803/189/1315 1787/189/1315
f 1779/189/1316 1795/189/1316 1796/189/1316 1780/189/1316
f 1787/189/1317 1803/189/1317 1804/189/1317 1788/189/1317
f 1780/189/1318 1796/189/1318 1797/189/1318 1781/189/1318
f 1788/189/1319 1804/189/1319 1805/189/1319 1789/189/1319
f 1781/189/1320 1797/189/1320 1798/189/1320 1782/189/1320
f 1789/189/1321 1805/189/1321 1806/189/1321 1790/189/1321
f 1782/189/1322 1798/189/1322 1799/189/1322 1783/189/1322
f 1790/189/1323 1806/189/1323 1807/189/1323 1791/189/1323
f 1783/189/1324 1799/189/1324 1800/189/1324 1784/189/1324
f 1791/189/1325 1807/189/1325 1808/189/1325 1792/189/1325
f 1784/189/1326 1800/189/1326 1801/189/1326 1785/189/1326
f 1807/189/1165 1823/189/1165 1824/189/1165 1808/189/1165
f 1800/189/1165 1816/189/1165 1817/189/1165 1801/189/1165
f 1808/189/1165 1824/189/1165 1825/189/1165 1809/189/1165
f 1801/189/1165 1817/189/1165 1818/189/1165 1802/189/1165
f 1794/189/1165 1810/189/1165 1811/189/1165 1795/189/1165
f 1809/189/1165 1825/189/1165 1810/189/1165 1794/189/1165
f 1802/189/1165 1818/189/1165 1819/189/1165 1803/189/1165
f 1795/189/1165 1811/189/1165 1812/189/1165 1796/189/1165
f 1803/189/1165 1819/189/1165 1820/189/1165 1804/189/1165
f 1796/189/1165 1812/189/1165 1813/189/1165 1797/189/1165
f 1804/189/1165 1820/189/1165 1821/189/1165 1805/189/1165
f 1797/189/1165 1813/189/1165 1814/189/1165 1798/189/1165
f 1805/189/1165 1821/189/1165 1822/189/1165 1806/189/1165
f 1798/189/1165 1814/189/1165 1815/189/1165 1799/189/1165
f 1806/189/1165 1822/189/1165 1823/189/1165 1807/189/1165
f 1799/189/1165 1815/189/1165 1816/189/1165 1800/189/1165
f 1813/189/1327 1829/189/1327 1830/189/1327 1814/189/1327
f 1821/189/1328 1837/189/1328 1838/189/1328 1822/189/1328
f 1814/189/1329 1830/189/1329 1831/189/1329 1815/189/1329
f 1822/189/1330 1838/189/1330 1839/189/1330 1823/189/1330
f 1815/189/1331 1831/189/1331 1832/189/1331 1816/189/1331
f 1823/189/1332 1839/189/1332 1840/189/1332 1824/189/1332
f 1816/189/1333 1832/189/1333 1833/189/1333 1817/189/1333
f 1824/189/1334 1840/189/1334 1841/189/1334 1825/189/1334
f 1817/189/1335 1833/189/1335 1834/189/1335 1818/189/1335
f 1810/189/1336 1826/189/1336 1827/189/1336 1811/189/1336
f 1825/189/1337 1841/189/1337 1826/189/1337 1810/189/1337
f 1818/189/1338 1834/189/1338 1835/189/1338 1819/189/1338
f 1811/189/1339 1827/189/1339 1828/189/1339 1812/189/1339
f 1819/189/1340 1835/189/1340 1836/189/1340 1820/189/1340
f 1812/189/1341 1828/189/1341 1829/189/1341 1813/189/1341
f 1820/189/1342 1836/189/1342 1837/189/1342 1821/189/1342
f 1834/189/1211 1674/189/1211 1675/189/1211 1835/189/1211
f 1827/189/1202 1667/189/1202 1668/189/1202 1828/189/1202
f 1835/189/1204 1675/189/1204 1676/189/1204 1836/189/1204
f 1828/189/1198 1668/189/1198 1669/189/1198 1829/189/1198
f 1836/189/1200 1676/189/1200 1677/189/1200 1837/189/1200
f 1829/189/1189 1669/189/1189 1670/189/1189 1830/189/1189
f 1837/189/1212 1677/189/1212 1678/189/1212 1838/189/1212
f 1830/189/1207 1670/189/1207 1671/189/1207 1831/189/1207
f 1838/189/1210 1678/189/1210 1679/189/1210 1839/189/1210
f 1831/189/1203 1671/189/1203 1672/189/1203 1832/189/1203
f 1839/189/1205 1679/189/1205 1680/189/1205 1840/189/1205
f 1832/189/1199 1672/189/1199 1673/189/1199 1833/189/1199
f 1840/189/1201 1680/189/1201 1681/189/1201 1841/189/1201
f 1833/189/1208 1673/189/1208 1674/189/1208 1834/189/1208
f 1826/189/1206 1666/189/1206 1667/189/1206 1827/189/1206
f 1841/189/1213 1681/189/1213 1666/189/1213 1826/189/1213
o Circle.001
v 0.576589 0.215363 -0.843957
v 0.576589 0.274298 -0.832235
v 0.576589 0.324260 -0.798851
v 0.576589 0.357644 -0.748889
v 0.576589 0.369367 -0.689954
v 0.576589 0.357644 -0.631020
v 0.576589 0.324260 -0.581058
v 0.576589 0.274298 -0.547674
v 0.576589 0.215363 -0.535951
v 0.576589 0.156429 -0.547674
v 0.576589 0.106467 -0.581058
v 0.576589 0.073083 -0.631020
v 0.576589 0.061360 -0.689954
v 0.576589 0.073083 -0.748889
v 0.576589 0.106467 -0.798851
v 0.576589 0.156429 -0.832235
v 0.576589 0.215363 -0.831586
v 0.576589 0.269564 -0.820805
v 0.576589 0.315512 -0.790103
v 0.576589 0.346214 -0.744154
v 0.576589 0.356995 -0.689954
v 0.576589 0.346214 -0.635754
v 0.576589 0.315512 -0.589805
v 0.576589 0.269564 -0.559104
v 0.576589 0.215363 -0.548322
v 0.576589 0.161163 -0.559104
v 0.576589 0.115215 -0.589805
v 0.576589 0.084513 -0.635754
v 0.576589 0.073732 -0.689954
v 0.576589 0.084513 -0.744154
v 0.576589 0.115215 -0.790103
v 0.576589 0.161163 -0.820805
v 0.553381 0.215363 -0.794250
v 0.553381 0.255276 -0.786311
v 0.553381 0.289112 -0.763703
v 0.553381 0.311720 -0.729867
v 0.553381 0.319659 -0.689954
v 0.553381 0.311720 -0.650042
v 0.553381 0.289112 -0.616206
v 0.553381 0.255276 -0.593598
v 0.553381 0.215363 -0.585659
v 0.553381 0.175451 -0.593598
v 0.553381 0.141615 -0.616206
v 0.553381 0.119007 -0.650042
v 0.553381 0.111068 -0.689954
v 0.553381 0.119007 -0.729867
v 0.553381 0.141615 -0.763703
v 0.553381 0.175451 -0.786311
v 0.559739 0.156429 -0.832235
v 0.559739 0.106467 -0.798851
v 0.559739 0.073083 -0.748889
v 0.559739 0.061360 -0.689954
v 0.559739 0.073083 -0.631020
v 0.559739 0.106467 -0.581058
v 0.559739 0.156429 -0.547674
v 0.559739 0.215363 -0.535951
v 0.559739 0.274298 -0.547674
v 0.559739 0.324260 -0.581058
v 0.559739 0.357644 -0.631020
v 0.559739 0.369367 -0.689954
v 0.559739 0.357644 -0.748889
v 0.559739 0.324260 -0.798851
v 0.559739 0.274298 -0.832235
v 0.559739 0.215363 -0.843957
v 0.567790 0.215363 -0.730333
v 0.567790 0.230816 -0.727259
v 0.567790 0.243916 -0.718506
v 0.567790 0.252669 -0.705406
v 0.567790 0.255742 -0.689954
v 0.567790 0.252669 -0.674502
v 0.567790 0.243916 -0.661402
v 0.567790 0.230816 -0.652649
v 0.567790 0.215363 -0.649575
v 0.567790 0.199911 -0.652649
v 0.567790 0.186811 -0.661402
v 0.567790 0.178058 -0.674502
v 0.567790 0.174985 -0.689954
v 0.567790 0.178058 -0.705406
v 0.567790 0.186811 -0.718506
v 0.567790 0.199911 -0.727259
v 0.545678 0.166303 -0.808397
v 0.545678 0.124711 -0.780606
v 0.545678 0.096921 -0.739015
v 0.545678 0.087162 -0.689954
v 0.545678 0.096921 -0.640894
v 0.545678 0.124711 -0.599302
v 0.545678 0.166303 -0.571512
v 0.545678 0.215363 -0.561753
v 0.545678 0.264424 -0.571512
v 0.545678 0.306015 -0.599302
v 0.545678 0.333806 -0.640894
v 0.545678 0.343565 -0.689954
v 0.545678 0.333806 -0.739015
v 0.545678 0.306015 -0.780606
v 0.545678 0.264424 -0.808397
v 0.545678 0.215363 -0.818156
v 0.512141 0.166303 -0.808397
v 0.512141 0.124711 -0.780606
v 0.512141 0.096921 -0.739015
v 0.512141 0.087162 -0.689954
v 0.512141 0.096921 -0.640894
v 0.512141 0.124711 -0.599302
v 0.512141 0.166303 -0.571512
v 0.512141 0.215363 -0.561753
v 0.512141 0.264424 -0.571512
v 0.512141 0.306015 -0.599302
v 0.512141 0.333806 -0.640894
v 0.512141 0.343565 -0.689954
v 0.512141 0.333806 -0.739015
v 0.512141 0.306015 -0.780606
v 0.512141 0.264424 -0.808397
v 0.512141 0.215363 -0.818156
v 0.576589 0.215363 -0.843957
v 0.576589 0.274298 -0.832235
v 0.576589 0.324260 -0.798851
v 0.576589 0.357644 -0.748889
v 0.576589 0.369367 -0.689954
v 0.576589 0.357644 -0.631020
v 0.576589 0.324260 -0.581058
v 0.576589 0.274298 -0.547674
v 0.576589 0.215363 -0.535951
v 0.576589 0.156429 -0.547674
v 0.576589 0.106467 -0.581058
v 0.576589 0.073083 -0.631020
v 0.576589 0.061360 -0.689954
v 0.576589 0.073083 -0.748889
v 0.576589 0.106467 -0.798851
v 0.576589 0.156429 -0.832235
v 0.581193 0.215363 -0.857596
v 0.581193 0.279517 -0.844835
v 0.581193 0.333904 -0.808495
v 0.581193 0.370244 -0.754108
v 0.581193 0.383005 -0.689954
v 0.581193 0.370244 -0.625801
v 0.581193 0.333904 -0.571414
v 0.581193 0.279517 -0.535073
v 0.581193 0.215363 -0.522313
v 0.581193 0.151210 -0.535073
v 0.581193 0.096823 -0.571414
v 0.581193 0.060483 -0.625801
v 0.581193 0.047722 -0.689954
v 0.581193 0.060483 -0.754108
v 0.581193 0.096823 -0.808495
v 0.581193 0.151210 -0.844835
v 0.581193 0.215363 -0.892176
v 0.581193 0.292751 -0.876783
v 0.581193 0.358356 -0.832947
v 0.581193 0.402192 -0.767341
v 0.581193 0.417586 -0.689954
v 0.581193 0.402192 -0.612567
v 0.581193 0.358356 -0.546962
v 0.581193 0.292751 -0.503125
v 0.581193 0.215363 -0.487732
v 0.581193 0.137976 -0.503125
v 0.581193 0.072371 -0.546962
v 0.581193 0.028535 -0.612567
v 0.581193 0.013141 -0.689954
v 0.581193 0.028535 -0.767341
v 0.581193 0.072371 -0.832947
v 0.581193 0.137976 -0.876783
v 0.575055 0.215363 -0.904043
v 0.575055 0.297292 -0.887747
v 0.575055 0.366747 -0.841338
v 0.575055 0.413156 -0.771883
v 0.575055 0.429453 -0.689954
v 0.575055 0.413156 -0.608026
v 0.575055 0.366747 -0.538570
v 0.575055 0.297292 -0.492162
v 0.575055 0.215363 -0.475865
v 0.575055 0.133435 -0.492162
v 0.575055 0.063980 -0.538570
v 0.575055 0.017571 -0.608026
v 0.575055 0.001274 -0.689954
v 0.575055 0.017571 -0.771883
v 0.575055 0.063980 -0.841338
v 0.575055 0.133435 -0.887747
v 0.512141 0.215363 -0.904043
v 0.512141 0.297292 -0.887747
v 0.512141 0.366747 -0.841338
v 0.512141 0.413156 -0.771883
v 0.512141 0.429453 -0.689954
v 0.512141 0.413156 -0.608026
v 0.512141 0.366747 -0.538570
v 0.512141 0.297292 -0.492162
v 0.512141 0.215363 -0.475865
v 0.512141 0.133435 -0.492162
v 0.512141 0.063980 -0.538570
v 0.512141 0.017571 -0.608026
v 0.512141 0.001274 -0.689954
v 0.512141 0.017571 -0.771883
v 0.512141 0.063980 -0.841338
v 0.512141 0.133435 -0.887747
v 0.447693 0.215363 -0.843957
v 0.447693 0.274298 -0.832235
v 0.447693 0.324260 -0.798851
v 0.447693 0.357644 -0.748889
v 0.447693 0.369367 -0.689954
v 0.447693 0.357644 -0.631020
v 0.447693 0.324260 -0.581058
v 0.447693 0.274298 -0.547674
v 0.447693 0.215363 -0.535951
v 0.447693 0.156429 -0.547674
v 0.447693 0.106467 -0.581058
v 0.447693 0.073083 -0.631020
v 0.447693 0.061360 -0.689954
v 0.447693 0.073083 -0.748889
v 0.447693 0.106467 -0.798851
v 0.447693 0.156429 -0.832235
v 0.447693 0.215363 -0.831586
v 0.447693 0.269564 -0.820805
v 0.447693 0.315512 -0.790103
v 0.447693 0.346214 -0.744154
v 0.447693 0.356995 -0.689954
v 0.447693 0.346214 -0.635754
v 0.447693 0.315512 -0.589805
v 0.447693 0.269564 -0.559104
v 0.447693 0.215363 -0.548322
v 0.447693 0.161163 -0.559104
v 0.447693 0.115215 -0.589805
v 0.447693 0.084513 -0.635754
v 0.447693 0.073732 -0.689954
v 0.447693 0.084513 -0.744154
v 0.447693 0.115215 -0.790103
v 0.447693 0.161163 -0.820805
v 0.470902 0.215363 -0.794250
v 0.470902 0.255276 -0.786311
v 0.470902 0.289112 -0.763703
v 0.470902 0.311720 -0.729867
v 0.470902 0.319659 -0.689954
v 0.470902 0.311720 -0.650042
v 0.470902 0.289112 -0.616206
v 0.470902 0.255276 -0.593598
v 0.470902 0.215363 -0.585659
v 0.470902 0.175451 -0.593598
v 0.470902 0.141615 -0.616206
v 0.470902 0.119007 -0.650042
v 0.470902 0.111068 -0.689954
v 0.470902 0.119007 -0.729867
v 0.470902 0.141615 -0.763703
v 0.470902 0.175451 -0.786311
v 0.464543 0.156429 -0.832235
v 0.464543 0.106467 -0.798851
v 0.464543 0.073083 -0.748889
v 0.464543 0.061360 -0.689954
v 0.464543 0.073083 -0.631020
v 0.464543 0.106467 -0.581058
v 0.464543 0.156429 -0.547674
v 0.464543 0.215363 -0.535951
v 0.464543 0.274298 -0.547674
v 0.464543 0.324260 -0.581058
v 0.464543 0.357644 -0.631020
v 0.464543 0.369367 -0.689954
v 0.464543 0.357644 -0.748889
v 0.464543 0.324260 -0.798851
v 0.464543 0.274298 -0.832235
v 0.464543 0.215363 -0.843957
v 0.456492 0.215363 -0.730333
v 0.456492 0.230816 -0.727259
v 0.456492 0.243916 -0.718506
v 0.456492 0.252669 -0.705406
v 0.456492 0.255742 -0.689954
v 0.456492 0.252669 -0.674502
v 0.456492 0.243916 -0.661402
v 0.456492 0.230816 -0.652649
v 0.456492 0.215363 -0.649575
v 0.456492 0.199911 -0.652649
v 0.456492 0.186811 -0.661402
v 0.456492 0.178058 -0.674502
v 0.456492 0.174985 -0.689954
v 0.456492 0.178058 -0.705406
v 0.456492 0.186811 -0.718506
v 0.456492 0.199911 -0.727259
v 0.478605 0.166303 -0.808397
v 0.478605 0.124711 -0.780606
v 0.478605 0.096921 -0.739015
v 0.478605 0.087162 -0.689954
v 0.478605 0.096921 -0.640894
v 0.478605 0.124711 -0.599302
v 0.478605 0.166303 -0.571512
v 0.478605 0.215363 -0.561753
v 0.478605 0.264424 -0.571512
v 0.478605 0.306015 -0.599302
v 0.478605 0.333806 -0.640894
v 0.478605 0.343565 -0.689954
v 0.478605 0.333806 -0.739015
v 0.478605 0.306015 -0.780606
v 0.478605 0.264424 -0.808397
v 0.478605 0.215363 -0.818156
v 0.447693 0.215363 -0.843957
v 0.447693 0.274298 -0.832235
v 0.447693 0.324260 -0.798851
v 0.447693 0.357644 -0.748889
v 0.447693 0.369367 -0.689954
v 0.447693 0.357644 -0.631020
v 0.447693 0.324260 -0.581058
v 0.447693 0.274298 -0.547674
v 0.447693 0.215363 -0.535951
v 0.447693 0.156429 -0.547674
v 0.447693 0.106467 -0.581058
v 0.447693 0.073083 -0.631020
v 0.447693 0.061360 -0.689954
v 0.447693 0.073083 -0.748889
v 0.447693 0.106467 -0.798851
v 0.447693 0.156429 -0.832235
v 0.443090 0.215363 -0.857596
v 0.443090 0.279517 -0.844835
v 0.443090 0.333904 -0.808495
v 0.443090 0.370244 -0.754108
v 0.443090 0.383005 -0.689954
v 0.443090 0.370244 -0.625801
v 0.443090 0.333904 -0.571414
v 0.443090 0.279517 -0.535073
v 0.443090 0.215363 -0.522313
v 0.443090 0.151210 -0.535073
v 0.443090 0.096823 -0.571414
v 0.443090 0.060483 -0.625801
v 0.443090 0.047722 -0.689954
v 0.443090 0.060483 -0.754108
v 0.443090 0.096823 -0.808495
v 0.443090 0.151210 -0.844835
v 0.443090 0.215363 -0.892176
v 0.443090 0.292751 -0.876783
v 0.443090 0.358356 -0.832947
v 0.443090 0.402192 -0.767341
v 0.443090 0.417586 -0.689954
v 0.443090 0.402192 -0.612567
v 0.443090 0.358356 -0.546962
v 0.443090 0.292751 -0.503125
v 0.443090 0.215363 -0.487732
v 0.443090 0.137976 -0.503125
v 0.443090 0.072371 -0.546962
v 0.443090 0.028535 -0.612567
v 0.443090 0.013141 -0.689954
v 0.443090 0.028535 -0.767341
v 0.443090 0.072371 -0.832947
v 0.443090 0.137976 -0.876783
v 0.449228 0.215363 -0.904043
v 0.449228 0.297292 -0.887747
v 0.449228 0.366747 -0.841338
v 0.449228 0.413156 -0.771883
v 0.449228 0.429453 -0.689954
v 0.449228 0.413156 -0.608026
v 0.449228 0.366747 -0.538570
v 0.449228 0.297292 -0.492162
v 0.449228 0.215363 -0.475865
v 0.449228 0.133435 -0.492162
v 0.449228 0.063980 -0.538570
v 0.449228 0.017571 -0.608026
v 0.449228 0.001274 -0.689954
v 0.449228 0.017571 -0.771883
v 0.449228 0.063980 -0.841338
v 0.449228 0.133435 -0.887747
vn 1.0000 -0.0000 -0.0000
vn 0.8446 0.5250 0.1044
vn 0.8446 -0.4451 -0.2974
vn 0.8446 0.4451 0.2974
vn 0.8446 -0.2974 -0.4451
vn 0.8446 0.2974 0.4451
vn 0.8446 -0.1044 -0.5250
vn 0.8446 -0.1044 0.5250
vn 0.8446 0.1044 0.5250
vn 0.8446 0.1044 -0.5250
vn 0.8446 -0.2974 0.4451
vn 0.8446 0.2974 -0.4451
vn 0.8446 -0.4451 0.2974
vn 0.8446 0.4451 -0.2974
vn 0.8446 -0.5250 0.1044
vn 0.8446 0.5250 -0.1044
vn 0.8446 -0.5250 -0.1044
vn 0.9746 -0.1863 -0.1245
vn 0.9746 0.1245 0.1863
vn 0.9746 -0.1245 -0.1863
vn 0.9746 0.0437 0.2197
vn 0.9746 -0.0437 -0.2197
vn 0.9746 -0.0437 0.2197
vn 0.9746 0.1245 -0.1863
vn -0.0000 -0.9808 0.1951
vn 0.9746 -0.1245 0.1863
vn 0.9746 0.1863 -0.1245
vn 0.9746 -0.1863 0.1245
vn 0.9746 0.2197 -0.0437
vn 0.9746 -0.2197 0.0437
vn 0.9746 0.2197 0.0437
vn 0.9746 -0.2197 -0.0437
vn 0.9746 0.1863 0.1245
vn -0.0000 -0.8315 0.5556
vn -0.0000 -0.5556 -0.8315
vn -0.0000 0.8315 -0.5556
vn -0.0000 0.5556 0.8315
vn -0.0000 -0.5556 0.8315
vn -0.0000 -0.8315 -0.5556
vn -0.0000 0.5556 -0.8315
vn -0.0000 0.8315 0.5556
vn -0.0000 -0.1951 0.9808
vn -0.0000 -0.9808 -0.1951
vn -0.0000 -0.1951 -0.9808
vn -0.8741 0.2699 -0.4039
vn -0.0000 0.9808 0.1951
vn -0.0000 0.1951 -0.9808
vn -0.0000 0.9808 -0.1951
vn -0.0000 0.1951 0.9808
vn 0.9746 0.0437 -0.2197
vn -0.8741 0.4039 0.2698
vn -0.8741 -0.0948 0.4764
vn -0.8741 -0.4764 -0.0948
vn -0.8741 0.0948 -0.4764
vn -0.8741 0.4764 0.0948
vn -0.8741 0.0948 0.4764
vn -0.8741 0.4764 -0.0948
vn -0.8741 -0.4764 0.0948
vn -0.8741 -0.0948 -0.4764
vn -0.8741 0.4039 -0.2698
vn -0.8741 -0.2698 -0.4039
vn -0.8741 -0.4039 0.2698
vn -0.8741 0.2699 0.4039
vn -0.8741 -0.2698 0.4039
vn -0.8741 -0.4039 -0.2698
vn -0.9456 -0.1808 -0.2706
vn -0.9456 0.0635 0.3192
vn -0.9456 0.0635 -0.3192
vn -0.9456 -0.0635 -0.3192
vn -0.9456 -0.0635 0.3192
vn -0.9456 0.1808 -0.2706
vn -0.9456 -0.1808 0.2706
vn -0.9456 0.2706 -0.1808
vn -0.9456 -0.2706 0.1808
vn -0.9456 0.3192 -0.0635
vn -0.9456 -0.3192 0.0635
vn -0.9456 0.3192 0.0635
vn -0.9456 -0.3192 -0.0635
vn -0.9456 0.2706 0.1808
vn -0.9456 -0.2706 -0.1808
vn -0.9456 0.1808 0.2706
vn -1.0000 -0.0000 -0.0000
vn -0.8845 -0.4575 0.0910
vn -0.8845 0.4575 -0.0910
vn -0.8845 -0.4575 -0.0910
vn -0.8845 0.4575 0.0910
vn -0.8845 -0.3879 -0.2592
vn -0.8845 0.3879 0.2592
vn -0.8845 -0.2592 -0.3879
vn -0.8845 0.2592 0.3879
vn -0.8845 -0.0910 -0.4575
vn -0.8845 -0.0910 0.4575
vn -0.8845 0.0910 0.4575
vn -0.8845 0.0910 -0.4575
vn -0.8845 -0.2592 0.3879
vn -0.8845 0.2592 -0.3879
vn -0.8845 -0.3879 0.2592
vn -0.8845 0.3879 -0.2592
vn -0.8446 0.5250 0.1044
vn -0.8446 -0.4451 -0.2974
vn -0.8446 0.4451 0.2974
vn -0.8446 -0.2974 -0.4451
vn -0.8446 0.2974 0.4451
vn -0.8446 -0.1044 -0.5250
vn -0.8446 -0.1044 0.5250
vn -0.8446 0.1044 0.5250
vn -0.8446 0.1044 -0.5250
vn -0.8446 -0.2974 0.4451
vn -0.8446 0.2974 -0.4451
vn -0.8446 -0.4451 0.2974
vn -0.8446 0.4451 -0.2974
vn -0.8446 -0.5250 0.1044
vn -0.8446 0.5250 -0.1044
vn -0.8446 -0.5250 -0.1044
vn -0.9746 -0.1863 -0.1245
vn -0.9746 0.1245 0.1863
vn -0.9746 -0.1245 -0.1863
vn -0.9746 0.0437 0.2197
vn -0.9746 -0.0437 -0.2197
vn -0.9746 -0.0437 0.2197
vn -0.9746 0.1245 -0.1863
vn -0.9746 -0.1245 0.1863
vn -0.9746 0.1863 -0.1245
vn -0.9746 -0.1863 0.1245
vn -0.9746 0.2197 -0.0437
vn -0.9746 -0.2197 0.0437
vn -0.9746 0.2197 0.0437
vn -0.9746 -0.2197 -0.0437
vn -0.9746 0.1863 0.1245
vn 0.8741 0.2698 -0.4039
vn -0.9746 0.0437 -0.2197
vn 0.8741 0.4039 0.2698
vn 0.8741 -0.0948 0.4764
vn 0.8741 -0.4764 -0.0948
vn 0.8741 0.0948 -0.4764
vn 0.8741 0.4764 0.0948
vn 0.8741 0.0948 0.4764
vn 0.8741 0.4764 -0.0948
vn 0.8741 -0.4764 0.0948
vn 0.8741 -0.0948 -0.4764
vn 0.8741 0.4039 -0.2698
vn 0.8741 -0.2698 -0.4039
vn 0.8741 -0.4039 0.2698
vn 0.8741 0.2699 0.4039
vn 0.8741 -0.2698 0.4039
vn 0.8741 -0.4039 -0.2698
vn 0.9456 -0.1808 -0.2706
vn 0.9456 0.0635 0.3192
vn 0.9456 0.0635 -0.3192
vn 0.9456 -0.0635 -0.3192
vn 0.9456 -0.0635 0.3192
vn 0.9456 0.1808 -0.2706
vn 0.9456 -0.1808 0.2706
vn 0.9456 0.2706 -0.1808
vn 0.9456 -0.2706 0.1808
vn 0.9456 0.3192 -0.0635
vn 0.9456 -0.3192 0.0635
vn 0.9456 0.3192 0.0635
vn 0.9456 -0.3192 -0.0635
vn 0.9456 0.2706 0.1808
vn 0.9456 -0.2706 -0.1808
vn 0.9456 0.1808 0.2706
vn 0.8845 -0.4575 0.0910
vn 0.8845 0.4575 -0.0910
vn 0.8845 -0.4575 -0.0910
vn 0.8845 0.4575 0.0910
vn 0.8845 -0.3879 -0.2592
vn 0.8845 0.3879 0.2592
vn 0.8845 -0.2592 -0.3879
vn 0.8845 0.2592 0.3879
vn 0.8845 -0.0910 -0.4575
vn 0.8845 -0.0910 0.4575
vn 0.8845 0.0910 0.4575
vn 0.8845 0.0910 -0.4575
vn 0.8845 -0.2592 0.3879
vn 0.8845 0.2592 -0.3879
vn 0.8845 -0.3879 0.2592
vn 0.8845 0.3879 -0.2592
vt 0.000000 0.000000
s 0
f 1855/190/1343 1856/190/1343 1872/190/1343 1871/190/1343
f 1848/190/1343 1849/190/1343 1865/190/1343 1864/190/1343
f 1856/190/1343 1857/190/1343 1873/190/1343 1872/190/1343
f 1849/190/1343 1850/190/1343 1866/190/1343 1865/190/1343
f 1842/190/1343 1843/190/1343 1859/190/1343 1858/190/1343
f 1857/190/1343 1842/190/1343 1858/190/1343 1873/190/1343
f 1850/190/1343 1851/190/1343 1867/190/1343 1866/190/1343
f 1843/190/1343 1844/190/1343 1860/190/1343 1859/190/1343
f 1851/190/1343 1852/190/1343 1868/190/1343 1867/190/1343
f 1844/190/1343 1845/190/1343 1861/190/1343 1860/190/1343
f 1852/190/1343 1853/190/1343 1869/190/1343 1868/190/1343
f 1845/190/1343 1846/190/1343 1862/190/1343 1861/190/1343
f 1853/190/1343 1854/190/1343 1870/190/1343 1869/190/1343
f 1846/190/1343 1847/190/1343 1863/190/1343 1862/190/1343
f 1854/190/1343 1855/190/1343 1871/190/1343 1870/190/1343
f 1847/190/1343 1848/190/1343 1864/190/1343 1863/190/1343
f 1870/190/1344 1871/190/1344 1887/190/1344 1886/190/1344
f 1863/190/1345 1864/190/1345 1880/190/1345 1879/190/1345
f 1871/190/1346 1872/190/1346 1888/190/1346 1887/190/1346
f 1864/190/1347 1865/190/1347 1881/190/1347 1880/190/1347
f 1872/190/1348 1873/190/1348 1889/190/1348 1888/190/1348
f 1865/190/1349 1866/190/1349 1882/190/1349 1881/190/1349
f 1858/190/1350 1859/190/1350 1875/190/1350 1874/190/1350
f 1873/190/1351 1858/190/1351 1874/190/1351 1889/190/1351
f 1866/190/1352 1867/190/1352 1883/190/1352 1882/190/1352
f 1859/190/1353 1860/190/1353 1876/190/1353 1875/190/1353
f 1867/190/1354 1868/190/1354 1884/190/1354 1883/190/1354
f 1860/190/1355 1861/190/1355 1877/190/1355 1876/190/1355
f 1868/190/1356 1869/190/1356 1885/190/1356 1884/190/1356
f 1861/190/1357 1862/190/1357 1878/190/1357 1877/190/1357
f 1869/190/1358 1870/190/1358 1886/190/1358 1885/190/1358
f 1862/190/1359 1863/190/1359 1879/190/1359 1878/190/1359
f 1888/190/1360 1920/190/1360 1919/190/1360 1887/190/1360
f 1881/190/1361 1913/190/1361 1912/190/1361 1880/190/1361
f 1889/190/1362 1921/190/1362 1920/190/1362 1888/190/1362
f 1882/190/1363 1914/190/1363 1913/190/1363 1881/190/1363
f 1874/190/1364 1906/190/1364 1921/190/1364 1889/190/1364
f 1883/190/1365 1915/190/1365 1914/190/1365 1882/190/1365
f 1876/190/1366 1908/190/1366 1907/190/1366 1875/190/1366
f 1854/190/1367 1853/190/1367 1894/190/1367 1893/190/1367
f 1884/190/1368 1916/190/1368 1915/190/1368 1883/190/1368
f 1877/190/1369 1909/190/1369 1908/190/1369 1876/190/1369
f 1885/190/1370 1917/190/1370 1916/190/1370 1884/190/1370
f 1878/190/1371 1910/190/1371 1909/190/1371 1877/190/1371
f 1886/190/1372 1918/190/1372 1917/190/1372 1885/190/1372
f 1879/190/1373 1911/190/1373 1910/190/1373 1878/190/1373
f 1887/190/1374 1919/190/1374 1918/190/1374 1886/190/1374
f 1880/190/1375 1912/190/1375 1911/190/1375 1879/190/1375
f 1853/190/1376 1852/190/1376 1895/190/1376 1894/190/1376
f 1857/190/1377 1856/190/1377 1891/190/1377 1890/190/1377
f 1845/190/1378 1844/190/1378 1903/190/1378 1902/190/1378
f 1849/190/1379 1848/190/1379 1899/190/1379 1898/190/1379
f 1852/190/1380 1851/190/1380 1896/190/1380 1895/190/1380
f 1856/190/1381 1855/190/1381 1892/190/1381 1891/190/1381
f 1844/190/1382 1843/190/1382 1904/190/1382 1903/190/1382
f 1848/190/1383 1847/190/1383 1900/190/1383 1899/190/1383
f 1851/190/1384 1850/190/1384 1897/190/1384 1896/190/1384
f 1855/190/1385 1854/190/1385 1893/190/1385 1892/190/1385
f 1842/190/1386 1857/190/1386 1890/190/1386 1905/190/1386
f 1903/190/1387 1904/190/1387 1936/190/1387 1935/190/1387
f 1847/190/1388 1846/190/1388 1901/190/1388 1900/190/1388
f 1843/190/1389 1842/190/1389 1905/190/1389 1904/190/1389
f 1846/190/1390 1845/190/1390 1902/190/1390 1901/190/1390
f 1850/190/1391 1849/190/1391 1898/190/1391 1897/190/1391
f 1907/190/1343 1908/190/1343 1909/190/1343 1910/190/1343 1911/190/1343 1912/190/1343 1913/190/1343 1914/190/1343 1915/190/1343 1916/190/1343 1917/190/1343 1918/190/1343 1919/190/1343 1920/190/1343 1921/190/1343 1906/190/1343
f 1875/190/1392 1907/190/1392 1906/190/1392 1874/190/1392
f 1899/190/1393 1900/190/1393 1932/190/1393 1931/190/1393
f 1896/190/1394 1897/190/1394 1929/190/1394 1928/190/1394
f 1892/190/1395 1893/190/1395 1925/190/1395 1924/190/1395
f 1904/190/1396 1905/190/1396 1937/190/1396 1936/190/1396
f 1900/190/1397 1901/190/1397 1933/190/1397 1932/190/1397
f 1897/190/1398 1898/190/1398 1930/190/1398 1929/190/1398
f 1901/190/1399 1902/190/1399 1934/190/1399 1933/190/1399
f 1893/190/1400 1894/190/1400 1926/190/1400 1925/190/1400
f 1905/190/1401 1890/190/1401 1922/190/1401 1937/190/1401
f 1902/190/1402 1903/190/1402 1935/190/1402 1934/190/1402
f 1890/190/1403 1891/190/1403 1923/190/1403 1922/190/1403
f 1894/190/1404 1895/190/1404 1927/190/1404 1926/190/1404
f 1898/190/1405 1899/190/1405 1931/190/1405 1930/190/1405
f 1895/190/1406 1896/190/1406 1928/190/1406 1927/190/1406
f 1891/190/1407 1892/190/1407 1924/190/1407 1923/190/1407
f 1925/190/1367 1926/190/1367 1942/190/1367 1941/190/1367
f 1937/190/1386 1922/190/1386 1938/190/1386 1953/190/1386
f 1934/190/1378 1935/190/1378 1951/190/1378 1950/190/1378
f 1922/190/1377 1923/190/1377 1939/190/1377 1938/190/1377
f 1926/190/1376 1927/190/1376 1943/190/1376 1942/190/1376
f 1930/190/1379 1931/190/1379 1947/190/1379 1946/190/1379
f 1927/190/1380 1928/190/1380 1944/190/1380 1943/190/1380
f 1923/190/1381 1924/190/1381 1940/190/1381 1939/190/1381
f 1935/190/1382 1936/190/1382 1952/190/1382 1951/190/1382
f 1931/190/1383 1932/190/1383 1948/190/1383 1947/190/1383
f 1928/190/1384 1929/190/1384 1945/190/1384 1944/190/1384
f 1924/190/1385 1925/190/1385 1941/190/1385 1940/190/1385
f 1936/190/1389 1937/190/1389 1953/190/1389 1952/190/1389
f 1932/190/1388 1933/190/1388 1949/190/1388 1948/190/1388
f 1929/190/1391 1930/190/1391 1946/190/1391 1945/190/1391
f 1933/190/1390 1934/190/1390 1950/190/1390 1949/190/1390
f 1968/190/1408 1969/190/1408 1985/190/1408 1984/190/1408
f 1961/190/1409 1962/190/1409 1978/190/1409 1977/190/1409
f 1954/190/1410 1955/190/1410 1971/190/1410 1970/190/1410
f 1969/190/1411 1954/190/1411 1970/190/1411 1985/190/1411
f 1962/190/1412 1963/190/1412 1979/190/1412 1978/190/1412
f 1955/190/1413 1956/190/1413 1972/190/1413 1971/190/1413
f 1963/190/1414 1964/190/1414 1980/190/1414 1979/190/1414
f 1956/190/1415 1957/190/1415 1973/190/1415 1972/190/1415
f 1964/190/1416 1965/190/1416 1981/190/1416 1980/190/1416
f 1957/190/1417 1958/190/1417 1974/190/1417 1973/190/1417
f 1965/190/1418 1966/190/1418 1982/190/1418 1981/190/1418
f 1958/190/1419 1959/190/1419 1975/190/1419 1974/190/1419
f 1966/190/1420 1967/190/1420 1983/190/1420 1982/190/1420
f 1959/190/1421 1960/190/1421 1976/190/1421 1975/190/1421
f 1967/190/1422 1968/190/1422 1984/190/1422 1983/190/1422
f 1960/190/1423 1961/190/1423 1977/190/1423 1976/190/1423
f 1983/190/1424 1984/190/1424 2000/190/1424 1999/190/1424
f 1976/190/1424 1977/190/1424 1993/190/1424 1992/190/1424
f 1984/190/1424 1985/190/1424 2001/190/1424 2000/190/1424
f 1977/190/1424 1978/190/1424 1994/190/1424 1993/190/1424
f 1970/190/1424 1971/190/1424 1987/190/1424 1986/190/1424
f 1985/190/1424 1970/190/1424 1986/190/1424 2001/190/1424
f 1978/190/1424 1979/190/1424 1995/190/1424 1994/190/1424
f 1971/190/1424 1972/190/1424 1988/190/1424 1987/190/1424
f 1979/190/1424 1980/190/1424 1996/190/1424 1995/190/1424
f 1972/190/1424 1973/190/1424 1989/190/1424 1988/190/1424
f 1980/190/1424 1981/190/1424 1997/190/1424 1996/190/1424
f 1973/190/1424 1974/190/1424 1990/190/1424 1989/190/1424
f 1981/190/1424 1982/190/1424 1998/190/1424 1997/190/1424
f 1974/190/1424 1975/190/1424 1991/190/1424 1990/190/1424
f 1982/190/1424 1983/190/1424 1999/190/1424 1998/190/1424
f 1975/190/1424 1976/190/1424 1992/190/1424 1991/190/1424
f 1989/190/1425 1990/190/1425 2006/190/1425 2005/190/1425
f 1997/190/1426 1998/190/1426 2014/190/1426 2013/190/1426
f 1990/190/1427 1991/190/1427 2007/190/1427 2006/190/1427
f 1998/190/1428 1999/190/1428 2015/190/1428 2014/190/1428
f 1991/190/1429 1992/190/1429 2008/190/1429 2007/190/1429
f 1999/190/1430 2000/190/1430 2016/190/1430 2015/190/1430
f 1992/190/1431 1993/190/1431 2009/190/1431 2008/190/1431
f 2000/190/1432 2001/190/1432 2017/190/1432 2016/190/1432
f 1993/190/1433 1994/190/1433 2010/190/1433 2009/190/1433
f 1986/190/1434 1987/190/1434 2003/190/1434 2002/190/1434
f 2001/190/1435 1986/190/1435 2002/190/1435 2017/190/1435
f 1994/190/1436 1995/190/1436 2011/190/1436 2010/190/1436
f 1987/190/1437 1988/190/1437 2004/190/1437 2003/190/1437
f 1995/190/1438 1996/190/1438 2012/190/1438 2011/190/1438
f 1988/190/1439 1989/190/1439 2005/190/1439 2004/190/1439
f 1996/190/1440 1997/190/1440 2013/190/1440 2012/190/1440
f 2010/190/1389 2011/190/1389 2027/190/1389 2026/190/1389
f 2003/190/1380 2004/190/1380 2020/190/1380 2019/190/1380
f 2011/190/1382 2012/190/1382 2028/190/1382 2027/190/1382
f 2004/190/1376 2005/190/1376 2021/190/1376 2020/190/1376
f 2012/190/1378 2013/190/1378 2029/190/1378 2028/190/1378
f 2005/190/1367 2006/190/1367 2022/190/1367 2021/190/1367
f 2013/190/1390 2014/190/1390 2030/190/1390 2029/190/1390
f 2006/190/1385 2007/190/1385 2023/190/1385 2022/190/1385
f 2014/190/1388 2015/190/1388 2031/190/1388 2030/190/1388
f 2007/190/1381 2008/190/1381 2024/190/1381 2023/190/1381
f 2015/190/1383 2016/190/1383 2032/190/1383 2031/190/1383
f 2008/190/1377 2009/190/1377 2025/190/1377 2024/190/1377
f 2016/190/1379 2017/190/1379 2033/190/1379 2032/190/1379
f 2009/190/1386 2010/190/1386 2026/190/1386 2025/190/1386
f 2002/190/1384 2003/190/1384 2019/190/1384 2018/190/1384
f 2017/190/1391 2002/190/1391 2018/190/1391 2033/190/1391
f 2047/190/1424 2063/190/1424 2064/190/1424 2048/190/1424
f 2040/190/1424 2056/190/1424 2057/190/1424 2041/190/1424
f 2048/190/1424 2064/190/1424 2065/190/1424 2049/190/1424
f 2041/190/1424 2057/190/1424 2058/190/1424 2042/190/1424
f 2034/190/1424 2050/190/1424 2051/190/1424 2035/190/1424
f 2049/190/1424 2065/190/1424 2050/190/1424 2034/190/1424
f 2042/190/1424 2058/190/1424 2059/190/1424 2043/190/1424
f 2035/190/1424 2051/190/1424 2052/190/1424 2036/190/1424
f 2043/190/1424 2059/190/1424 2060/190/1424 2044/190/1424
f 2036/190/1424 2052/190/1424 2053/190/1424 2037/190/1424
f 2044/190/1424 2060/190/1424 2061/190/1424 2045/190/1424
f 2037/190/1424 2053/190/1424 2054/190/1424 2038/190/1424
f 2045/190/1424 2061/190/1424 2062/190/1424 2046/190/1424
f 2038/190/1424 2054/190/1424 2055/190/1424 2039/190/1424
f 2046/190/1424 2062/190/1424 2063/190/1424 2047/190/1424
f 2039/190/1424 2055/190/1424 2056/190/1424 2040/190/1424
f 2062/190/1441 2078/190/1441 2079/190/1441 2063/190/1441
f 2055/190/1442 2071/190/1442 2072/190/1442 2056/190/1442
f 2063/190/1443 2079/190/1443 2080/190/1443 2064/190/1443
f 2056/190/1444 2072/190/1444 2073/190/1444 2057/190/1444
f 2064/190/1445 2080/190/1445 2081/190/1445 2065/190/1445
f 2057/190/1446 2073/190/1446 2074/190/1446 2058/190/1446
f 2050/190/1447 2066/190/1447 2067/190/1447 2051/190/1447
f 2065/190/1448 2081/190/1448 2066/190/1448 2050/190/1448
f 2058/190/1449 2074/190/1449 2075/190/1449 2059/190/1449
f 2051/190/1450 2067/190/1450 2068/190/1450 2052/190/1450
f 2059/190/1451 2075/190/1451 2076/190/1451 2060/190/1451
f 2052/190/1452 2068/190/1452 2069/190/1452 2053/190/1452
f 2060/190/1453 2076/190/1453 2077/190/1453 2061/190/1453
f 2053/190/1454 2069/190/1454 2070/190/1454 2054/190/1454
f 2061/190/1455 2077/190/1455 2078/190/1455 2062/190/1455
f 2054/190/1456 2070/190/1456 2071/190/1456 2055/190/1456
f 2080/190/1457 2079/190/1457 2111/190/1457 2112/190/1457
f 2073/190/1458 2072/190/1458 2104/190/1458 2105/190/1458
f 2081/190/1459 2080/190/1459 2112/190/1459 2113/190/1459
f 2074/190/1460 2073/190/1460 2105/190/1460 2106/190/1460
f 2066/190/1461 2081/190/1461 2113/190/1461 2098/190/1461
f 2075/190/1462 2074/190/1462 2106/190/1462 2107/190/1462
f 2068/190/1463 2067/190/1463 2099/190/1463 2100/190/1463
f 2046/190/1367 2085/190/1367 2086/190/1367 2045/190/1367
f 2076/190/1464 2075/190/1464 2107/190/1464 2108/190/1464
f 2069/190/1465 2068/190/1465 2100/190/1465 2101/190/1465
f 2077/190/1466 2076/190/1466 2108/190/1466 2109/190/1466
f 2070/190/1467 2069/190/1467 2101/190/1467 2102/190/1467
f 2078/190/1468 2077/190/1468 2109/190/1468 2110/190/1468
f 2071/190/1469 2070/190/1469 2102/190/1469 2103/190/1469
f 2079/190/1470 2078/190/1470 2110/190/1470 2111/190/1470
f 2072/190/1471 2071/190/1471 2103/190/1471 2104/190/1471
f 2045/190/1376 2086/190/1376 2087/190/1376 2044/190/1376
f 2049/190/1377 2082/190/1377 2083/190/1377 2048/190/1377
f 2037/190/1378 2094/190/1378 2095/190/1378 2036/190/1378
f 2041/190/1379 2090/190/1379 2091/190/1379 2040/190/1379
f 2044/190/1380 2087/190/1380 2088/190/1380 2043/190/1380
f 2048/190/1381 2083/190/1381 2084/190/1381 2047/190/1381
f 2036/190/1382 2095/190/1382 2096/190/1382 2035/190/1382
f 2040/190/1383 2091/190/1383 2092/190/1383 2039/190/1383
f 2043/190/1384 2088/190/1384 2089/190/1384 2042/190/1384
f 2047/190/1385 2084/190/1385 2085/190/1385 2046/190/1385
f 2034/190/1386 2097/190/1386 2082/190/1386 2049/190/1386
f 2095/190/1472 2127/190/1472 2128/190/1472 2096/190/1472
f 2039/190/1388 2092/190/1388 2093/190/1388 2038/190/1388
f 2035/190/1389 2096/190/1389 2097/190/1389 2034/190/1389
f 2038/190/1390 2093/190/1390 2094/190/1390 2037/190/1390
f 2042/190/1391 2089/190/1391 2090/190/1391 2041/190/1391
f 2099/190/1424 2098/190/1424 2113/190/1424 2112/190/1424 2111/190/1424 2110/190/1424 2109/190/1424 2108/190/1424 2107/190/1424 2106/190/1424 2105/190/1424 2104/190/1424 2103/190/1424 2102/190/1424 2101/190/1424 2100/190/1424
f 2067/190/1473 2066/190/1473 2098/190/1473 2099/190/1473
f 2091/190/1474 2123/190/1474 2124/190/1474 2092/190/1474
f 2088/190/1475 2120/190/1475 2121/190/1475 2089/190/1475
f 2084/190/1476 2116/190/1476 2117/190/1476 2085/190/1476
f 2096/190/1477 2128/190/1477 2129/190/1477 2097/190/1477
f 2092/190/1478 2124/190/1478 2125/190/1478 2093/190/1478
f 2089/190/1479 2121/190/1479 2122/190/1479 2090/190/1479
f 2093/190/1480 2125/190/1480 2126/190/1480 2094/190/1480
f 2085/190/1481 2117/190/1481 2118/190/1481 2086/190/1481
f 2097/190/1482 2129/190/1482 2114/190/1482 2082/190/1482
f 2094/190/1483 2126/190/1483 2127/190/1483 2095/190/1483
f 2082/190/1484 2114/190/1484 2115/190/1484 2083/190/1484
f 2086/190/1485 2118/190/1485 2119/190/1485 2087/190/1485
f 2090/190/1486 2122/190/1486 2123/190/1486 2091/190/1486
f 2087/190/1487 2119/190/1487 2120/190/1487 2088/190/1487
f 2083/190/1488 2115/190/1488 2116/190/1488 2084/190/1488
f 2117/190/1367 1941/190/1367 1942/190/1367 2118/190/1367
f 2129/190/1386 1953/190/1386 1938/190/1386 2114/190/1386
f 2126/190/1378 1950/190/1378 1951/190/1378 2127/190/1378
f 2114/190/1377 1938/190/1377 1939/190/1377 2115/190/1377
f 2118/190/1376 1942/190/1376 1943/190/1376 2119/190/1376
f 2122/190/1379 1946/190/1379 1947/190/1379 2123/190/1379
f 2119/190/1380 1943/190/1380 1944/190/1380 2120/190/1380
f 2115/190/1381 1939/190/1381 1940/190/1381 2116/190/1381
f 2127/190/1382 1951/190/1382 1952/190/1382 2128/190/1382
f 2123/190/1383 1947/190/1383 1948/190/1383 2124/190/1383
f 2120/190/1384 1944/190/1384 1945/190/1384 2121/190/1384
f 2116/190/1385 1940/190/1385 1941/190/1385 2117/190/1385
f 2128/190/1389 1952/190/1389 1953/190/1389 2129/190/1389
f 2124/190/1388 1948/190/1388 1949/190/1388 2125/190/1388
f 2121/190/1391 1945/190/1391 1946/190/1391 2122/190/1391
f 2125/190/1390 1949/190/1390 1950/190/1390 2126/190/1390
f 2144/190/1489 2160/190/1489 2161/190/1489 2145/190/1489
f 2137/190/1490 2153/190/1490 2154/190/1490 2138/190/1490
f 2130/190/1491 2146/190/1491 2147/190/1491 2131/190/1491
f 2145/190/1492 2161/190/1492 2146/190/1492 2130/190/1492
f 2138/190/1493 2154/190/1493 2155/190/1493 2139/190/1493
f 2131/190/1494 2147/190/1494 2148/190/1494 2132/190/1494
f 2139/190/1495 2155/190/1495 2156/190/1495 2140/190/1495
f 2132/190/1496 2148/190/1496 2149/190/1496 2133/190/1496
f 2140/190/1497 2156/190/1497 2157/190/1497 2141/190/1497
f 2133/190/1498 2149/190/1498 2150/190/1498 2134/190/1498
f 2141/190/1499 2157/190/1499 2158/190/1499 2142/190/1499
f 2134/190/1500 2150/190/1500 2151/190/1500 2135/190/1500
f 2142/190/1501 2158/190/1501 2159/190/1501 2143/190/1501
f 2135/190/1502 2151/190/1502 2152/190/1502 2136/190/1502
f 2143/190/1503 2159/190/1503 2160/190/1503 2144/190/1503
f 2136/190/1504 2152/190/1504 2153/190/1504 2137/190/1504
f 2159/190/1343 2175/190/1343 2176/190/1343 2160/190/1343
f 2152/190/1343 2168/190/1343 2169/190/1343 2153/190/1343
f 2160/190/1343 2176/190/1343 2177/190/1343 2161/190/1343
f 2153/190/1343 2169/190/1343 2170/190/1343 2154/190/1343
f 2146/190/1343 2162/190/1343 2163/190/1343 2147/190/1343
f 2161/190/1343 2177/190/1343 2162/190/1343 2146/190/1343
f 2154/190/1343 2170/190/1343 2171/190/1343 2155/190/1343
f 2147/190/1343 2163/190/1343 2164/190/1343 2148/190/1343
f 2155/190/1343 2171/190/1343 2172/190/1343 2156/190/1343
f 2148/190/1343 2164/190/1343 2165/190/1343 2149/190/1343
f 2156/190/1343 2172/190/1343 2173/190/1343 2157/190/1343
f 2149/190/1343 2165/190/1343 2166/190/1343 2150/190/1343
f 2157/190/1343 2173/190/1343 2174/190/1343 2158/190/1343
f 2150/190/1343 2166/190/1343 2167/190/1343 2151/190/1343
f 2158/190/1343 2174/190/1343 2175/190/1343 2159/190/1343
f 2151/190/1343 2167/190/1343 2168/190/1343 2152/190/1343
f 2165/190/1505 2181/190/1505 2182/190/1505 2166/190/1505
f 2173/190/1506 2189/190/1506 2190/190/1506 2174/190/1506
f 2166/190/1507 2182/190/1507 2183/190/1507 2167/190/1507
f 2174/190/1508 2190/190/1508 2191/190/1508 2175/190/1508
f 2167/190/1509 2183/190/1509 2184/190/1509 2168/190/1509
f 2175/190/1510 2191/190/1510 2192/190/1510 2176/190/1510
f 2168/190/1511 2184/190/1511 2185/190/1511 2169/190/1511
f 2176/190/1512 2192/190/1512 2193/190/1512 2177/190/1512
f 2169/190/1513 2185/190/1513 2186/190/1513 2170/190/1513
f 2162/190/1514 2178/190/1514 2179/190/1514 2163/190/1514
f 2177/190/1515 2193/190/1515 2178/190/1515 2162/190/1515
f 2170/190/1516 2186/190/1516 2187/190/1516 2171/190/1516
f 2163/190/1517 2179/190/1517 2180/190/1517 2164/190/1517
f 2171/190/1518 2187/190/1518 2188/190/1518 2172/190/1518
f 2164/190/1519 2180/190/1519 2181/190/1519 2165/190/1519
f 2172/190/1520 2188/190/1520 2189/190/1520 2173/190/1520
f 2186/190/1389 2026/190/1389 2027/190/1389 2187/190/1389
f 2179/190/1380 2019/190/1380 2020/190/1380 2180/190/1380
f 2187/190/1382 2027/190/1382 2028/190/1382 2188/190/1382
f 2180/190/1376 2020/190/1376 2021/190/1376 2181/190/1376
f 2188/190/1378 2028/190/1378 2029/190/1378 2189/190/1378
f 2181/190/1367 2021/190/1367 2022/190/1367 2182/190/1367
f 2189/190/1390 2029/190/1390 2030/190/1390 2190/190/1390
f 2182/190/1385 2022/190/1385 2023/190/1385 2183/190/1385
f 2190/190/1388 2030/190/1388 2031/190/1388 2191/190/1388
f 2183/190/1381 2023/190/1381 2024/190/1381 2184/190/1381
f 2191/190/1383 2031/190/1383 2032/190/1383 2192/190/1383
f 2184/190/1377 2024/190/1377 2025/190/1377 2185/190/1377
f 2192/190/1379 2032/190/1379 2033/190/1379 2193/190/1379
f 2185/190/1386 2025/190/1386 2026/190/1386 2186/190/1386
f 2178/190/1384 2018/190/1384 2019/190/1384 2179/190/1384
f 2193/190/1391 2033/190/1391 2018/190/1391 2178/190/1391
o Circle.002
v -0.576589 0.215363 0.860413
v -0.576589 0.274298 0.872136
v -0.576589 0.324260 0.905519
v -0.576589 0.357644 0.955482
v -0.576589 0.369367 1.014416
v -0.576589 0.357644 1.073351
v -0.576589 0.324260 1.123313
v -0.576589 0.274298 1.156696
v -0.576589 0.215363 1.168419
v -0.576589 0.156429 1.156696
v -0.576589 0.106467 1.123313
v -0.576589 0.073083 1.073351
v -0.576589 0.061360 1.014416
v -0.576589 0.073083 0.955482
v -0.576589 0.106467 0.905519
v -0.576589 0.156429 0.872136
v -0.576589 0.215363 0.872784
v -0.576589 0.269564 0.883565
v -0.576589 0.315512 0.914267
v -0.576589 0.346214 0.960216
v -0.576589 0.356995 1.014416
v -0.576589 0.346214 1.068616
v -0.576589 0.315512 1.114565
v -0.576589 0.269564 1.145267
v -0.576589 0.215363 1.156048
v -0.576589 0.161163 1.145267
v -0.576589 0.115215 1.114565
v -0.576589 0.084513 1.068616
v -0.576589 0.073732 1.014416
v -0.576589 0.084513 0.960216
v -0.576589 0.115215 0.914267
v -0.576589 0.161163 0.883565
v -0.553381 0.215363 0.910120
v -0.553381 0.255276 0.918059
v -0.553381 0.289112 0.940668
v -0.553381 0.311720 0.974504
v -0.553381 0.319659 1.014416
v -0.553381 0.311720 1.054328
v -0.553381 0.289112 1.088164
v -0.553381 0.255276 1.110773
v -0.553381 0.215363 1.118712
v -0.553381 0.175451 1.110773
v -0.553381 0.141615 1.088164
v -0.553381 0.119007 1.054328
v -0.553381 0.111068 1.014416
v -0.553381 0.119007 0.974504
v -0.553381 0.141615 0.940668
v -0.553381 0.175451 0.918059
v -0.559739 0.156429 0.872136
v -0.559739 0.106467 0.905519
v -0.559739 0.073083 0.955482
v -0.559739 0.061360 1.014416
v -0.559739 0.073083 1.073351
v -0.559739 0.106467 1.123313
v -0.559739 0.156429 1.156696
v -0.559739 0.215363 1.168419
v -0.559739 0.274298 1.156696
v -0.559739 0.324260 1.123313
v -0.559739 0.357644 1.073351
v -0.559739 0.369367 1.014416
v -0.559739 0.357644 0.955482
v -0.559739 0.324260 0.905519
v -0.559739 0.274298 0.872136
v -0.559739 0.215363 0.860413
v -0.567790 0.215363 0.974037
v -0.567790 0.230816 0.977111
v -0.567790 0.243916 0.985864
v -0.567790 0.252669 0.998964
v -0.567790 0.255742 1.014416
v -0.567790 0.252669 1.029868
v -0.567790 0.243916 1.042968
v -0.567790 0.230816 1.051721
v -0.567790 0.215363 1.054795
v -0.567790 0.199911 1.051721
v -0.567790 0.186811 1.042968
v -0.567790 0.178058 1.029868
v -0.567790 0.174985 1.014416
v -0.567790 0.178058 0.998964
v -0.567790 0.186811 0.985864
v -0.567790 0.199911 0.977111
v -0.545678 0.166303 0.895974
v -0.545678 0.124711 0.923764
v -0.545678 0.096921 0.965356
v -0.545678 0.087162 1.014416
v -0.545678 0.096921 1.063477
v -0.545678 0.124711 1.105068
v -0.545678 0.166303 1.132859
v -0.545678 0.215363 1.142617
v -0.545678 0.264424 1.132859
v -0.545678 0.306015 1.105068
v -0.545678 0.333806 1.063477
v -0.545678 0.343565 1.014416
v -0.545678 0.333806 0.965356
v -0.545678 0.306015 0.923764
v -0.545678 0.264424 0.895974
v -0.545678 0.215363 0.886215
v -0.512141 0.166303 0.895974
v -0.512141 0.124711 0.923764
v -0.512141 0.096921 0.965356
v -0.512141 0.087162 1.014416
v -0.512141 0.096921 1.063477
v -0.512141 0.124711 1.105068
v -0.512141 0.166303 1.132859
v -0.512141 0.215363 1.142617
v -0.512141 0.264424 1.132859
v -0.512141 0.306015 1.105068
v -0.512141 0.333806 1.063477
v -0.512141 0.343565 1.014416
v -0.512141 0.333806 0.965356
v -0.512141 0.306015 0.923764
v -0.512141 0.264424 0.895974
v -0.512141 0.215363 0.886215
v -0.576589 0.215363 0.860413
v -0.576589 0.274298 0.872136
v -0.576589 0.324260 0.905519
v -0.576589 0.357644 0.955482
v -0.576589 0.369367 1.014416
v -0.576589 0.357644 1.073351
v -0.576589 0.324260 1.123313
v -0.576589 0.274298 1.156696
v -0.576589 0.215363 1.168419
v -0.576589 0.156429 1.156696
v -0.576589 0.106467 1.123313
v -0.576589 0.073083 1.073351
v -0.576589 0.061360 1.014416
v -0.576589 0.073083 0.955482
v -0.576589 0.106467 0.905519
v -0.576589 0.156429 0.872136
v -0.581193 0.215363 0.846774
v -0.581193 0.279517 0.859535
v -0.581193 0.333904 0.895875
v -0.581193 0.370244 0.950262
v -0.581193 0.383005 1.014416
v -0.581193 0.370244 1.078570
v -0.581193 0.333904 1.132957
v -0.581193 0.279517 1.169297
v -0.581193 0.215363 1.182058
v -0.581193 0.151210 1.169297
v -0.581193 0.096823 1.132957
v -0.581193 0.060483 1.078570
v -0.581193 0.047722 1.014416
v -0.581193 0.060483 0.950262
v -0.581193 0.096823 0.895875
v -0.581193 0.151210 0.859535
v -0.581193 0.215363 0.812194
v -0.581193 0.292751 0.827587
v -0.581193 0.358356 0.871423
v -0.581193 0.402192 0.937029
v -0.581193 0.417586 1.014416
v -0.581193 0.402192 1.091803
v -0.581193 0.358356 1.157409
v -0.581193 0.292751 1.201245
v -0.581193 0.215363 1.216638
v -0.581193 0.137976 1.201245
v -0.581193 0.072371 1.157409
v -0.581193 0.028535 1.091803
v -0.581193 0.013141 1.014416
v -0.581193 0.028535 0.937029
v -0.581193 0.072371 0.871423
v -0.581193 0.137976 0.827587
v -0.575055 0.215363 0.800327
v -0.575055 0.297292 0.816624
v -0.575055 0.366747 0.863032
v -0.575055 0.413156 0.932488
v -0.575055 0.429453 1.014416
v -0.575055 0.413156 1.096344
v -0.575055 0.366747 1.165800
v -0.575055 0.297292 1.212209
v -0.575055 0.215363 1.228505
v -0.575055 0.133435 1.212209
v -0.575055 0.063980 1.165800
v -0.575055 0.017571 1.096344
v -0.575055 0.001274 1.014416
v -0.575055 0.017571 0.932488
v -0.575055 0.063980 0.863032
v -0.575055 0.133435 0.816624
v -0.512141 0.215363 0.800327
v -0.512141 0.297292 0.816624
v -0.512141 0.366747 0.863032
v -0.512141 0.413156 0.932488
v -0.512141 0.429453 1.014416
v -0.512141 0.413156 1.096344
v -0.512141 0.366747 1.165800
v -0.512141 0.297292 1.212209
v -0.512141 0.215363 1.228505
v -0.512141 0.133435 1.212209
v -0.512141 0.063980 1.165800
v -0.512141 0.017571 1.096344
v -0.512141 0.001274 1.014416
v -0.512141 0.017571 0.932488
v -0.512141 0.063980 0.863032
v -0.512141 0.133435 0.816624
v -0.447693 0.215363 0.860413
v -0.447693 0.274298 0.872136
v -0.447693 0.324260 0.905519
v -0.447693 0.357644 0.955482
v -0.447693 0.369367 1.014416
v -0.447693 0.357644 1.073351
v -0.447693 0.324260 1.123313
v -0.447693 0.274298 1.156696
v -0.447693 0.215363 1.168419
v -0.447693 0.156429 1.156696
v -0.447693 0.106467 1.123313
v -0.447693 0.073083 1.073351
v -0.447693 0.061360 1.014416
v -0.447693 0.073083 0.955482
v -0.447693 0.106467 0.905519
v -0.447693 0.156429 0.872136
v -0.447693 0.215363 0.872784
v -0.447693 0.269564 0.883565
v -0.447693 0.315512 0.914267
v -0.447693 0.346214 0.960216
v -0.447693 0.356995 1.014416
v -0.447693 0.346214 1.068616
v -0.447693 0.315512 1.114565
v -0.447693 0.269564 1.145267
v -0.447693 0.215363 1.156048
v -0.447693 0.161163 1.145267
v -0.447693 0.115215 1.114565
v -0.447693 0.084513 1.068616
v -0.447693 0.073732 1.014416
v -0.447693 0.084513 0.960216
v -0.447693 0.115215 0.914267
v -0.447693 0.161163 0.883565
v -0.470902 0.215363 0.910120
v -0.470902 0.255276 0.918059
v -0.470902 0.289112 0.940668
v -0.470902 0.311720 0.974504
v -0.470902 0.319659 1.014416
v -0.470902 0.311720 1.054328
v -0.470902 0.289112 1.088164
v -0.470902 0.255276 1.110773
v -0.470902 0.215363 1.118712
v -0.470902 0.175451 1.110773
v -0.470902 0.141615 1.088164
v -0.470902 0.119007 1.054328
v -0.470902 0.111068 1.014416
v -0.470902 0.119007 0.974504
v -0.470902 0.141615 0.940668
v -0.470902 0.175451 0.918059
v -0.464543 0.156429 0.872136
v -0.464543 0.106467 0.905519
v -0.464543 0.073083 0.955482
v -0.464543 0.061360 1.014416
v -0.464543 0.073083 1.073351
v -0.464543 0.106467 1.123313
v -0.464543 0.156429 1.156696
v -0.464543 0.215363 1.168419
v -0.464543 0.274298 1.156696
v -0.464543 0.324260 1.123313
v -0.464543 0.357644 1.073351
v -0.464543 0.369367 1.014416
v -0.464543 0.357644 0.955482
v -0.464543 0.324260 0.905519
v -0.464543 0.274298 0.872136
v -0.464543 0.215363 0.860413
v -0.456492 0.215363 0.974037
v -0.456492 0.230816 0.977111
v -0.456492 0.243916 0.985864
v -0.456492 0.252669 0.998964
v -0.456492 0.255742 1.014416
v -0.456492 0.252669 1.029868
v -0.456492 0.243916 1.042968
v -0.456492 0.230816 1.051721
v -0.456492 0.215363 1.054795
v -0.456492 0.199911 1.051721
v -0.456492 0.186811 1.042968
v -0.456492 0.178058 1.029868
v -0.456492 0.174985 1.014416
v -0.456492 0.178058 0.998964
v -0.456492 0.186811 0.985864
v -0.456492 0.199911 0.977111
v -0.478605 0.166303 0.895974
v -0.478605 0.124711 0.923764
v -0.478605 0.096921 0.965356
v -0.478605 0.087162 1.014416
v -0.478605 0.096921 1.063477
v -0.478605 0.124711 1.105068
v -0.478605 0.166303 1.132859
v -0.478605 0.215363 1.142617
v -0.478605 0.264424 1.132859
v -0.478605 0.306015 1.105068
v -0.478605 0.333806 1.063477
v -0.478605 0.343565 1.014416
v -0.478605 0.333806 0.965356
v -0.478605 0.306015 0.923764
v -0.478605 0.264424 0.895974
v -0.478605 0.215363 0.886215
v -0.447693 0.215363 0.860413
v -0.447693 0.274298 0.872136
v -0.447693 0.324260 0.905519
v -0.447693 0.357644 0.955482
v -0.447693 0.369367 1.014416
v -0.447693 0.357644 1.073351
v -0.447693 0.324260 1.123313
v -0.447693 0.274298 1.156696
v -0.447693 0.215363 1.168419
v -0.447693 0.156429 1.156696
v -0.447693 0.106467 1.123313
v -0.447693 0.073083 1.073351
v -0.447693 0.061360 1.014416
v -0.447693 0.073083 0.955482
v -0.447693 0.106467 0.905519
v -0.447693 0.156429 0.872136
v -0.443090 0.215363 0.846774
v -0.443090 0.279517 0.859535
v -0.443090 0.333904 0.895875
v -0.443090 0.370244 0.950262
v -0.443090 0.383005 1.014416
v -0.443090 0.370244 1.078570
v -0.443090 0.333904 1.132957
v -0.443090 0.279517 1.169297
v -0.443090 0.215363 1.182058
v -0.443090 0.151210 1.169297
v -0.443090 0.096823 1.132957
v -0.443090 0.060483 1.078570
v -0.443090 0.047722 1.014416
v -0.443090 0.060483 0.950262
v -0.443090 0.096823 0.895875
v -0.443090 0.151210 0.859535
v -0.443090 0.215363 0.812194
v -0.443090 0.292751 0.827587
v -0.443090 0.358356 0.871423
v -0.443090 0.402192 0.937029
v -0.443090 0.417586 1.014416
v -0.443090 0.402192 1.091803
v -0.443090 0.358356 1.157409
v -0.443090 0.292751 1.201245
v -0.443090 0.215363 1.216638
v -0.443090 0.137976 1.201245
v -0.443090 0.072371 1.157409
v -0.443090 0.028535 1.091803
v -0.443090 0.013141 1.014416
v -0.443090 0.028535 0.937029
v -0.443090 0.072371 0.871423
v -0.443090 0.137976 0.827587
v -0.449228 0.215363 0.800327
v -0.449228 0.297292 0.816624
v -0.449228 0.366747 0.863032
v -0.449228 0.413156 0.932488
v -0.449228 0.429453 1.014416
v -0.449228 0.413156 1.096344
v -0.449228 0.366747 1.165800
v -0.449228 0.297292 1.212209
v -0.449228 0.215363 1.228505
v -0.449228 0.133435 1.212209
v -0.449228 0.063980 1.165800
v -0.449228 0.017571 1.096344
v -0.449228 0.001274 1.014416
v -0.449228 0.017571 0.932488
v -0.449228 0.063980 0.863032
v -0.449228 0.133435 0.816624
vn -1.0000 -0.0000 -0.0000
vn -0.8446 0.5250 0.1044
vn -0.8446 -0.4451 -0.2974
vn -0.8446 0.4451 0.2974
vn -0.8446 -0.2974 -0.4451
vn -0.8446 0.2974 0.4451
vn -0.8446 -0.1044 -0.5250
vn -0.8446 -0.1044 0.5250
vn -0.8446 0.1044 0.5250
vn -0.8446 0.1044 -0.5250
vn -0.8446 -0.2974 0.4451
vn -0.8446 0.2974 -0.4451
vn -0.8446 -0.4451 0.2974
vn -0.8446 0.4451 -0.2974
vn -0.8446 -0.5250 0.1044
vn -0.8446 0.5250 -0.1044
vn -0.8446 -0.5250 -0.1044
vn -0.9746 -0.1863 -0.1245
vn -0.9746 0.1245 0.1863
vn -0.9746 -0.1245 -0.1863
vn -0.9746 0.0437 0.2197
vn -0.9746 -0.0437 -0.2197
vn -0.9746 -0.0437 0.2197
vn -0.9746 0.1245 -0.1863
vn -0.0000 -0.9808 0.1951
vn -0.9746 -0.1245 0.1863
vn -0.9746 0.1863 -0.1245
vn -0.9746 -0.1863 0.1245
vn -0.9746 0.2197 -0.0437
vn -0.9746 -0.2197 0.0437
vn -0.9746 0.2197 0.0437
vn -0.9746 -0.2197 -0.0437
vn -0.9746 0.1863 0.1245
vn -0.0000 -0.8315 0.5556
vn -0.0000 -0.5556 -0.8315
vn -0.0000 0.8315 -0.5556
vn -0.0000 0.5556 0.8315
vn -0.0000 -0.5556 0.8315
vn -0.0000 -0.8315 -0.5556
vn -0.0000 0.5556 -0.8315
vn -0.0000 0.8315 0.5556
vn -0.0000 -0.1951 0.9808
vn -0.0000 -0.9808 -0.1951
vn -0.0000 -0.1951 -0.9808
vn 0.8741 0.2699 -0.4039
vn -0.0000 0.9808 0.1951
vn -0.0000 0.1951 -0.9808
vn -0.0000 0.9808 -0.1951
vn -0.0000 0.1951 0.9808
vn -0.9746 0.0437 -0.2197
vn 0.8741 0.4039 0.2698
vn 0.8741 -0.0948 0.4764
vn 0.8741 -0.4764 -0.0948
vn 0.8741 0.0948 -0.4764
vn 0.8741 0.4764 0.0948
vn 0.8741 0.0948 0.4764
vn 0.8741 0.4764 -0.0948
vn 0.8741 -0.4764 0.0948
vn 0.8741 -0.0948 -0.4764
vn 0.8741 0.4039 -0.2698
vn 0.8741 -0.2698 -0.4039
vn 0.8741 -0.4039 0.2698
vn 0.8741 0.2699 0.4039
vn 0.8741 -0.2698 0.4039
vn 0.8741 -0.4039 -0.2698
vn 0.9456 -0.1808 -0.2706
vn 0.9456 0.0635 0.3192
vn 0.9456 0.0635 -0.3192
vn 0.9456 -0.0635 -0.3192
vn 0.9456 -0.0635 0.3192
vn 0.9456 0.1808 -0.2706
vn 0.9456 -0.1808 0.2706
vn 0.9456 0.2706 -0.1808
vn 0.9456 -0.2706 0.1808
vn 0.9456 0.3192 -0.0635
vn 0.9456 -0.3192 0.0635
vn 0.9456 0.3192 0.0635
vn 0.9456 -0.3192 -0.0635
vn 0.9456 0.2706 0.1808
vn 0.9456 -0.2706 -0.1808
vn 0.9456 0.1808 0.2706
vn 1.0000 -0.0000 -0.0000
vn 0.8845 -0.4575 0.0910
vn 0.8845 0.4575 -0.0910
vn 0.8845 -0.4575 -0.0910
vn 0.8845 0.4575 0.0910
vn 0.8845 -0.3879 -0.2592
vn 0.8845 0.3879 0.2592
vn 0.8845 -0.2592 -0.3879
vn 0.8845 0.2592 0.3879
vn 0.8845 -0.0910 -0.4575
vn 0.8845 -0.0910 0.4575
vn 0.8845 0.0910 0.4575
vn 0.8845 0.0910 -0.4575
vn 0.8845 -0.2592 0.3879
vn 0.8845 0.2592 -0.3879
vn 0.8845 -0.3879 0.2592
vn 0.8845 0.3879 -0.2592
vn 0.8446 0.5250 0.1044
vn 0.8446 -0.4451 -0.2974
vn 0.8446 0.4451 0.2974
vn 0.8446 -0.2974 -0.4451
vn 0.8446 0.2974 0.4451
vn 0.8446 -0.1044 -0.5250
vn 0.8446 -0.1044 0.5250
vn 0.8446 0.1044 0.5250
vn 0.8446 0.1044 -0.5250
vn 0.8446 -0.2974 0.4451
vn 0.8446 0.2974 -0.4451
vn 0.8446 -0.4451 0.2974
vn 0.8446 0.4451 -0.2974
vn 0.8446 -0.5250 0.1044
vn 0.8446 0.5250 -0.1044
vn 0.8446 -0.5250 -0.1044
vn 0.9746 -0.1863 -0.1245
vn 0.9746 0.1245 0.1863
vn 0.9746 -0.1245 -0.1863
vn 0.9746 0.0437 0.2197
vn 0.9746 -0.0437 -0.2197
vn 0.9746 -0.0437 0.2197
vn 0.9746 0.1245 -0.1863
vn 0.9746 -0.1245 0.1863
vn 0.9746 0.1863 -0.1245
vn 0.9746 -0.1863 0.1245
vn 0.9746 0.2197 -0.0437
vn 0.9746 -0.2197 0.0437
vn 0.9746 0.2197 0.0437
vn 0.9746 -0.2197 -0.0437
vn 0.9746 0.1863 0.1245
vn -0.8741 0.2698 -0.4039
vn 0.9746 0.0437 -0.2197
vn -0.8741 0.4039 0.2698
vn -0.8741 -0.0948 0.4764
vn -0.8741 -0.4764 -0.0948
vn -0.8741 0.0948 -0.4764
vn -0.8741 0.4764 0.0948
vn -0.8741 0.0948 0.4764
vn -0.8741 0.4764 -0.0948
vn -0.8741 -0.4764 0.0948
vn -0.8741 -0.0948 -0.4764
vn -0.8741 0.4039 -0.2698
vn -0.8741 -0.2698 -0.4039
vn -0.8741 -0.4039 0.2698
vn -0.8741 0.2699 0.4039
vn -0.8741 -0.2698 0.4039
vn -0.8741 -0.4039 -0.2698
vn -0.9456 -0.1808 -0.2706
vn -0.9456 0.0635 0.3192
vn -0.9456 0.0635 -0.3192
vn -0.9456 -0.0635 -0.3192
vn -0.9456 -0.0635 0.3192
vn -0.9456 0.1808 -0.2706
vn -0.9456 -0.1808 0.2706
vn -0.9456 0.2706 -0.1808
vn -0.9456 -0.2706 0.1808
vn -0.9456 0.3192 -0.0635
vn -0.9456 -0.3192 0.0635
vn -0.9456 0.3192 0.0635
vn -0.9456 -0.3192 -0.0635
vn -0.9456 0.2706 0.1808
vn -0.9456 -0.2706 -0.1808
vn -0.9456 0.1808 0.2706
vn -0.8845 -0.4575 0.0910
vn -0.8845 0.4575 -0.0910
vn -0.8845 -0.4575 -0.0910
vn -0.8845 0.4575 0.0910
vn -0.8845 -0.3879 -0.2592
vn -0.8845 0.3879 0.2592
vn -0.8845 -0.2592 -0.3879
vn -0.8845 0.2592 0.3879
vn -0.8845 -0.0910 -0.4575
vn -0.8845 -0.0910 0.4575
vn -0.8845 0.0910 0.4575
vn -0.8845 0.0910 -0.4575
vn -0.8845 -0.2592 0.3879
vn -0.8845 0.2592 -0.3879
vn -0.8845 -0.3879 0.2592
vn -0.8845 0.3879 -0.2592
vt 0.000000 0.000000
s 0
f 2207/191/1521 2223/191/1521 2224/191/1521 2208/191/1521
f 2200/191/1521 2216/191/1521 2217/191/1521 2201/191/1521
f 2208/191/1521 2224/191/1521 2225/191/1521 2209/191/1521
f 2201/191/1521 2217/191/1521 2218/191/1521 2202/191/1521
f 2194/191/1521 2210/191/1521 2211/191/1521 2195/191/1521
f 2209/191/1521 2225/191/1521 2210/191/1521 2194/191/1521
f 2202/191/1521 2218/191/1521 2219/191/1521 2203/191/1521
f 2195/191/1521 2211/191/1521 2212/191/1521 2196/191/1521
f 2203/191/1521 2219/191/1521 2220/191/1521 2204/191/1521
f 2196/191/1521 2212/191/1521 2213/191/1521 2197/191/1521
f 2204/191/1521 2220/191/1521 2221/191/1521 2205/191/1521
f 2197/191/1521 2213/191/1521 2214/191/1521 2198/191/1521
f 2205/191/1521 2221/191/1521 2222/191/1521 2206/191/1521
f 2198/191/1521 2214/191/1521 2215/191/1521 2199/191/1521
f 2206/191/1521 2222/191/1521 2223/191/1521 2207/191/1521
f 2199/191/1521 2215/191/1521 2216/191/1521 2200/191/1521
f 2222/191/1522 2238/191/1522 2239/191/1522 2223/191/1522
f 2215/191/1523 2231/191/1523 2232/191/1523 2216/191/1523
f 2223/191/1524 2239/191/1524 2240/191/1524 2224/191/1524
f 2216/191/1525 2232/191/1525 2233/191/1525 2217/191/1525
f 2224/191/1526 2240/191/1526 2241/191/1526 2225/191/1526
f 2217/191/1527 2233/191/1527 2234/191/1527 2218/191/1527
f 2210/191/1528 2226/191/1528 2227/191/1528 2211/191/1528
f 2225/191/1529 2241/191/1529 2226/191/1529 2210/191/1529
f 2218/191/1530 2234/191/1530 2235/191/1530 2219/191/1530
f 2211/191/1531 2227/191/1531 2228/191/1531 2212/191/1531
f 2219/191/1532 2235/191/1532 2236/191/1532 2220/191/1532
f 2212/191/1533 2228/191/1533 2229/191/1533 2213/191/1533
f 2220/191/1534 2236/191/1534 2237/191/1534 2221/191/1534
f 2213/191/1535 2229/191/1535 2230/191/1535 2214/191/1535
f 2221/191/1536 2237/191/1536 2238/191/1536 2222/191/1536
f 2214/191/1537 2230/191/1537 2231/191/1537 2215/191/1537
f 2240/191/1538 2239/191/1538 2271/191/1538 2272/191/1538
f 2233/191/1539 2232/191/1539 2264/191/1539 2265/191/1539
f 2241/191/1540 2240/191/1540 2272/191/1540 2273/191/1540
f 2234/191/1541 2233/191/1541 2265/191/1541 2266/191/1541
f 2226/191/1542 2241/191/1542 2273/191/1542 2258/191/1542
f 2235/191/1543 2234/191/1543 2266/191/1543 2267/191/1543
f 2228/191/1544 2227/191/1544 2259/191/1544 2260/191/1544
f 2206/191/1545 2245/191/1545 2246/191/1545 2205/191/1545
f 2236/191/1546 2235/191/1546 2267/191/1546 2268/191/1546
f 2229/191/1547 2228/191/1547 2260/191/1547 2261/191/1547
f 2237/191/1548 2236/191/1548 2268/191/1548 2269/191/1548
f 2230/191/1549 2229/191/1549 2261/191/1549 2262/191/1549
f 2238/191/1550 2237/191/1550 2269/191/1550 2270/191/1550
f 2231/191/1551 2230/191/1551 2262/191/1551 2263/191/1551
f 2239/191/1552 2238/191/1552 2270/191/1552 2271/191/1552
f 2232/191/1553 2231/191/1553 2263/191/1553 2264/191/1553
f 2205/191/1554 2246/191/1554 2247/191/1554 2204/191/1554
f 2209/191/1555 2242/191/1555 2243/191/1555 2208/191/1555
f 2197/191/1556 2254/191/1556 2255/191/1556 2196/191/1556
f 2201/191/1557 2250/191/1557 2251/191/1557 2200/191/1557
f 2204/191/1558 2247/191/1558 2248/191/1558 2203/191/1558
f 2208/191/1559 2243/191/1559 2244/191/1559 2207/191/1559
f 2196/191/1560 2255/191/1560 2256/191/1560 2195/191/1560
f 2200/191/1561 2251/191/1561 2252/191/1561 2199/191/1561
f 2203/191/1562 2248/191/1562 2249/191/1562 2202/191/1562
f 2207/191/1563 2244/191/1563 2245/191/1563 2206/191/1563
f 2194/191/1564 2257/191/1564 2242/191/1564 2209/191/1564
f 2255/191/1565 2287/191/1565 2288/191/1565 2256/191/1565
f 2199/191/1566 2252/191/1566 2253/191/1566 2198/191/1566
f 2195/191/1567 2256/191/1567 2257/191/1567 2194/191/1567
f 2198/191/1568 2253/191/1568 2254/191/1568 2197/191/1568
f 2202/191/1569 2249/191/1569 2250/191/1569 2201/191/1569
f 2259/191/1521 2258/191/1521 2273/191/1521 2272/191/1521 2271/191/1521 2270/191/1521 2269/191/1521 2268/191/1521 2267/191/1521 2266/191/1521 2265/191/1521 2264/191/1521 2263/191/1521 2262/191/1521 2261/191/1521 2260/191/1521
f 2227/191/1570 2226/191/1570 2258/191/1570 2259/191/1570
f 2251/191/1571 2283/191/1571 2284/191/1571 2252/191/1571
f 2248/191/1572 2280/191/1572 2281/191/1572 2249/191/1572
f 2244/191/1573 2276/191/1573 2277/191/1573 2245/191/1573
f 2256/191/1574 2288/191/1574 2289/191/1574 2257/191/1574
f 2252/191/1575 2284/191/1575 2285/191/1575 2253/191/1575
f 2249/191/1576 2281/191/1576 2282/191/1576 2250/191/1576
f 2253/191/1577 2285/191/1577 2286/191/1577 2254/191/1577
f 2245/191/1578 2277/191/1578 2278/191/1578 2246/191/1578
f 2257/191/1579 2289/191/1579 2274/191/1579 2242/191/1579
f 2254/191/1580 2286/191/1580 2287/191/1580 2255/191/1580
f 2242/191/1581 2274/191/1581 2275/191/1581 2243/191/1581
f 2246/191/1582 2278/191/1582 2279/191/1582 2247/191/1582
f 2250/191/1583 2282/191/1583 2283/191/1583 2251/191/1583
f 2247/191/1584 2279/191/1584 2280/191/1584 2248/191/1584
f 2243/191/1585 2275/191/1585 2276/191/1585 2244/191/1585
f 2277/191/1545 2293/191/1545 2294/191/1545 2278/191/1545
f 2289/191/1564 2305/191/1564 2290/191/1564 2274/191/1564
f 2286/191/1556 2302/191/1556 2303/191/1556 2287/191/1556
f 2274/191/1555 2290/191/1555 2291/191/1555 2275/191/1555
f 2278/191/1554 2294/191/1554 2295/191/1554 2279/191/1554
f 2282/191/1557 2298/191/1557 2299/191/1557 2283/191/1557
f 2279/191/1558 2295/191/1558 2296/191/1558 2280/191/1558
f 2275/191/1559 2291/191/1559 2292/191/1559 2276/191/1559
f 2287/191/1560 2303/191/1560 2304/191/1560 2288/191/1560
f 2283/191/1561 2299/191/1561 2300/191/1561 2284/191/1561
f 2280/191/1562 2296/191/1562 2297/191/1562 2281/191/1562
f 2276/191/1563 2292/191/1563 2293/191/1563 2277/191/1563
f 2288/191/1567 2304/191/1567 2305/191/1567 2289/191/1567
f 2284/191/1566 2300/191/1566 2301/191/1566 2285/191/1566
f 2281/191/1569 2297/191/1569 2298/191/1569 2282/191/1569
f 2285/191/1568 2301/191/1568 2302/191/1568 2286/191/1568
f 2320/191/1586 2336/191/1586 2337/191/1586 2321/191/1586
f 2313/191/1587 2329/191/1587 2330/191/1587 2314/191/1587
f 2306/191/1588 2322/191/1588 2323/191/1588 2307/191/1588
f 2321/191/1589 2337/191/1589 2322/191/1589 2306/191/1589
f 2314/191/1590 2330/191/1590 2331/191/1590 2315/191/1590
f 2307/191/1591 2323/191/1591 2324/191/1591 2308/191/1591
f 2315/191/1592 2331/191/1592 2332/191/1592 2316/191/1592
f 2308/191/1593 2324/191/1593 2325/191/1593 2309/191/1593
f 2316/191/1594 2332/191/1594 2333/191/1594 2317/191/1594
f 2309/191/1595 2325/191/1595 2326/191/1595 2310/191/1595
f 2317/191/1596 2333/191/1596 2334/191/1596 2318/191/1596
f 2310/191/1597 2326/191/1597 2327/191/1597 2311/191/1597
f 2318/191/1598 2334/191/1598 2335/191/1598 2319/191/1598
f 2311/191/1599 2327/191/1599 2328/191/1599 2312/191/1599
f 2319/191/1600 2335/191/1600 2336/191/1600 2320/191/1600
f 2312/191/1601 2328/191/1601 2329/191/1601 2313/191/1601
f 2335/191/1602 2351/191/1602 2352/191/1602 2336/191/1602
f 2328/191/1602 2344/191/1602 2345/191/1602 2329/191/1602
f 2336/191/1602 2352/191/1602 2353/191/1602 2337/191/1602
f 2329/191/1602 2345/191/1602 2346/191/1602 2330/191/1602
f 2322/191/1602 2338/191/1602 2339/191/1602 2323/191/1602
f 2337/191/1602 2353/191/1602 2338/191/1602 2322/191/1602
f 2330/191/1602 2346/191/1602 2347/191/1602 2331/191/1602
f 2323/191/1602 2339/191/1602 2340/191/1602 2324/191/1602
f 2331/191/1602 2347/191/1602 2348/191/1602 2332/191/1602
f 2324/191/1602 2340/191/1602 2341/191/1602 2325/191/1602
f 2332/191/1602 2348/191/1602 2349/191/1602 2333/191/1602
f 2325/191/1602 2341/191/1602 2342/191/1602 2326/191/1602
f 2333/191/1602 2349/191/1602 2350/191/1602 2334/191/1602
f 2326/191/1602 2342/191/1602 2343/191/1602 2327/191/1602
f 2334/191/1602 2350/191/1602 2351/191/1602 2335/191/1602
f 2327/191/1602 2343/191/1602 2344/191/1602 2328/191/1602
f 2341/191/1603 2357/191/1603 2358/191/1603 2342/191/1603
f 2349/191/1604 2365/191/1604 2366/191/1604 2350/191/1604
f 2342/191/1605 2358/191/1605 2359/191/1605 2343/191/1605
f 2350/191/1606 2366/191/1606 2367/191/1606 2351/191/1606
f 2343/191/1607 2359/191/1607 2360/191/1607 2344/191/1607
f 2351/191/1608 2367/191/1608 2368/191/1608 2352/191/1608
f 2344/191/1609 2360/191/1609 2361/191/1609 2345/191/1609
f 2352/191/1610 2368/191/1610 2369/191/1610 2353/191/1610
f 2345/191/1611 2361/191/1611 2362/191/1611 2346/191/1611
f 2338/191/1612 2354/191/1612 2355/191/1612 2339/191/1612
f 2353/191/1613 2369/191/1613 2354/191/1613 2338/191/1613
f 2346/191/1614 2362/191/1614 2363/191/1614 2347/191/1614
f 2339/191/1615 2355/191/1615 2356/191/1615 2340/191/1615
f 2347/191/1616 2363/191/1616 2364/191/1616 2348/191/1616
f 2340/191/1617 2356/191/1617 2357/191/1617 2341/191/1617
f 2348/191/1618 2364/191/1618 2365/191/1618 2349/191/1618
f 2362/191/1567 2378/191/1567 2379/191/1567 2363/191/1567
f 2355/191/1558 2371/191/1558 2372/191/1558 2356/191/1558
f 2363/191/1560 2379/191/1560 2380/191/1560 2364/191/1560
f 2356/191/1554 2372/191/1554 2373/191/1554 2357/191/1554
f 2364/191/1556 2380/191/1556 2381/191/1556 2365/191/1556
f 2357/191/1545 2373/191/1545 2374/191/1545 2358/191/1545
f 2365/191/1568 2381/191/1568 2382/191/1568 2366/191/1568
f 2358/191/1563 2374/191/1563 2375/191/1563 2359/191/1563
f 2366/191/1566 2382/191/1566 2383/191/1566 2367/191/1566
f 2359/191/1559 2375/191/1559 2376/191/1559 2360/191/1559
f 2367/191/1561 2383/191/1561 2384/191/1561 2368/191/1561
f 2360/191/1555 2376/191/1555 2377/191/1555 2361/191/1555
f 2368/191/1557 2384/191/1557 2385/191/1557 2369/191/1557
f 2361/191/1564 2377/191/1564 2378/191/1564 2362/191/1564
f 2354/191/1562 2370/191/1562 2371/191/1562 2355/191/1562
f 2369/191/1569 2385/191/1569 2370/191/1569 2354/191/1569
f 2399/191/1602 2400/191/1602 2416/191/1602 2415/191/1602
f 2392/191/1602 2393/191/1602 2409/191/1602 2408/191/1602
f 2400/191/1602 2401/191/1602 2417/191/1602 2416/191/1602
f 2393/191/1602 2394/191/1602 2410/191/1602 2409/191/1602
f 2386/191/1602 2387/191/1602 2403/191/1602 2402/191/1602
f 2401/191/1602 2386/191/1602 2402/191/1602 2417/191/1602
f 2394/191/1602 2395/191/1602 2411/191/1602 2410/191/1602
f 2387/191/1602 2388/191/1602 2404/191/1602 2403/191/1602
f 2395/191/1602 2396/191/1602 2412/191/1602 2411/191/1602
f 2388/191/1602 2389/191/1602 2405/191/1602 2404/191/1602
f 2396/191/1602 2397/191/1602 2413/191/1602 2412/191/1602
f 2389/191/1602 2390/191/1602 2406/191/1602 2405/191/1602
f 2397/191/1602 2398/191/1602 2414/191/1602 2413/191/1602
f 2390/191/1602 2391/191/1602 2407/191/1602 2406/191/1602
f 2398/191/1602 2399/191/1602 2415/191/1602 2414/191/1602
f 2391/191/1602 2392/191/1602 2408/191/1602 2407/191/1602
f 2414/191/1619 2415/191/1619 2431/191/1619 2430/191/1619
f 2407/191/1620 2408/191/1620 2424/191/1620 2423/191/1620
f 2415/191/1621 2416/191/1621 2432/191/1621 2431/191/1621
f 2408/191/1622 2409/191/1622 2425/191/1622 2424/191/1622
f 2416/191/1623 2417/191/1623 2433/191/1623 2432/191/1623
f 2409/191/1624 2410/191/1624 2426/191/1624 2425/191/1624
f 2402/191/1625 2403/191/1625 2419/191/1625 2418/191/1625
f 2417/191/1626 2402/191/1626 2418/191/1626 2433/191/1626
f 2410/191/1627 2411/191/1627 2427/191/1627 2426/191/1627
f 2403/191/1628 2404/191/1628 2420/191/1628 2419/191/1628
f 2411/191/1629 2412/191/1629 2428/191/1629 2427/191/1629
f 2404/191/1630 2405/191/1630 2421/191/1630 2420/191/1630
f 2412/191/1631 2413/191/1631 2429/191/1631 2428/191/1631
f 2405/191/1632 2406/191/1632 2422/191/1632 2421/191/1632
f 2413/191/1633 2414/191/1633 2430/191/1633 2429/191/1633
f 2406/191/1634 2407/191/1634 2423/191/1634 2422/191/1634
f 2432/191/1635 2464/191/1635 2463/191/1635 2431/191/1635
f 2425/191/1636 2457/191/1636 2456/191/1636 2424/191/1636
f 2433/191/1637 2465/191/1637 2464/191/1637 2432/191/1637
f 2426/191/1638 2458/191/1638 2457/191/1638 2425/191/1638
f 2418/191/1639 2450/191/1639 2465/191/1639 2433/191/1639
f 2427/191/1640 2459/191/1640 2458/191/1640 2426/191/1640
f 2420/191/1641 2452/191/1641 2451/191/1641 2419/191/1641
f 2398/191/1545 2397/191/1545 2438/191/1545 2437/191/1545
f 2428/191/1642 2460/191/1642 2459/191/1642 2427/191/1642
f 2421/191/1643 2453/191/1643 2452/191/1643 2420/191/1643
f 2429/191/1644 2461/191/1644 2460/191/1644 2428/191/1644
f 2422/191/1645 2454/191/1645 2453/191/1645 2421/191/1645
f 2430/191/1646 2462/191/1646 2461/191/1646 2429/191/1646
f 2423/191/1647 2455/191/1647 2454/191/1647 2422/191/1647
f 2431/191/1648 2463/191/1648 2462/191/1648 2430/191/1648
f 2424/191/1649 2456/191/1649 2455/191/1649 2423/191/1649
f 2397/191/1554 2396/191/1554 2439/191/1554 2438/191/1554
f 2401/191/1555 2400/191/1555 2435/191/1555 2434/191/1555
f 2389/191/1556 2388/191/1556 2447/191/1556 2446/191/1556
f 2393/191/1557 2392/191/1557 2443/191/1557 2442/191/1557
f 2396/191/1558 2395/191/1558 2440/191/1558 2439/191/1558
f 2400/191/1559 2399/191/1559 2436/191/1559 2435/191/1559
f 2388/191/1560 2387/191/1560 2448/191/1560 2447/191/1560
f 2392/191/1561 2391/191/1561 2444/191/1561 2443/191/1561
f 2395/191/1562 2394/191/1562 2441/191/1562 2440/191/1562
f 2399/191/1563 2398/191/1563 2437/191/1563 2436/191/1563
f 2386/191/1564 2401/191/1564 2434/191/1564 2449/191/1564
f 2447/191/1650 2448/191/1650 2480/191/1650 2479/191/1650
f 2391/191/1566 2390/191/1566 2445/191/1566 2444/191/1566
f 2387/191/1567 2386/191/1567 2449/191/1567 2448/191/1567
f 2390/191/1568 2389/191/1568 2446/191/1568 2445/191/1568
f 2394/191/1569 2393/191/1569 2442/191/1569 2441/191/1569
f 2451/191/1602 2452/191/1602 2453/191/1602 2454/191/1602 2455/191/1602 2456/191/1602 2457/191/1602 2458/191/1602 2459/191/1602 2460/191/1602 2461/191/1602 2462/191/1602 2463/191/1602 2464/191/1602 2465/191/1602 2450/191/1602
f 2419/191/1651 2451/191/1651 2450/191/1651 2418/191/1651
f 2443/191/1652 2444/191/1652 2476/191/1652 2475/191/1652
f 2440/191/1653 2441/191/1653 2473/191/1653 2472/191/1653
f 2436/191/1654 2437/191/1654 2469/191/1654 2468/191/1654
f 2448/191/1655 2449/191/1655 2481/191/1655 2480/191/1655
f 2444/191/1656 2445/191/1656 2477/191/1656 2476/191/1656
f 2441/191/1657 2442/191/1657 2474/191/1657 2473/191/1657
f 2445/191/1658 2446/191/1658 2478/191/1658 2477/191/1658
f 2437/191/1659 2438/191/1659 2470/191/1659 2469/191/1659
f 2449/191/1660 2434/191/1660 2466/191/1660 2481/191/1660
f 2446/191/1661 2447/191/1661 2479/191/1661 2478/191/1661
f 2434/191/1662 2435/191/1662 2467/191/1662 2466/191/1662
f 2438/191/1663 2439/191/1663 2471/191/1663 2470/191/1663
f 2442/191/1664 2443/191/1664 2475/191/1664 2474/191/1664
f 2439/191/1665 2440/191/1665 2472/191/1665 2471/191/1665
f 2435/191/1666 2436/191/1666 2468/191/1666 2467/191/1666
f 2469/191/1545 2470/191/1545 2294/191/1545 2293/191/1545
f 2481/191/1564 2466/191/1564 2290/191/1564 2305/191/1564
f 2478/191/1556 2479/191/1556 2303/191/1556 2302/191/1556
f 2466/191/1555 2467/191/1555 2291/191/1555 2290/191/1555
f 2470/191/1554 2471/191/1554 2295/191/1554 2294/191/1554
f 2474/191/1557 2475/191/1557 2299/191/1557 2298/191/1557
f 2471/191/1558 2472/191/1558 2296/191/1558 2295/191/1558
f 2467/191/1559 2468/191/1559 2292/191/1559 2291/191/1559
f 2479/191/1560 2480/191/1560 2304/191/1560 2303/191/1560
f 2475/191/1561 2476/191/1561 2300/191/1561 2299/191/1561
f 2472/191/1562 2473/191/1562 2297/191/1562 2296/191/1562
f 2468/191/1563 2469/191/1563 2293/191/1563 2292/191/1563
f 2480/191/1567 2481/191/1567 2305/191/1567 2304/191/1567
f 2476/191/1566 2477/191/1566 2301/191/1566 2300/191/1566
f 2473/191/1569 2474/191/1569 2298/191/1569 2297/191/1569
f 2477/191/1568 2478/191/1568 2302/191/1568 2301/191/1568
f 2496/191/1667 2497/191/1667 2513/191/1667 2512/191/1667
f 2489/191/1668 2490/191/1668 2506/191/1668 2505/191/1668
f 2482/191/1669 2483/191/1669 2499/191/1669 2498/191/1669
f 2497/191/1670 2482/191/1670 2498/191/1670 2513/191/1670
f 2490/191/1671 2491/191/1671 2507/191/1671 2506/191/1671
f 2483/191/1672 2484/191/1672 2500/191/1672 2499/191/1672
f 2491/191/1673 2492/191/1673 2508/191/1673 2507/191/1673
f 2484/191/1674 2485/191/1674 2501/191/1674 2500/191/1674
f 2492/191/1675 2493/191/1675 2509/191/1675 2508/191/1675
f 2485/191/1676 2486/191/1676 2502/191/1676 2501/191/1676
f 2493/191/1677 2494/191/1677 2510/191/1677 2509/191/1677
f 2486/191/1678 2487/191/1678 2503/191/1678 2502/191/1678
f 2494/191/1679 2495/191/1679 2511/191/1679 2510/191/1679
f 2487/191/1680 2488/191/1680 2504/191/1680 2503/191/1680
f 2495/191/1681 2496/191/1681 2512/191/1681 2511/191/1681
f 2488/191/1682 2489/191/1682 2505/191/1682 2504/191/1682
f 2511/191/1521 2512/191/1521 2528/191/1521 2527/191/1521
f 2504/191/1521 2505/191/1521 2521/191/1521 2520/191/1521
f 2512/191/1521 2513/191/1521 2529/191/1521 2528/191/1521
f 2505/191/1521 2506/191/1521 2522/191/1521 2521/191/1521
f 2498/191/1521 2499/191/1521 2515/191/1521 2514/191/1521
f 2513/191/1521 2498/191/1521 2514/191/1521 2529/191/1521
f 2506/191/1521 2507/191/1521 2523/191/1521 2522/191/1521
f 2499/191/1521 2500/191/1521 2516/191/1521 2515/191/1521
f 2507/191/1521 2508/191/1521 2524/191/1521 2523/191/1521
f 2500/191/1521 2501/191/1521 2517/191/1521 2516/191/1521
f 2508/191/1521 2509/191/1521 2525/191/1521 2524/191/1521
f 2501/191/1521 2502/191/1521 2518/191/1521 2517/191/1521
f 2509/191/1521 2510/191/1521 2526/191/1521 2525/191/1521
f 2502/191/1521 2503/191/1521 2519/191/1521 2518/191/1521
f 2510/191/1521 2511/191/1521 2527/191/1521 2526/191/1521
f 2503/191/1521 2504/191/1521 2520/191/1521 2519/191/1521
f 2517/191/1683 2518/191/1683 2534/191/1683 2533/191/1683
f 2525/191/1684 2526/191/1684 2542/191/1684 2541/191/1684
f 2518/191/1685 2519/191/1685 2535/191/1685 2534/191/1685
f 2526/191/1686 2527/191/1686 2543/191/1686 2542/191/1686
f 2519/191/1687 2520/191/1687 2536/191/1687 2535/191/1687
f 2527/191/1688 2528/191/1688 2544/191/1688 2543/191/1688
f 2520/191/1689 2521/191/1689 2537/191/1689 2536/191/1689
f 2528/191/1690 2529/191/1690 2545/191/1690 2544/191/1690
f 2521/191/1691 2522/191/1691 2538/191/1691 2537/191/1691
f 2514/191/1692 2515/191/1692 2531/191/1692 2530/191/1692
f 2529/191/1693 2514/191/1693 2530/191/1693 2545/191/1693
f 2522/191/1694 2523/191/1694 2539/191/1694 2538/191/1694
f 2515/191/1695 2516/191/1695 2532/191/1695 2531/191/1695
f 2523/191/1696 2524/191/1696 2540/191/1696 2539/191/1696
f 2516/191/1697 2517/191/1697 2533/191/1697 2532/191/1697
f 2524/191/1698 2525/191/1698 2541/191/1698 2540/191/1698
f 2538/191/1567 2539/191/1567 2379/191/1567 2378/191/1567
f 2531/191/1558 2532/191/1558 2372/191/1558 2371/191/1558
f 2539/191/1560 2540/191/1560 2380/191/1560 2379/191/1560
f 2532/191/1554 2533/191/1554 2373/191/1554 2372/191/1554
f 2540/191/1556 2541/191/1556 2381/191/1556 2380/191/1556
f 2533/191/1545 2534/191/1545 2374/191/1545 2373/191/1545
f 2541/191/1568 2542/191/1568 2382/191/1568 2381/191/1568
f 2534/191/1563 2535/191/1563 2375/191/1563 2374/191/1563
f 2542/191/1566 2543/191/1566 2383/191/1566 2382/191/1566
f 2535/191/1559 2536/191/1559 2376/191/1559 2375/191/1559
f 2543/191/1561 2544/191/1561 2384/191/1561 2383/191/1561
f 2536/191/1555 2537/191/1555 2377/191/1555 2376/191/1555
f 2544/191/1557 2545/191/1557 2385/191/1557 2384/191/1557
f 2537/191/1564 2538/191/1564 2378/191/1564 2377/191/1564
f 2530/191/1562 2531/191/1562 2371/191/1562 2370/191/1562
f 2545/191/1569 2530/191/1569 2370/191/1569 2385/191/1569
o Circle.003
v -0.576589 0.215363 -0.843957
v -0.576589 0.274298 -0.832235
v -0.576589 0.324260 -0.798851
v -0.576589 0.357644 -0.748889
v -0.576589 0.369367 -0.689954
v -0.576589 0.357644 -0.631020
v -0.576589 0.324260 -0.581058
v -0.576589 0.274298 -0.547674
v -0.576589 0.215363 -0.535951
v -0.576589 0.156429 -0.547674
v -0.576589 0.106467 -0.581058
v -0.576589 0.073083 -0.631020
v -0.576589 0.061360 -0.689954
v -0.576589 0.073083 -0.748889
v -0.576589 0.106467 -0.798851
v -0.576589 0.156429 -0.832235
v -0.576589 0.215363 -0.831586
v -0.576589 0.269564 -0.820805
v -0.576589 0.315512 -0.790103
v -0.576589 0.346214 -0.744154
v -0.576589 0.356995 -0.689954
v -0.576589 0.346214 -0.635754
v -0.576589 0.315512 -0.589805
v -0.576589 0.269564 -0.559104
v -0.576589 0.215363 -0.548322
v -0.576589 0.161163 -0.559104
v -0.576589 0.115215 -0.589805
v -0.576589 0.084513 -0.635754
v -0.576589 0.073732 -0.689954
v -0.576589 0.084513 -0.744154
v -0.576589 0.115215 -0.790103
v -0.576589 0.161163 -0.820805
v -0.553381 0.215363 -0.794250
v -0.553381 0.255276 -0.786311
v -0.553381 0.289112 -0.763703
v -0.553381 0.311720 -0.729867
v -0.553381 0.319659 -0.689954
v -0.553381 0.311720 -0.650042
v -0.553381 0.289112 -0.616206
v -0.553381 0.255276 -0.593598
v -0.553381 0.215363 -0.585659
v -0.553381 0.175451 -0.593598
v -0.553381 0.141615 -0.616206
v -0.553381 0.119007 -0.650042
v -0.553381 0.111068 -0.689954
v -0.553381 0.119007 -0.729867
v -0.553381 0.141615 -0.763703
v -0.553381 0.175451 -0.786311
v -0.559739 0.156429 -0.832235
v -0.559739 0.106467 -0.798851
v -0.559739 0.073083 -0.748889
v -0.559739 0.061360 -0.689954
v -0.559739 0.073083 -0.631020
v -0.559739 0.106467 -0.581058
v -0.559739 0.156429 -0.547674
v -0.559739 0.215363 -0.535951
v -0.559739 0.274298 -0.547674
v -0.559739 0.324260 -0.581058
v -0.559739 0.357644 -0.631020
v -0.559739 0.369367 -0.689954
v -0.559739 0.357644 -0.748889
v -0.559739 0.324260 -0.798851
v -0.559739 0.274298 -0.832235
v -0.559739 0.215363 -0.843957
v -0.567790 0.215363 -0.730333
v -0.567790 0.230816 -0.727259
v -0.567790 0.243916 -0.718506
v -0.567790 0.252669 -0.705406
v -0.567790 0.255742 -0.689954
v -0.567790 0.252669 -0.674502
v -0.567790 0.243916 -0.661402
v -0.567790 0.230816 -0.652649
v -0.567790 0.215363 -0.649575
v -0.567790 0.199911 -0.652649
v -0.567790 0.186811 -0.661402
v -0.567790 0.178058 -0.674502
v -0.567790 0.174985 -0.689954
v -0.567790 0.178058 -0.705406
v -0.567790 0.186811 -0.718506
v -0.567790 0.199911 -0.727259
v -0.545678 0.166303 -0.808397
v -0.545678 0.124711 -0.780606
v -0.545678 0.096921 -0.739015
v -0.545678 0.087162 -0.689954
v -0.545678 0.096921 -0.640894
v -0.545678 0.124711 -0.599302
v -0.545678 0.166303 -0.571512
v -0.545678 0.215363 -0.561753
v -0.545678 0.264424 -0.571512
v -0.545678 0.306015 -0.599302
v -0.545678 0.333806 -0.640894
v -0.545678 0.343565 -0.689954
v -0.545678 0.333806 -0.739015
v -0.545678 0.306015 -0.780606
v -0.545678 0.264424 -0.808397
v -0.545678 0.215363 -0.818156
v -0.512141 0.166303 -0.808397
v -0.512141 0.124711 -0.780606
v -0.512141 0.096921 -0.739015
v -0.512141 0.087162 -0.689954
v -0.512141 0.096921 -0.640894
v -0.512141 0.124711 -0.599302
v -0.512141 0.166303 -0.571512
v -0.512141 0.215363 -0.561753
v -0.512141 0.264424 -0.571512
v -0.512141 0.306015 -0.599302
v -0.512141 0.333806 -0.640894
v -0.512141 0.343565 -0.689954
v -0.512141 0.333806 -0.739015
v -0.512141 0.306015 -0.780606
v -0.512141 0.264424 -0.808397
v -0.512141 0.215363 -0.818156
v -0.576589 0.215363 -0.843957
v -0.576589 0.274298 -0.832235
v -0.576589 0.324260 -0.798851
v -0.576589 0.357644 -0.748889
v -0.576589 0.369367 -0.689954
v -0.576589 0.357644 -0.631020
v -0.576589 0.324260 -0.581058
v -0.576589 0.274298 -0.547674
v -0.576589 0.215363 -0.535951
v -0.576589 0.156429 -0.547674
v -0.576589 0.106467 -0.581058
v -0.576589 0.073083 -0.631020
v -0.576589 0.061360 -0.689954
v -0.576589 0.073083 -0.748889
v -0.576589 0.106467 -0.798851
v -0.576589 0.156429 -0.832235
v -0.581193 0.215363 -0.857596
v -0.581193 0.279517 -0.844835
v -0.581193 0.333904 -0.808495
v -0.581193 0.370244 -0.754108
v -0.581193 0.383005 -0.689954
v -0.581193 0.370244 -0.625801
v -0.581193 0.333904 -0.571414
v -0.581193 0.279517 -0.535073
v -0.581193 0.215363 -0.522313
v -0.581193 0.151210 -0.535073
v -0.581193 0.096823 -0.571414
v -0.581193 0.060483 -0.625801
v -0.581193 0.047722 -0.689954
v -0.581193 0.060483 -0.754108
v -0.581193 0.096823 -0.808495
v -0.581193 0.151210 -0.844835
v -0.581193 0.215363 -0.892176
v -0.581193 0.292751 -0.876783
v -0.581193 0.358356 -0.832947
v -0.581193 0.402192 -0.767341
v -0.581193 0.417586 -0.689954
v -0.581193 0.402192 -0.612567
v -0.581193 0.358356 -0.546962
v -0.581193 0.292751 -0.503125
v -0.581193 0.215363 -0.487732
v -0.581193 0.137976 -0.503125
v -0.581193 0.072371 -0.546962
v -0.581193 0.028535 -0.612567
v -0.581193 0.013141 -0.689954
v -0.581193 0.028535 -0.767341
v -0.581193 0.072371 -0.832947
v -0.581193 0.137976 -0.876783
v -0.575055 0.215363 -0.904043
v -0.575055 0.297292 -0.887747
v -0.575055 0.366747 -0.841338
v -0.575055 0.413156 -0.771883
v -0.575055 0.429453 -0.689954
v -0.575055 0.413156 -0.608026
v -0.575055 0.366747 -0.538570
v -0.575055 0.297292 -0.492162
v -0.575055 0.215363 -0.475865
v -0.575055 0.133435 -0.492162
v -0.575055 0.063980 -0.538570
v -0.575055 0.017571 -0.608026
v -0.575055 0.001274 -0.689954
v -0.575055 0.017571 -0.771883
v -0.575055 0.063980 -0.841338
v -0.575055 0.133435 -0.887747
v -0.512141 0.215363 -0.904043
v -0.512141 0.297292 -0.887747
v -0.512141 0.366747 -0.841338
v -0.512141 0.413156 -0.771883
v -0.512141 0.429453 -0.689954
v -0.512141 0.413156 -0.608026
v -0.512141 0.366747 -0.538570
v -0.512141 0.297292 -0.492162
v -0.512141 0.215363 -0.475865
v -0.512141 0.133435 -0.492162
v -0.512141 0.063980 -0.538570
v -0.512141 0.017571 -0.608026
v -0.512141 0.001274 -0.689954
v -0.512141 0.017571 -0.771883
v -0.512141 0.063980 -0.841338
v -0.512141 0.133435 -0.887747
v -0.447693 0.215363 -0.843957
v -0.447693 0.274298 -0.832235
v -0.447693 0.324260 -0.798851
v -0.447693 0.357644 -0.748889
v -0.447693 0.369367 -0.689954
v -0.447693 0.357644 -0.631020
v -0.447693 0.324260 -0.581058
v -0.447693 0.274298 -0.547674
v -0.447693 0.215363 -0.535951
v -0.447693 0.156429 -0.547674
v -0.447693 0.106467 -0.581058
v -0.447693 0.073083 -0.631020
v -0.447693 0.061360 -0.689954
v -0.447693 0.073083 -0.748889
v -0.447693 0.106467 -0.798851
v -0.447693 0.156429 -0.832235
v -0.447693 0.215363 -0.831586
v -0.447693 0.269564 -0.820805
v -0.447693 0.315512 -0.790103
v -0.447693 0.346214 -0.744154
v -0.447693 0.356995 -0.689954
v -0.447693 0.346214 -0.635754
v -0.447693 0.315512 -0.589805
v -0.447693 0.269564 -0.559104
v -0.447693 0.215363 -0.548322
v -0.447693 0.161163 -0.559104
v -0.447693 0.115215 -0.589805
v -0.447693 0.084513 -0.635754
v -0.447693 0.073732 -0.689954
v -0.447693 0.084513 -0.744154
v -0.447693 0.115215 -0.790103
v -0.447693 0.161163 -0.820805
v -0.470902 0.215363 -0.794250
v -0.470902 0.255276 -0.786311
v -0.470902 0.289112 -0.763703
v -0.470902 0.311720 -0.729867
v -0.470902 0.319659 -0.689954
v -0.470902 0.311720 -0.650042
v -0.470902 0.289112 -0.616206
v -0.470902 0.255276 -0.593598
v -0.470902 0.215363 -0.585659
v -0.470902 0.175451 -0.593598
v -0.470902 0.141615 -0.616206
v -0.470902 0.119007 -0.650042
v -0.470902 0.111068 -0.689954
v -0.470902 0.119007 -0.729867
v -0.470902 0.141615 -0.763703
v -0.470902 0.175451 -0.786311
v -0.464543 0.156429 -0.832235
v -0.464543 0.106467 -0.798851
v -0.464543 0.073083 -0.748889
v -0.464543 0.061360 -0.689954
v -0.464543 0.073083 -0.631020
v -0.464543 0.106467 -0.581058
v -0.464543 0.156429 -0.547674
v -0.464543 0.215363 -0.535951
v -0.464543 0.274298 -0.547674
v -0.464543 0.324260 -0.581058
v -0.464543 0.357644 -0.631020
v -0.464543 0.369367 -0.689954
v -0.464543 0.357644 -0.748889
v -0.464543 0.324260 -0.798851
v -0.464543 0.274298 -0.832235
v -0.464543 0.215363 -0.843957
v -0.456492 0.215363 -0.730333
v -0.456492 0.230816 -0.727259
v -0.456492 0.243916 -0.718506
v -0.456492 0.252669 -0.705406
v -0.456492 0.255742 -0.689954
v -0.456492 0.252669 -0.674502
v -0.456492 0.243916 -0.661402
v -0.456492 0.230816 -0.652649
v -0.456492 0.215363 -0.649575
v -0.456492 0.199911 -0.652649
v -0.456492 0.186811 -0.661402
v -0.456492 0.178058 -0.674502
v -0.456492 0.174985 -0.689954
v -0.456492 0.178058 -0.705406
v -0.456492 0.186811 -0.718506
v -0.456492 0.199911 -0.727259
v -0.478605 0.166303 -0.808397
v -0.478605 0.124711 -0.780606
v -0.478605 0.096921 -0.739015
v -0.478605 0.087162 -0.689954
v -0.478605 0.096921 -0.640894
v -0.478605 0.124711 -0.599302
v -0.478605 0.166303 -0.571512
v -0.478605 0.215363 -0.561753
v -0.478605 0.264424 -0.571512
v -0.478605 0.306015 -0.599302
v -0.478605 0.333806 -0.640894
v -0.478605 0.343565 -0.689954
v -0.478605 0.333806 -0.739015
v -0.478605 0.306015 -0.780606
v -0.478605 0.264424 -0.808397
v -0.478605 0.215363 -0.818156
v -0.447693 0.215363 -0.843957
v -0.447693 0.274298 -0.832235
v -0.447693 0.324260 -0.798851
v -0.447693 0.357644 -0.748889
v -0.447693 0.369367 -0.689954
v -0.447693 0.357644 -0.631020
v -0.447693 0.324260 -0.581058
v -0.447693 0.274298 -0.547674
v -0.447693 0.215363 -0.535951
v -0.447693 0.156429 -0.547674
v -0.447693 0.106467 -0.581058
v -0.447693 0.073083 -0.631020
v -0.447693 0.061360 -0.689954
v -0.447693 0.073083 -0.748889
v -0.447693 0.106467 -0.798851
v -0.447693 0.156429 -0.832235
v -0.443090 0.215363 -0.857596
v -0.443090 0.279517 -0.844835
v -0.443090 0.333904 -0.808495
v -0.443090 0.370244 -0.754108
v -0.443090 0.383005 -0.689954
v -0.443090 0.370244 -0.625801
v -0.443090 0.333904 -0.571414
v -0.443090 0.279517 -0.535073
v -0.443090 0.215363 -0.522313
v -0.443090 0.151210 -0.535073
v -0.443090 0.096823 -0.571414
v -0.443090 0.060483 -0.625801
v -0.443090 0.047722 -0.689954
v -0.443090 0.060483 -0.754108
v -0.443090 0.096823 -0.808495
v -0.443090 0.151210 -0.844835
v -0.443090 0.215363 -0.892176
v -0.443090 0.292751 -0.876783
v -0.443090 0.358356 -0.832947
v -0.443090 0.402192 -0.767341
v -0.443090 0.417586 -0.689954
v -0.443090 0.402192 -0.612567
v -0.443090 0.358356 -0.546962
v -0.443090 0.292751 -0.503125
v -0.443090 0.215363 -0.487732
v -0.443090 0.137976 -0.503125
v -0.443090 0.072371 -0.546962
v -0.443090 0.028535 -0.612567
v -0.443090 0.013141 -0.689954
v -0.443090 0.028535 -0.767341
v -0.443090 0.072371 -0.832947
v -0.443090 0.137976 -0.876783
v -0.449228 0.215363 -0.904043
v -0.449228 0.297292 -0.887747
v -0.449228 0.366747 -0.841338
v -0.449228 0.413156 -0.771883
v -0.449228 0.429453 -0.689954
v -0.449228 0.413156 -0.608026
v -0.449228 0.366747 -0.538570
v -0.449228 0.297292 -0.492162
v -0.449228 0.215363 -0.475865
v -0.449228 0.133435 -0.492162
v -0.449228 0.063980 -0.538570
v -0.449228 0.017571 -0.608026
v -0.449228 0.001274 -0.689954
v -0.449228 0.017571 -0.771883
v -0.449228 0.063980 -0.841338
v -0.449228 0.133435 -0.887747
vn -1.0000 -0.0000 -0.0000
vn -0.8446 0.5250 0.1044
vn -0.8446 -0.4451 -0.2974
vn -0.8446 0.4451 0.2974
vn -0.8446 -0.2974 -0.4451
vn -0.8446 0.2974 0.4451
vn -0.8446 -0.1044 -0.5250
vn -0.8446 -0.1044 0.5250
vn -0.8446 0.1044 0.5250
vn -0.8446 0.1044 -0.5250
vn -0.8446 -0.2974 0.4451
vn -0.8446 0.2974 -0.4451
vn -0.8446 -0.4451 0.2974
vn -0.8446 0.4451 -0.2974
vn -0.8446 -0.5250 0.1044
vn -0.8446 0.5250 -0.1044
vn -0.8446 -0.5250 -0.1044
vn -0.9746 -0.1863 -0.1245
vn -0.9746 0.1245 0.1863
vn -0.9746 -0.1245 -0.1863
vn -0.9746 0.0437 0.2197
vn -0.9746 -0.0437 -0.2197
vn -0.9746 -0.0437 0.2197
vn -0.9746 0.1245 -0.1863
vn -0.0000 -0.9808 0.1951
vn -0.9746 -0.1245 0.1863
vn -0.9746 0.1863 -0.1245
vn -0.9746 -0.1863 0.1245
vn -0.9746 0.2197 -0.0437
vn -0.9746 -0.2197 0.0437
vn -0.9746 0.2197 0.0437
vn -0.9746 -0.2197 -0.0437
vn -0.9746 0.1863 0.1245
vn -0.0000 -0.8315 0.5556
vn -0.0000 -0.5556 -0.8315
vn -0.0000 0.8315 -0.5556
vn -0.0000 0.5556 0.8315
vn -0.0000 -0.5556 0.8315
vn -0.0000 -0.8315 -0.5556
vn -0.0000 0.5556 -0.8315
vn -0.0000 0.8315 0.5556
vn -0.0000 -0.1951 0.9808
vn -0.0000 -0.9808 -0.1951
vn -0.0000 -0.1951 -0.9808
vn 0.8741 0.2699 -0.4039
vn -0.0000 0.9808 0.1951
vn -0.0000 0.1951 -0.9808
vn -0.0000 0.9808 -0.1951
vn -0.0000 0.1951 0.9808
vn -0.9746 0.0437 -0.2197
vn 0.8741 0.4039 0.2698
vn 0.8741 -0.0948 0.4764
vn 0.8741 -0.4764 -0.0948
vn 0.8741 0.0948 -0.4764
vn 0.8741 0.4764 0.0948
vn 0.8741 0.0948 0.4764
vn 0.8741 0.4764 -0.0948
vn 0.8741 -0.4764 0.0948
vn 0.8741 -0.0948 -0.4764
vn 0.8741 0.4039 -0.2698
vn 0.8741 -0.2698 -0.4039
vn 0.8741 -0.4039 0.2698
vn 0.8741 0.2699 0.4039
vn 0.8741 -0.2698 0.4039
vn 0.8741 -0.4039 -0.2698
vn 0.9456 -0.1808 -0.2706
vn 0.9456 0.0635 0.3192
vn 0.9456 0.0635 -0.3192
vn 0.9456 -0.0635 -0.3192
vn 0.9456 -0.0635 0.3192
vn 0.9456 0.1808 -0.2706
vn 0.9456 -0.1808 0.2706
vn 0.9456 0.2706 -0.1808
vn 0.9456 -0.2706 0.1808
vn 0.9456 0.3192 -0.0635
vn 0.9456 -0.3192 0.0635
vn 0.9456 0.3192 0.0635
vn 0.9456 -0.3192 -0.0635
vn 0.9456 0.2706 0.1808
vn 0.9456 -0.2706 -0.1808
vn 0.9456 0.1808 0.2706
vn 1.0000 -0.0000 -0.0000
vn 0.8845 -0.4575 0.0910
vn 0.8845 0.4575 -0.0910
vn 0.8845 -0.4575 -0.0910
vn 0.8845 0.4575 0.0910
vn 0.8845 -0.3879 -0.2592
vn 0.8845 0.3879 0.2592
vn 0.8845 -0.2592 -0.3879
vn 0.8845 0.2592 0.3879
vn 0.8845 -0.0910 -0.4575
vn 0.8845 -0.0910 0.4575
vn 0.8845 0.0910 0.4575
vn 0.8845 0.0910 -0.4575
vn 0.8845 -0.2592 0.3879
vn 0.8845 0.2592 -0.3879
vn 0.8845 -0.3879 0.2592
vn 0.8845 0.3879 -0.2592
vn 0.8446 0.5250 0.1044
vn 0.8446 -0.4451 -0.2974
vn 0.8446 0.4451 0.2974
vn 0.8446 -0.2974 -0.4451
vn 0.8446 0.2974 0.4451
vn 0.8446 -0.1044 -0.5250
vn 0.8446 -0.1044 0.5250
vn 0.8446 0.1044 0.5250
vn 0.8446 0.1044 -0.5250
vn 0.8446 -0.2974 0.4451
vn 0.8446 0.2974 -0.4451
vn 0.8446 -0.4451 0.2974
vn 0.8446 0.4451 -0.2974
vn 0.8446 -0.5250 0.1044
vn 0.8446 0.5250 -0.1044
vn 0.8446 -0.5250 -0.1044
vn 0.9746 -0.1863 -0.1245
vn 0.9746 0.1245 0.1863
vn 0.9746 -0.1245 -0.1863
vn 0.9746 0.0437 0.2197
vn 0.9746 -0.0437 -0.2197
vn 0.9746 -0.0437 0.2197
vn 0.9746 0.1245 -0.1863
vn 0.9746 -0.1245 0.1863
vn 0.9746 0.1863 -0.1245
vn 0.9746 -0.1863 0.1245
vn 0.9746 0.2197 -0.0437
vn 0.9746 -0.2197 0.0437
vn 0.9746 0.2197 0.0437
vn 0.9746 -0.2197 -0.0437
vn 0.9746 0.1863 0.1245
vn -0.8741 0.2698 -0.4039
vn 0.9746 0.0437 -0.2197
vn -0.8741 0.4039 0.2698
vn -0.8741 -0.0948 0.4764
vn -0.8741 -0.4764 -0.0948
vn -0.8741 0.0948 -0.4764
vn -0.8741 0.4764 0.0948
vn -0.8741 0.0948 0.4764
vn -0.8741 0.4764 -0.0948
vn -0.8741 -0.4764 0.0948
vn -0.8741 -0.0948 -0.4764
vn -0.8741 0.4039 -0.2698
vn -0.8741 -0.2698 -0.4039
vn -0.8741 -0.4039 0.2698
vn -0.8741 0.2699 0.4039
vn -0.8741 -0.2698 0.4039
vn -0.8741 -0.4039 -0.2698
vn -0.9456 -0.1808 -0.2706
vn -0.9456 0.0635 0.3192
vn -0.9456 0.0635 -0.3192
vn -0.9456 -0.0635 -0.3192
vn -0.9456 -0.0635 0.3192
vn -0.9456 0.1808 -0.2706
vn -0.9456 -0.1808 0.2706
vn -0.9456 0.2706 -0.1808
vn -0.9456 -0.2706 0.1808
vn -0.9456 0.3192 -0.0635
vn -0.9456 -0.3192 0.0635
vn -0.9456 0.3192 0.0635
vn -0.9456 -0.3192 -0.0635
vn -0.9456 0.2706 0.1808
vn -0.9456 -0.2706 -0.1808
vn -0.9456 0.1808 0.2706
vn -0.8845 -0.4575 0.0910
vn -0.8845 0.4575 -0.0910
vn -0.8845 -0.4575 -0.0910
vn -0.8845 0.4575 0.0910
vn -0.8845 -0.3879 -0.2592
vn -0.8845 0.3879 0.2592
vn -0.8845 -0.2592 -0.3879
vn -0.8845 0.2592 0.3879
vn -0.8845 -0.0910 -0.4575
vn -0.8845 -0.0910 0.4575
vn -0.8845 0.0910 0.4575
vn -0.8845 0.0910 -0.4575
vn -0.8845 -0.2592 0.3879
vn -0.8845 0.2592 -0.3879
vn -0.8845 -0.3879 0.2592
vn -0.8845 0.3879 -0.2592
vt 0.000000 0.000000
s 0
f 2559/192/1699 2575/192/1699 2576/192/1699 2560/192/1699
f 2552/192/1699 2568/192/1699 2569/192/1699 2553/192/1699
f 2560/192/1699 2576/192/1699 2577/192/1699 2561/192/1699
f 2553/192/1699 2569/192/1699 2570/192/1699 2554/192/1699
f 2546/192/1699 2562/192/1699 2563/192/1699 2547/192/1699
f 2561/192/1699 2577/192/1699 2562/192/1699 2546/192/1699
f 2554/192/1699 2570/192/1699 2571/192/1699 2555/192/1699
f 2547/192/1699 2563/192/1699 2564/192/1699 2548/192/1699
f 2555/192/1699 2571/192/1699 2572/192/1699 2556/192/1699
f 2548/192/1699 2564/192/1699 2565/192/1699 2549/192/1699
f 2556/192/1699 2572/192/1699 2573/192/1699 2557/192/1699
f 2549/192/1699 2565/192/1699 2566/192/1699 2550/192/1699
f 2557/192/1699 2573/192/1699 2574/192/1699 2558/192/1699
f 2550/192/1699 2566/192/1699 2567/192/1699 2551/192/1699
f 2558/192/1699 2574/192/1699 2575/192/1699 2559/192/1699
f 2551/192/1699 2567/192/1699 2568/192/1699 2552/192/1699
f 2574/192/1700 2590/192/1700 2591/192/1700 2575/192/1700
f 2567/192/1701 2583/192/1701 2584/192/1701 2568/192/1701
f 2575/192/1702 2591/192/1702 2592/192/1702 2576/192/1702
f 2568/192/1703 2584/192/1703 2585/192/1703 2569/192/1703
f 2576/192/1704 2592/192/1704 2593/192/1704 2577/192/1704
f 2569/192/1705 2585/192/1705 2586/192/1705 2570/192/1705
f 2562/192/1706 2578/192/1706 2579/192/1706 2563/192/1706
f 2577/192/1707 2593/192/1707 2578/192/1707 2562/192/1707
f 2570/192/1708 2586/192/1708 2587/192/1708 2571/192/1708
f 2563/192/1709 2579/192/1709 2580/192/1709 2564/192/1709
f 2571/192/1710 2587/192/1710 2588/192/1710 2572/192/1710
f 2564/192/1711 2580/192/1711 2581/192/1711 2565/192/1711
f 2572/192/1712 2588/192/1712 2589/192/1712 2573/192/1712
f 2565/192/1713 2581/192/1713 2582/192/1713 2566/192/1713
f 2573/192/1714 2589/192/1714 2590/192/1714 2574/192/1714
f 2566/192/1715 2582/192/1715 2583/192/1715 2567/192/1715
f 2592/192/1716 2591/192/1716 2623/192/1716 2624/192/1716
f 2585/192/1717 2584/192/1717 2616/192/1717 2617/192/1717
f 2593/192/1718 2592/192/1718 2624/192/1718 2625/192/1718
f 2586/192/1719 2585/192/1719 2617/192/1719 2618/192/1719
f 2578/192/1720 2593/192/1720 2625/192/1720 2610/192/1720
f 2587/192/1721 2586/192/1721 2618/192/1721 2619/192/1721
f 2580/192/1722 2579/192/1722 2611/192/1722 2612/192/1722
f 2558/192/1723 2597/192/1723 2598/192/1723 2557/192/1723
f 2588/192/1724 2587/192/1724 2619/192/1724 2620/192/1724
f 2581/192/1725 2580/192/1725 2612/192/1725 2613/192/1725
f 2589/192/1726 2588/192/1726 2620/192/1726 2621/192/1726
f 2582/192/1727 2581/192/1727 2613/192/1727 2614/192/1727
f 2590/192/1728 2589/192/1728 2621/192/1728 2622/192/1728
f 2583/192/1729 2582/192/1729 2614/192/1729 2615/192/1729
f 2591/192/1730 2590/192/1730 2622/192/1730 2623/192/1730
f 2584/192/1731 2583/192/1731 2615/192/1731 2616/192/1731
f 2557/192/1732 2598/192/1732 2599/192/1732 2556/192/1732
f 2561/192/1733 2594/192/1733 2595/192/1733 2560/192/1733
f 2549/192/1734 2606/192/1734 2607/192/1734 2548/192/1734
f 2553/192/1735 2602/192/1735 2603/192/1735 2552/192/1735
f 2556/192/1736 2599/192/1736 2600/192/1736 2555/192/1736
f 2560/192/1737 2595/192/1737 2596/192/1737 2559/192/1737
f 2548/192/1738 2607/192/1738 2608/192/1738 2547/192/1738
f 2552/192/1739 2603/192/1739 2604/192/1739 2551/192/1739
f 2555/192/1740 2600/192/1740 2601/192/1740 2554/192/1740
f 2559/192/1741 2596/192/1741 2597/192/1741 2558/192/1741
f 2546/192/1742 2609/192/1742 2594/192/1742 2561/192/1742
f 2607/192/1743 2639/192/1743 2640/192/1743 2608/192/1743
f 2551/192/1744 2604/192/1744 2605/192/1744 2550/192/1744
f 2547/192/1745 2608/192/1745 2609/192/1745 2546/192/1745
f 2550/192/1746 2605/192/1746 2606/192/1746 2549/192/1746
f 2554/192/1747 2601/192/1747 2602/192/1747 2553/192/1747
f 2611/192/1699 2610/192/1699 2625/192/1699 2624/192/1699 2623/192/1699 2622/192/1699 2621/192/1699 2620/192/1699 2619/192/1699 2618/192/1699 2617/192/1699 2616/192/1699 2615/192/1699 2614/192/1699 2613/192/1699 2612/192/1699
f 2579/192/1748 2578/192/1748 2610/192/1748 2611/192/1748
f 2603/192/1749 2635/192/1749 2636/192/1749 2604/192/1749
f 2600/192/1750 2632/192/1750 2633/192/1750 2601/192/1750
f 2596/192/1751 2628/192/1751 2629/192/1751 2597/192/1751
f 2608/192/1752 2640/192/1752 2641/192/1752 2609/192/1752
f 2604/192/1753 2636/192/1753 2637/192/1753 2605/192/1753
f 2601/192/1754 2633/192/1754 2634/192/1754 2602/192/1754
f 2605/192/1755 2637/192/1755 2638/192/1755 2606/192/1755
f 2597/192/1756 2629/192/1756 2630/192/1756 2598/192/1756
f 2609/192/1757 2641/192/1757 2626/192/1757 2594/192/1757
f 2606/192/1758 2638/192/1758 2639/192/1758 2607/192/1758
f 2594/192/1759 2626/192/1759 2627/192/1759 2595/192/1759
f 2598/192/1760 2630/192/1760 2631/192/1760 2599/192/1760
f 2602/192/1761 2634/192/1761 2635/192/1761 2603/192/1761
f 2599/192/1762 2631/192/1762 2632/192/1762 2600/192/1762
f 2595/192/1763 2627/192/1763 2628/192/1763 2596/192/1763
f 2629/192/1723 2645/192/1723 2646/192/1723 2630/192/1723
f 2641/192/1742 2657/192/1742 2642/192/1742 2626/192/1742
f 2638/192/1734 2654/192/1734 2655/192/1734 2639/192/1734
f 2626/192/1733 2642/192/1733 2643/192/1733 2627/192/1733
f 2630/192/1732 2646/192/1732 2647/192/1732 2631/192/1732
f 2634/192/1735 2650/192/1735 2651/192/1735 2635/192/1735
f 2631/192/1736 2647/192/1736 2648/192/1736 2632/192/1736
f 2627/192/1737 2643/192/1737 2644/192/1737 2628/192/1737
f 2639/192/1738 2655/192/1738 2656/192/1738 2640/192/1738
f 2635/192/1739 2651/192/1739 2652/192/1739 2636/192/1739
f 2632/192/1740 2648/192/1740 2649/192/1740 2633/192/1740
f 2628/192/1741 2644/192/1741 2645/192/1741 2629/192/1741
f 2640/192/1745 2656/192/1745 2657/192/1745 2641/192/1745
f 2636/192/1744 2652/192/1744 2653/192/1744 2637/192/1744
f 2633/192/1747 2649/192/1747 2650/192/1747 2634/192/1747
f 2637/192/1746 2653/192/1746 2654/192/1746 2638/192/1746
f 2672/192/1764 2688/192/1764 2689/192/1764 2673/192/1764
f 2665/192/1765 2681/192/1765 2682/192/1765 2666/192/1765
f 2658/192/1766 2674/192/1766 2675/192/1766 2659/192/1766
f 2673/192/1767 2689/192/1767 2674/192/1767 2658/192/1767
f 2666/192/1768 2682/192/1768 2683/192/1768 2667/192/1768
f 2659/192/1769 2675/192/1769 2676/192/1769 2660/192/1769
f 2667/192/1770 2683/192/1770 2684/192/1770 2668/192/1770
f 2660/192/1771 2676/192/1771 2677/192/1771 2661/192/1771
f 2668/192/1772 2684/192/1772 2685/192/1772 2669/192/1772
f 2661/192/1773 2677/192/1773 2678/192/1773 2662/192/1773
f 2669/192/1774 2685/192/1774 2686/192/1774 2670/192/1774
f 2662/192/1775 2678/192/1775 2679/192/1775 2663/192/1775
f 2670/192/1776 2686/192/1776 2687/192/1776 2671/192/1776
f 2663/192/1777 2679/192/1777 2680/192/1777 2664/192/1777
f 2671/192/1778 2687/192/1778 2688/192/1778 2672/192/1778
f 2664/192/1779 2680/192/1779 2681/192/1779 2665/192/1779
f 2687/192/1780 2703/192/1780 2704/192/1780 2688/192/1780
f 2680/192/1780 2696/192/1780 2697/192/1780 2681/192/1780
f 2688/192/1780 2704/192/1780 2705/192/1780 2689/192/1780
f 2681/192/1780 2697/192/1780 2698/192/1780 2682/192/1780
f 2674/192/1780 2690/192/1780 2691/192/1780 2675/192/1780
f 2689/192/1780 2705/192/1780 2690/192/1780 2674/192/1780
f 2682/192/1780 2698/192/1780 2699/192/1780 2683/192/1780
f 2675/192/1780 2691/192/1780 2692/192/1780 2676/192/1780
f 2683/192/1780 2699/192/1780 2700/192/1780 2684/192/1780
f 2676/192/1780 2692/192/1780 2693/192/1780 2677/192/1780
f 2684/192/1780 2700/192/1780 2701/192/1780 2685/192/1780
f 2677/192/1780 2693/192/1780 2694/192/1780 2678/192/1780
f 2685/192/1780 2701/192/1780 2702/192/1780 2686/192/1780
f 2678/192/1780 2694/192/1780 2695/192/1780 2679/192/1780
f 2686/192/1780 2702/192/1780 2703/192/1780 2687/192/1780
f 2679/192/1780 2695/192/1780 2696/192/1780 2680/192/1780
f 2693/192/1781 2709/192/1781 2710/192/1781 2694/192/1781
f 2701/192/1782 2717/192/1782 2718/192/1782 2702/192/1782
f 2694/192/1783 2710/192/1783 2711/192/1783 2695/192/1783
f 2702/192/1784 2718/192/1784 2719/192/1784 2703/192/1784
f 2695/192/1785 2711/192/1785 2712/192/1785 2696/192/1785
f 2703/192/1786 2719/192/1786 2720/192/1786 2704/192/1786
f 2696/192/1787 2712/192/1787 2713/192/1787 2697/192/1787
f 2704/192/1788 2720/192/1788 2721/192/1788 2705/192/1788
f 2697/192/1789 2713/192/1789 2714/192/1789 2698/192/1789
f 2690/192/1790 2706/192/1790 2707/192/1790 2691/192/1790
f 2705/192/1791 2721/192/1791 2706/192/1791 2690/192/1791
f 2698/192/1792 2714/192/1792 2715/192/1792 2699/192/1792
f 2691/192/1793 2707/192/1793 2708/192/1793 2692/192/1793
f 2699/192/1794 2715/192/1794 2716/192/1794 2700/192/1794
f 2692/192/1795 2708/192/1795 2709/192/1795 2693/192/1795
f 2700/192/1796 2716/192/1796 2717/192/1796 2701/192/1796
f 2714/192/1745 2730/192/1745 2731/192/1745 2715/192/1745
f 2707/192/1736 2723/192/1736 2724/192/1736 2708/192/1736
f 2715/192/1738 2731/192/1738 2732/192/1738 2716/192/1738
f 2708/192/1732 2724/192/1732 2725/192/1732 2709/192/1732
f 2716/192/1734 2732/192/1734 2733/192/1734 2717/192/1734
f 2709/192/1723 2725/192/1723 2726/192/1723 2710/192/1723
f 2717/192/1746 2733/192/1746 2734/192/1746 2718/192/1746
f 2710/192/1741 2726/192/1741 2727/192/1741 2711/192/1741
f 2718/192/1744 2734/192/1744 2735/192/1744 2719/192/1744
f 2711/192/1737 2727/192/1737 2728/192/1737 2712/192/1737
f 2719/192/1739 2735/192/1739 2736/192/1739 2720/192/1739
f 2712/192/1733 2728/192/1733 2729/192/1733 2713/192/1733
f 2720/192/1735 2736/192/1735 2737/192/1735 2721/192/1735
f 2713/192/1742 2729/192/1742 2730/192/1742 2714/192/1742
f 2706/192/1740 2722/192/1740 2723/192/1740 2707/192/1740
f 2721/192/1747 2737/192/1747 2722/192/1747 2706/192/1747
f 2751/192/1780 2752/192/1780 2768/192/1780 2767/192/1780
f 2744/192/1780 2745/192/1780 2761/192/1780 2760/192/1780
f 2752/192/1780 2753/192/1780 2769/192/1780 2768/192/1780
f 2745/192/1780 2746/192/1780 2762/192/1780 2761/192/1780
f 2738/192/1780 2739/192/1780 2755/192/1780 2754/192/1780
f 2753/192/1780 2738/192/1780 2754/192/1780 2769/192/1780
f 2746/192/1780 2747/192/1780 2763/192/1780 2762/192/1780
f 2739/192/1780 2740/192/1780 2756/192/1780 2755/192/1780
f 2747/192/1780 2748/192/1780 2764/192/1780 2763/192/1780
f 2740/192/1780 2741/192/1780 2757/192/1780 2756/192/1780
f 2748/192/1780 2749/192/1780 2765/192/1780 2764/192/1780
f 2741/192/1780 2742/192/1780 2758/192/1780 2757/192/1780
f 2749/192/1780 2750/192/1780 2766/192/1780 2765/192/1780
f 2742/192/1780 2743/192/1780 2759/192/1780 2758/192/1780
f 2750/192/1780 2751/192/1780 2767/192/1780 2766/192/1780
f 2743/192/1780 2744/192/1780 2760/192/1780 2759/192/1780
f 2766/192/1797 2767/192/1797 2783/192/1797 2782/192/1797
f 2759/192/1798 2760/192/1798 2776/192/1798 2775/192/1798
f 2767/192/1799 2768/192/1799 2784/192/1799 2783/192/1799
f 2760/192/1800 2761/192/1800 2777/192/1800 2776/192/1800
f 2768/192/1801 2769/192/1801 2785/192/1801 2784/192/1801
f 2761/192/1802 2762/192/1802 2778/192/1802 2777/192/1802
f 2754/192/1803 2755/192/1803 2771/192/1803 2770/192/1803
f 2769/192/1804 2754/192/1804 2770/192/1804 2785/192/1804
f 2762/192/1805 2763/192/1805 2779/192/1805 2778/192/1805
f 2755/192/1806 2756/192/1806 2772/192/1806 2771/192/1806
f 2763/192/1807 2764/192/1807 2780/192/1807 2779/192/1807
f 2756/192/1808 2757/192/1808 2773/192/1808 2772/192/1808
f 2764/192/1809 2765/192/1809 2781/192/1809 2780/192/1809
f 2757/192/1810 2758/192/1810 2774/192/1810 2773/192/1810
f 2765/192/1811 2766/192/1811 2782/192/1811 2781/192/1811
f 2758/192/1812 2759/192/1812 2775/192/1812 2774/192/1812
f 2784/192/1813 2816/192/1813 2815/192/1813 2783/192/1813
f 2777/192/1814 2809/192/1814 2808/192/1814 2776/192/1814
f 2785/192/1815 2817/192/1815 2816/192/1815 2784/192/1815
f 2778/192/1816 2810/192/1816 2809/192/1816 2777/192/1816
f 2770/192/1817 2802/192/1817 2817/192/1817 2785/192/1817
f 2779/192/1818 2811/192/1818 2810/192/1818 2778/192/1818
f 2772/192/1819 2804/192/1819 2803/192/1819 2771/192/1819
f 2750/192/1723 2749/192/1723 2790/192/1723 2789/192/1723
f 2780/192/1820 2812/192/1820 2811/192/1820 2779/192/1820
f 2773/192/1821 2805/192/1821 2804/192/1821 2772/192/1821
f 2781/192/1822 2813/192/1822 2812/192/1822 2780/192/1822
f 2774/192/1823 2806/192/1823 2805/192/1823 2773/192/1823
f 2782/192/1824 2814/192/1824 2813/192/1824 2781/192/1824
f 2775/192/1825 2807/192/1825 2806/192/1825 2774/192/1825
f 2783/192/1826 2815/192/1826 2814/192/1826 2782/192/1826
f 2776/192/1827 2808/192/1827 2807/192/1827 2775/192/1827
f 2749/192/1732 2748/192/1732 2791/192/1732 2790/192/1732
f 2753/192/1733 2752/192/1733 2787/192/1733 2786/192/1733
f 2741/192/1734 2740/192/1734 2799/192/1734 2798/192/1734
f 2745/192/1735 2744/192/1735 2795/192/1735 2794/192/1735
f 2748/192/1736 2747/192/1736 2792/192/1736 2791/192/1736
f 2752/192/1737 2751/192/1737 2788/192/1737 2787/192/1737
f 2740/192/1738 2739/192/1738 2800/192/1738 2799/192/1738
f 2744/192/1739 2743/192/1739 2796/192/1739 2795/192/1739
f 2747/192/1740 2746/192/1740 2793/192/1740 2792/192/1740
f 2751/192/1741 2750/192/1741 2789/192/1741 2788/192/1741
f 2738/192/1742 2753/192/1742 2786/192/1742 2801/192/1742
f 2799/192/1828 2800/192/1828 2832/192/1828 2831/192/1828
f 2743/192/1744 2742/192/1744 2797/192/1744 2796/192/1744
f 2739/192/1745 2738/192/1745 2801/192/1745 2800/192/1745
f 2742/192/1746 2741/192/1746 2798/192/1746 2797/192/1746
f 2746/192/1747 2745/192/1747 2794/192/1747 2793/192/1747
f 2803/192/1780 2804/192/1780 2805/192/1780 2806/192/1780 2807/192/1780 2808/192/1780 2809/192/1780 2810/192/1780 2811/192/1780 2812/192/1780 2813/192/1780 2814/192/1780 2815/192/1780 2816/192/1780 2817/192/1780 2802/192/1780
f 2771/192/1829 2803/192/1829 2802/192/1829 2770/192/1829
f 2795/192/1830 2796/192/1830 2828/192/1830 2827/192/1830
f 2792/192/1831 2793/192/1831 2825/192/1831 2824/192/1831
f 2788/192/1832 2789/192/1832 2821/192/1832 2820/192/1832
f 2800/192/1833 2801/192/1833 2833/192/1833 2832/192/1833
f 2796/192/1834 2797/192/1834 2829/192/1834 2828/192/1834
f 2793/192/1835 2794/192/1835 2826/192/1835 2825/192/1835
f 2797/192/1836 2798/192/1836 2830/192/1836 2829/192/1836
f 2789/192/1837 2790/192/1837 2822/192/1837 2821/192/1837
f 2801/192/1838 2786/192/1838 2818/192/1838 2833/192/1838
f 2798/192/1839 2799/192/1839 2831/192/1839 2830/192/1839
f 2786/192/1840 2787/192/1840 2819/192/1840 2818/192/1840
f 2790/192/1841 2791/192/1841 2823/192/1841 2822/192/1841
f 2794/192/1842 2795/192/1842 2827/192/1842 2826/192/1842
f 2791/192/1843 2792/192/1843 2824/192/1843 2823/192/1843
f 2787/192/1844 2788/192/1844 2820/192/1844 2819/192/1844
f 2821/192/1723 2822/192/1723 2646/192/1723 2645/192/1723
f 2833/192/1742 2818/192/1742 2642/192/1742 2657/192/1742
f 2830/192/1734 2831/192/1734 2655/192/1734 2654/192/1734
f 2818/192/1733 2819/192/1733 2643/192/1733 2642/192/1733
f 2822/192/1732 2823/192/1732 2647/192/1732 2646/192/1732
f 2826/192/1735 2827/192/1735 2651/192/1735 2650/192/1735
f 2823/192/1736 2824/192/1736 2648/192/1736 2647/192/1736
f 2819/192/1737 2820/192/1737 2644/192/1737 2643/192/1737
f 2831/192/1738 2832/192/1738 2656/192/1738 2655/192/1738
f 2827/192/1739 2828/192/1739 2652/192/1739 2651/192/1739
f 2824/192/1740 2825/192/1740 2649/192/1740 2648/192/1740
f 2820/192/1741 2821/192/1741 2645/192/1741 2644/192/1741
f 2832/192/1745 2833/192/1745 2657/192/1745 2656/192/1745
f 2828/192/1744 2829/192/1744 2653/192/1744 2652/192/1744
f 2825/192/1747 2826/192/1747 2650/192/1747 2649/192/1747
f 2829/192/1746 2830/192/1746 2654/192/1746 2653/192/1746
f 2848/192/1845 2849/192/1845 2865/192/1845 2864/192/1845
f 2841/192/1846 2842/192/1846 2858/192/1846 2857/192/1846
f 2834/192/1847 2835/192/1847 2851/192/1847 2850/192/1847
f 2849/192/1848 2834/192/1848 2850/192/1848 2865/192/1848
f 2842/192/1849 2843/192/1849 2859/192/1849 2858/192/1849
f 2835/192/1850 2836/192/1850 2852/192/1850 2851/192/1850
f 2843/192/1851 2844/192/1851 2860/192/1851 2859/192/1851
f 2836/192/1852 2837/192/1852 2853/192/1852 2852/192/1852
f 2844/192/1853 2845/192/1853 2861/192/1853 2860/192/1853
f 2837/192/1854 2838/192/1854 2854/192/1854 2853/192/1854
f 2845/192/1855 2846/192/1855 2862/192/1855 2861/192/1855
f 2838/192/1856 2839/192/1856 2855/192/1856 2854/192/1856
f 2846/192/1857 2847/192/1857 2863/192/1857 2862/192/1857
f 2839/192/1858 2840/192/1858 2856/192/1858 2855/192/1858
f 2847/192/1859 2848/192/1859 2864/192/1859 2863/192/1859
f 2840/192/1860 2841/192/1860 2857/192/1860 2856/192/1860
f 2863/192/1699 2864/192/1699 2880/192/1699 2879/192/1699
f 2856/192/1699 2857/192/1699 2873/192/1699 2872/192/1699
f 2864/192/1699 2865/192/1699 2881/192/1699 2880/192/1699
f 2857/192/1699 2858/192/1699 2874/192/1699 2873/192/1699
f 2850/192/1699 2851/192/1699 2867/192/1699 2866/192/1699
f 2865/192/1699 2850/192/1699 2866/192/1699 2881/192/1699
f 2858/192/1699 2859/192/1699 2875/192/1699 2874/192/1699
f 2851/192/1699 2852/192/1699 2868/192/1699 2867/192/1699
f 2859/192/1699 2860/192/1699 2876/192/1699 2875/192/1699
f 2852/192/1699 2853/192/1699 2869/192/1699 2868/192/1699
f 2860/192/1699 2861/192/1699 2877/192/1699 2876/192/1699
f 2853/192/1699 2854/192/1699 2870/192/1699 2869/192/1699
f 2861/192/1699 2862/192/1699 2878/192/1699 2877/192/1699
f 2854/192/1699 2855/192/1699 2871/192/1699 2870/192/1699
f 2862/192/1699 2863/192/1699 2879/192/1699 2878/192/1699
f 2855/192/1699 2856/192/1699 2872/192/1699 2871/192/1699
f 2869/192/1861 2870/192/1861 2886/192/1861 2885/192/1861
f 2877/192/1862 2878/192/1862 2894/192/1862 2893/192/1862
f 2870/192/1863 2871/192/1863 2887/192/1863 2886/192/1863
f 2878/192/1864 2879/192/1864 2895/192/1864 2894/192/1864
f 2871/192/1865 2872/192/1865 2888/192/1865 2887/192/1865
f 2879/192/1866 2880/192/1866 2896/192/1866 2895/192/1866
f 2872/192/1867 2873/192/1867 2889/192/1867 2888/192/1867
f 2880/192/1868 2881/192/1868 2897/192/1868 2896/192/1868
f 2873/192/1869 2874/192/1869 2890/192/1869 2889/192/1869
f 2866/192/1870 2867/192/1870 2883/192/1870 2882/192/1870
f 2881/192/1871 2866/192/1871 2882/192/1871 2897/192/1871
f 2874/192/1872 2875/192/1872 2891/192/1872 2890/192/1872
f 2867/192/1873 2868/192/1873 2884/192/1873 2883/192/1873
f 2875/192/1874 2876/192/1874 2892/192/1874 2891/192/1874
f 2868/192/1875 2869/192/1875 2885/192/1875 2884/192/1875
f 2876/192/1876 2877/192/1876 2893/192/1876 2892/192/1876
f 2890/192/1745 2891/192/1745 2731/192/1745 2730/192/1745
f 2883/192/1736 2884/192/1736 2724/192/1736 2723/192/1736
f 2891/192/1738 2892/192/1738 2732/192/1738 2731/192/1738
f 2884/192/1732 2885/192/1732 2725/192/1732 2724/192/1732
f 2892/192/1734 2893/192/1734 2733/192/1734 2732/192/1734
f 2885/192/1723 2886/192/1723 2726/192/1723 2725/192/1723
f 2893/192/1746 2894/192/1746 2734/192/1746 2733/192/1746
f 2886/192/1741 2887/192/1741 2727/192/1741 2726/192/1741
f 2894/192/1744 2895/192/1744 2735/192/1744 2734/192/1744
f 2887/192/1737 2888/192/1737 2728/192/1737 2727/192/1737
f 2895/192/1739 2896/192/1739 2736/192/1739 2735/192/1739
f 2888/192/1733 2889/192/1733 2729/192/1733 2728/192/1733
f 2896/192/1735 2897/192/1735 2737/192/1735 2736/192/1735
f 2889/192/1742 2890/192/1742 2730/192/1742 2729/192/1742
f 2882/192/1740 2883/192/1740 2723/192/1740 2722/192/1740
f 2897/192/1747 2882/192/1747 2722/192/1747 2737/192/1747
o Plane
v 0.253728 0.567638 0.439720
v 0.197753 0.522574 0.434620
v 0.248007 0.521310 0.428644
v 0.186756 0.559555 0.443750
v 0.291311 0.514757 0.424238
v 0.291311 0.569532 0.440172
v 0.265961 0.461062 0.419327
v 0.291311 0.455730 0.418170
v 0.291311 0.483993 0.419230
v 0.261159 0.489873 0.423108
v 0.225398 0.524540 0.431714
v 0.219854 0.563483 0.441359
v 0.253728 0.562025 0.462261
v 0.197753 0.518313 0.451732
v 0.248007 0.515913 0.450319
v 0.186756 0.555257 0.461011
v 0.291311 0.563910 0.462750
v 0.265961 0.456812 0.436394
v 0.291311 0.451560 0.434915
v 0.291311 0.477917 0.443631
v 0.261159 0.484929 0.442964
v 0.225398 0.519583 0.451619
v 0.219854 0.558502 0.461363
v 0.264102 0.457226 0.427434
v 0.291311 0.451345 0.425970
v 0.219613 0.562729 0.453706
v 0.184576 0.558841 0.452738
v 0.253546 0.566283 0.454591
v 0.259052 0.486388 0.434696
v 0.196193 0.518450 0.442680
v 0.225244 0.519471 0.442934
v 0.291311 0.568194 0.455066
v 0.246930 0.516530 0.442202
v 0.258574 0.517008 0.469620
v 0.262429 0.548075 0.477666
v 0.291311 0.511717 0.470172
v 0.239607 0.545701 0.477061
v 0.291311 0.549345 0.477995
v 0.267435 0.496133 0.464665
v 0.291311 0.491409 0.465115
v 0.243341 0.519481 0.470497
v 0.328894 0.567638 0.439720
v 0.384870 0.522574 0.434620
v 0.334615 0.521310 0.428644
v 0.395866 0.559555 0.443749
v 0.316661 0.461062 0.419327
v 0.321463 0.489873 0.423108
v 0.357224 0.524540 0.431714
v 0.362768 0.563483 0.441359
v 0.328894 0.562025 0.462261
v 0.384870 0.518313 0.451732
v 0.334615 0.515913 0.450318
v 0.395866 0.555257 0.461011
v 0.316661 0.456812 0.436394
v 0.321463 0.484929 0.442964
v 0.357224 0.519583 0.451619
v 0.362768 0.558502 0.461363
v 0.318520 0.457226 0.427434
v 0.363010 0.562729 0.453706
v 0.398046 0.558841 0.452737
v 0.329076 0.566283 0.454590
v 0.323570 0.486388 0.434696
v 0.386429 0.518450 0.442680
v 0.357378 0.519471 0.442934
v 0.335692 0.516530 0.442202
v 0.324048 0.517008 0.469620
v 0.320194 0.548075 0.477666
v 0.343015 0.545701 0.477061
v 0.315187 0.496133 0.464665
v 0.339281 0.519481 0.470497
v 0.291311 0.422578 0.409288
v 0.291311 0.431421 0.403970
v 0.291311 0.441739 0.403787
v 0.291311 0.450766 0.408787
v 0.291311 0.456083 0.417631
v 0.291311 0.456266 0.427948
v 0.291311 0.451266 0.436975
v 0.291311 0.442423 0.442293
v 0.291311 0.432105 0.442476
v 0.291311 0.423078 0.437476
v 0.291311 0.417761 0.428632
v 0.291311 0.417578 0.418315
v 0.355852 0.439509 0.413504
v 0.352196 0.447400 0.407949
v 0.347201 0.456415 0.407442
v 0.342207 0.464140 0.412118
v 0.338550 0.468505 0.420724
v 0.337212 0.468339 0.430955
v 0.338550 0.463688 0.440068
v 0.342207 0.455797 0.445623
v 0.347201 0.446782 0.446130
v 0.352196 0.439057 0.441454
v 0.355852 0.434692 0.432848
v 0.357190 0.434858 0.422617
v 0.401878 0.484171 0.424625
v 0.395563 0.489482 0.418428
v 0.386937 0.494974 0.417043
v 0.378311 0.499175 0.420842
v 0.371996 0.500960 0.428806
v 0.369685 0.499850 0.438801
v 0.371996 0.496143 0.448150
v 0.378311 0.490832 0.454347
v 0.386937 0.485340 0.455732
v 0.395563 0.481139 0.451933
v 0.401878 0.479354 0.443969
v 0.404189 0.480464 0.433974
v 0.419326 0.546799 0.440220
v 0.412029 0.548563 0.433139
v 0.402062 0.549208 0.430548
v 0.392094 0.548563 0.433140
v 0.384797 0.546799 0.440220
v 0.382127 0.544391 0.449892
v 0.384797 0.541982 0.459564
v 0.392094 0.540219 0.466645
v 0.402062 0.539574 0.469237
v 0.412029 0.540219 0.466645
v 0.419326 0.541982 0.459564
v 0.421997 0.544391 0.449892
v 0.401878 0.609428 0.455815
v 0.395563 0.607643 0.447851
v 0.386937 0.603442 0.444053
v 0.378311 0.597950 0.445437
v 0.371996 0.592639 0.451635
v 0.369685 0.588932 0.460983
v 0.371996 0.587822 0.470979
v 0.378311 0.589607 0.478943
v 0.386937 0.593808 0.482741
v 0.395563 0.599300 0.481357
v 0.401878 0.604611 0.475159
v 0.404189 0.608318 0.465811
v 0.355852 0.654090 0.466936
v 0.352196 0.649725 0.458330
v 0.347201 0.642000 0.453654
v 0.342207 0.632985 0.454161
v 0.338550 0.625094 0.459716
v 0.337212 0.620443 0.468830
v 0.338550 0.620277 0.479061
v 0.342207 0.624641 0.487667
v 0.347201 0.632366 0.492343
v 0.352196 0.641382 0.491836
v 0.355852 0.649273 0.486281
v 0.357190 0.653924 0.477167
v 0.291311 0.671021 0.471152
v 0.291311 0.665704 0.462309
v 0.291311 0.656677 0.457309
v 0.291311 0.646359 0.457492
v 0.291311 0.637515 0.462809
v 0.291311 0.632515 0.471836
v 0.291311 0.632699 0.482154
v 0.291311 0.638016 0.490997
v 0.291311 0.647043 0.495997
v 0.291311 0.657360 0.495814
v 0.291311 0.666204 0.490497
v 0.291311 0.671204 0.481470
v 0.226770 0.654090 0.466936
v 0.230426 0.649725 0.458330
v 0.235421 0.642000 0.453654
v 0.240415 0.632985 0.454162
v 0.244072 0.625094 0.459716
v 0.245410 0.620443 0.468830
v 0.244072 0.620277 0.479061
v 0.240415 0.624641 0.487667
v 0.235421 0.632366 0.492343
v 0.230426 0.641382 0.491836
v 0.226770 0.649273 0.486281
v 0.225432 0.653924 0.477167
v 0.180744 0.609428 0.455815
v 0.187059 0.607643 0.447851
v 0.195685 0.603442 0.444053
v 0.204311 0.597950 0.445438
v 0.210626 0.592639 0.451635
v 0.212937 0.588932 0.460983
v 0.210626 0.587822 0.470979
v 0.204311 0.589607 0.478943
v 0.195685 0.593808 0.482742
v 0.187059 0.599300 0.481357
v 0.180745 0.604611 0.475160
v 0.178433 0.608318 0.465811
v 0.163296 0.546799 0.440220
v 0.170593 0.548563 0.433140
v 0.180560 0.549208 0.430548
v 0.190528 0.548563 0.433140
v 0.197825 0.546799 0.440220
v 0.200496 0.544391 0.449892
v 0.197825 0.541982 0.459565
v 0.190528 0.540219 0.466645
v 0.180560 0.539574 0.469237
v 0.170593 0.540219 0.466645
v 0.163296 0.541982 0.459565
v 0.160625 0.544391 0.449892
v 0.180744 0.484171 0.424625
v 0.187059 0.489482 0.418428
v 0.195685 0.494974 0.417043
v 0.204311 0.499175 0.420842
v 0.210626 0.500960 0.428806
v 0.212937 0.499850 0.438801
v 0.210626 0.496143 0.448150
v 0.204311 0.490832 0.454347
v 0.195685 0.485340 0.455732
v 0.187059 0.481139 0.451934
v 0.180744 0.479354 0.443970
v 0.178433 0.480464 0.433974
v 0.226770 0.439509 0.413504
v 0.230426 0.447400 0.407949
v 0.235421 0.456415 0.407442
v 0.240415 0.464140 0.412118
v 0.244072 0.468505 0.420724
v 0.245410 0.468339 0.430955
v 0.244072 0.463688 0.440068
v 0.240415 0.455797 0.445623
v 0.235421 0.446782 0.446131
v 0.230426 0.439057 0.441455
v 0.226770 0.434692 0.432848
v 0.225432 0.434858 0.422618
vn 0.1057 -0.2170 0.9704
vn 0.0322 -0.2597 0.9652
vn 0.0744 -0.0781 0.9942
vn 0.0859 -0.1488 0.9851
vn 0.0846 -0.2355 0.9682
vn -0.0140 0.2403 -0.9706
vn 0.0925 -0.7115 -0.6965
vn 0.0464 0.2737 -0.9607
vn 0.6995 0.2657 -0.6634
vn 0.1928 0.8394 -0.5081
vn 0.2067 0.9784 -0.0106
vn 0.1016 -0.8870 -0.4504
vn 0.1034 -0.8690 -0.4839
vn 0.9571 0.2123 -0.1973
vn -0.0404 0.9992 0.0053
vn 0.0502 -0.8725 -0.4860
vn 0.9411 0.3094 -0.1367
vn 0.9058 0.4049 -0.1247
vn 0.1484 0.9887 0.0188
vn 0.1593 0.9147 0.3715
vn 0.9173 0.3290 0.2243
vn 0.9411 0.2091 0.2658
vn 0.0513 -0.9946 -0.0897
vn -0.0276 0.9032 0.4282
vn 0.9640 0.1185 0.2381
vn 0.1118 -0.9909 -0.0751
vn 0.1127 -0.9921 -0.0555
vn 0.2067 0.8591 0.4682
vn 0.0285 0.2235 -0.9743
vn 0.0610 0.2482 -0.9668
vn -0.0063 0.2471 -0.9690
vn 0.1509 0.9788 -0.1382
vn 0.7781 0.4373 -0.4508
vn 0.0429 -0.7254 -0.6870
vn -0.1057 -0.2170 0.9704
vn -0.0322 -0.2597 0.9652
vn -0.0744 -0.0781 0.9942
vn -0.0859 -0.1488 0.9851
vn -0.0846 -0.2355 0.9682
vn 0.0140 0.2403 -0.9706
vn -0.0925 -0.7115 -0.6965
vn -0.0464 0.2737 -0.9607
vn -0.6995 0.2657 -0.6634
vn -0.1928 0.8394 -0.5081
vn -0.2067 0.9784 -0.0106
vn -0.1016 -0.8870 -0.4504
vn -0.1034 -0.8690 -0.4839
vn -0.9571 0.2123 -0.1973
vn 0.0404 0.9992 0.0053
vn -0.0502 -0.8725 -0.4860
vn -0.9411 0.3094 -0.1367
vn -0.9058 0.4049 -0.1247
vn -0.1484 0.9887 0.0188
vn -0.1593 0.9147 0.3715
vn -0.9173 0.3290 0.2243
vn -0.9411 0.2091 0.2658
vn -0.0513 -0.9946 -0.0897
vn 0.0276 0.9032 0.4282
vn -0.9640 0.1185 0.2381
vn -0.1118 -0.9909 -0.0751
vn -0.1127 -0.9921 -0.0555
vn -0.2067 0.8591 0.4682
vn -0.0285 0.2235 -0.9743
vn -0.0610 0.2482 -0.9668
vn 0.0063 0.2471 -0.9690
vn -0.1509 0.9788 -0.1382
vn -0.7781 0.4373 -0.4508
vn -0.0429 -0.7254 -0.6870
vn 0.2526 -0.8463 -0.4689
vn 0.1878 -0.5059 -0.8419
vn 0.0698 -0.0176 -0.9974
vn -0.0699 0.4832 -0.8727
vn -0.1881 0.8416 -0.5063
vn -0.2532 0.9672 -0.0173
vn -0.2532 0.8462 0.4689
vn -0.1881 0.5059 0.8419
vn -0.0699 0.0176 0.9974
vn 0.0698 -0.4833 0.8727
vn 0.1878 -0.8417 0.5063
vn 0.2526 -0.9674 0.0173
vn 0.6845 -0.6037 -0.4086
vn 0.5085 -0.3255 -0.7971
vn 0.1890 0.0495 -0.9807
vn -0.1890 0.4162 -0.8894
vn -0.5085 0.6613 -0.5514
vn -0.6845 0.7248 -0.0778
vn -0.6845 0.6037 0.4086
vn -0.5085 0.3255 0.7971
vn -0.1890 -0.0495 0.9807
vn 0.1890 -0.4162 0.8894
vn 0.5085 -0.6613 0.5514
vn 0.6845 -0.7248 0.0778
vn 0.9346 -0.1846 -0.3041
vn 0.6944 -0.0143 -0.7195
vn 0.2581 0.1651 -0.9519
vn -0.2581 0.3006 -0.9182
vn -0.6943 0.3504 -0.6287
vn -0.9344 0.3063 -0.1819
vn -0.9344 0.1852 0.3043
vn -0.6943 0.0146 0.7195
vn -0.2581 -0.1650 0.9519
vn 0.2581 -0.3006 0.9182
vn 0.6944 -0.3501 0.6287
vn 0.9346 -0.3057 0.1821
vn 0.9346 0.3057 -0.1821
vn 0.6944 0.3501 -0.6287
vn 0.2581 0.3006 -0.9182
vn -0.2581 0.1650 -0.9519
vn -0.6943 -0.0146 -0.7195
vn -0.9344 -0.1852 -0.3043
vn -0.9344 -0.3063 0.1819
vn -0.6943 -0.3504 0.6287
vn -0.2581 -0.3006 0.9182
vn 0.2581 -0.1651 0.9519
vn 0.6944 0.0143 0.7195
vn 0.9346 0.1846 0.3041
vn 0.6845 0.7248 -0.0778
vn 0.5085 0.6613 -0.5514
vn 0.1890 0.4162 -0.8894
vn -0.1890 0.0495 -0.9807
vn -0.5085 -0.3255 -0.7971
vn -0.6845 -0.6037 -0.4086
vn -0.6845 -0.7248 0.0778
vn -0.5085 -0.6613 0.5514
vn -0.1890 -0.4162 0.8894
vn 0.1890 -0.0495 0.9807
vn 0.5085 0.3255 0.7971
vn 0.6845 0.6037 0.4086
vn 0.2526 0.9674 -0.0173
vn 0.1878 0.8417 -0.5063
vn 0.0698 0.4833 -0.8727
vn -0.0699 -0.0176 -0.9974
vn -0.1881 -0.5059 -0.8419
vn -0.2532 -0.8462 -0.4689
vn -0.2532 -0.9672 0.0173
vn -0.1881 -0.8416 0.5063
vn -0.0699 -0.4833 0.8727
vn 0.0698 0.0176 0.9974
vn 0.1878 0.5059 0.8419
vn 0.2526 0.8463 0.4689
vn -0.2526 0.9674 -0.0173
vn -0.1878 0.8417 -0.5063
vn -0.0698 0.4833 -0.8727
vn 0.0699 -0.0176 -0.9974
vn 0.1881 -0.5059 -0.8419
vn 0.2532 -0.8462 -0.4689
vn 0.2532 -0.9672 0.0173
vn 0.1881 -0.8416 0.5063
vn 0.0699 -0.4833 0.8727
vn -0.0698 0.0176 0.9974
vn -0.1878 0.5059 0.8419
vn -0.2526 0.8463 0.4689
vn -0.9346 0.3057 -0.1821
vn -0.6944 0.3501 -0.6287
vn 0.2581 0.1650 -0.9519
vn 0.6943 -0.0146 -0.7195
vn 0.9344 -0.1852 -0.3043
vn 0.9344 -0.3063 0.1819
vn 0.6943 -0.3504 0.6287
vn -0.2581 -0.1651 0.9519
vn -0.6944 0.0143 0.7195
vn -0.9346 0.1846 0.3041
vn -0.9346 -0.1846 -0.3041
vn -0.6944 -0.0143 -0.7195
vn -0.2581 0.1651 -0.9519
vn 0.6943 0.3504 -0.6287
vn 0.9344 0.3063 -0.1819
vn 0.9344 0.1852 0.3043
vn 0.6943 0.0146 0.7195
vn 0.2581 -0.1650 0.9519
vn -0.6944 -0.3501 0.6287
vn -0.9346 -0.3057 0.1821
vn -0.2526 -0.8463 -0.4689
vn -0.1878 -0.5059 -0.8419
vn -0.0698 -0.0176 -0.9974
vn 0.0699 0.4832 -0.8727
vn 0.1881 0.8416 -0.5063
vn 0.2532 0.9672 -0.0173
vn 0.2532 0.8462 0.4689
vn 0.1881 0.5059 0.8419
vn 0.0699 0.0176 0.9974
vn -0.0698 -0.4833 0.8727
vn -0.1878 -0.8417 0.5063
vn -0.2526 -0.9674 0.0173
vt 0.875000 0.000000
vt 0.875000 1.000000
vt 1.000000 1.000000
vt 1.000000 0.000000
vt 0.500000 0.000000
vt 0.500000 1.000000
vt 0.750000 1.000000
vt 0.750000 0.000000
vt 0.000000 1.000000
vt 0.083333 1.000000
vt 0.083333 0.916667
vt 0.000000 0.916667
vt 0.000000 0.083333
vt 0.083333 0.083333
vt 0.083333 0.000000
vt 0.000000 0.000000
vt 0.000000 0.166667
vt 0.083333 0.166667
vt 0.000000 0.250000
vt 0.083333 0.250000
vt 0.000000 0.333333
vt 0.083333 0.333333
vt 0.000000 0.416667
vt 0.083333 0.416667
vt 0.000000 0.500000
vt 0.083333 0.500000
vt 0.000000 0.583333
vt 0.083333 0.583333
vt 0.000000 0.666667
vt 0.083333 0.666667
vt 0.000000 0.750000
vt 0.083333 0.750000
vt 0.000000 0.833333
vt 0.083333 0.833333
vt 0.166667 1.000000
vt 0.166667 0.916667
vt 0.166667 0.083333
vt 0.166667 0.000000
vt 0.166667 0.166667
vt 0.166667 0.250000
vt 0.166667 0.333333
vt 0.166667 0.416667
vt 0.166667 0.500000
vt 0.166667 0.583333
vt 0.166667 0.666667
vt 0.166667 0.750000
vt 0.166667 0.833333
vt 0.250000 1.000000
vt 0.250000 0.916667
vt 0.250000 0.083333
vt 0.250000 0.000000
vt 0.250000 0.166667
vt 0.250000 0.250000
vt 0.250000 0.333333
vt 0.250000 0.416667
vt 0.250000 0.500000
vt 0.250000 0.583333
vt 0.250000 0.666667
vt 0.250000 0.750000
vt 0.250000 0.833333
vt 0.333333 1.000000
vt 0.333333 0.916667
vt 0.333333 0.083333
vt 0.333333 0.000000
vt 0.333333 0.166667
vt 0.333333 0.250000
vt 0.333333 0.333333
vt 0.333333 0.416667
vt 0.333333 0.500000
vt 0.333333 0.583333
vt 0.333333 0.666667
vt 0.333333 0.750000
vt 0.333333 0.833333
vt 0.416667 1.000000
vt 0.416667 0.916667
vt 0.416667 0.083333
vt 0.416667 0.000000
vt 0.416667 0.166667
vt 0.416667 0.250000
vt 0.416667 0.333333
vt 0.416667 0.416667
vt 0.416667 0.500000
vt 0.416667 0.583333
vt 0.416667 0.666667
vt 0.416667 0.750000
vt 0.416667 0.833333
vt 0.500000 0.916667
vt 0.500000 0.083333
vt 0.500000 0.166667
vt 0.500000 0.250000
vt 0.500000 0.333333
vt 0.500000 0.416667
vt 0.500000 0.500000
vt 0.500000 0.583333
vt 0.500000 0.666667
vt 0.500000 0.750000
vt 0.500000 0.833333
vt 0.583333 1.000000
vt 0.583333 0.916667
vt 0.583333 0.083333
vt 0.583333 0.000000
vt 0.583333 0.166667
vt 0.583333 0.250000
vt 0.583333 0.333333
vt 0.583333 0.416667
vt 0.583333 0.500000
vt 0.583333 0.583333
vt 0.583333 0.666667
vt 0.583333 0.750000
vt 0.583333 0.833333
vt 0.666667 1.000000
vt 0.666667 0.916667
vt 0.666667 0.083333
vt 0.666667 0.000000
vt 0.666667 0.166667
vt 0.666667 0.250000
vt 0.666667 0.333333
vt 0.666667 0.416667
vt 0.666667 0.500000
vt 0.666667 0.583333
vt 0.666667 0.666667
vt 0.666667 0.750000
vt 0.666667 0.833333
vt 0.750000 0.916667
vt 0.750000 0.083333
vt 0.750000 0.166667
vt 0.750000 0.250000
vt 0.750000 0.333333
vt 0.750000 0.416667
vt 0.750000 0.500000
vt 0.750000 0.583333
vt 0.750000 0.666667
vt 0.750000 0.750000
vt 0.750000 0.833333
vt 0.833333 1.000000
vt 0.833333 0.916667
vt 0.833333 0.083333
vt 0.833333 0.000000
vt 0.833333 0.166667
vt 0.833333 0.250000
vt 0.833333 0.333333
vt 0.833333 0.416667
vt 0.833333 0.500000
vt 0.833333 0.583333
vt 0.833333 0.666667
vt 0.833333 0.750000
vt 0.833333 0.833333
vt 0.916667 1.000000
vt 0.916667 0.916667
vt 0.916667 0.083333
vt 0.916667 0.000000
vt 0.916667 0.166667
vt 0.916667 0.250000
vt 0.916667 0.333333
vt 0.916667 0.416667
vt 0.916667 0.500000
vt 0.916667 0.583333
vt 0.916667 0.666667
vt 0.916667 0.750000
vt 0.916667 0.833333
vt 1.000000 0.916667
vt 1.000000 0.083333
vt 1.000000 0.166667
vt 1.000000 0.250000
vt 1.000000 0.333333
vt 1.000000 0.416667
vt 1.000000 0.500000
vt 1.000000 0.583333
vt 1.000000 0.666667
vt 1.000000 0.750000
vt 1.000000 0.833333
s 0
f 2908/193/1877 2909/194/1877 2901/195/1877 2899/196/1877
f 2902/197/1878 2903/198/1878 2898/199/1878 2900/200/1878
f 2907/200/1879 2904/200/1879 2905/197/1879 2906/197/1879
f 2900/200/1880 2907/200/1880 2906/197/1880 2902/197/1880
f 2900/200/1881 2898/199/1881 2909/194/1881 2908/193/1881
f 2919/193/1882 2911/196/1882 2913/195/1882 2920/194/1882
f 2920/194/1883 2910/199/1883 2932/199/1883 2934/194/1883
f 2918/200/1884 2917/197/1884 2916/197/1884 2915/200/1884
f 2919/193/1885 2920/194/1885 2934/194/1885 2938/193/1885
f 2917/197/1886 2918/200/1886 2936/200/1886 2937/197/1886
f 2922/197/1887 2921/200/1887 2915/200/1887 2916/197/1887
f 2924/195/1888 2923/194/1888 2920/194/1888 2913/195/1888
f 2923/194/1889 2925/199/1889 2910/199/1889 2920/194/1889
f 2921/200/1890 2926/200/1890 2918/200/1890 2915/200/1890
f 2928/193/1891 2927/196/1891 2911/196/1891 2919/193/1891
f 2925/199/1892 2929/198/1892 2914/198/1892 2910/199/1892
f 2927/196/1893 2924/195/1893 2913/195/1893 2911/196/1893
f 2926/200/1894 2930/200/1894 2912/200/1894 2918/200/1894
f 2930/200/1895 2928/193/1895 2919/193/1895 2912/200/1895
f 2900/200/1896 2908/193/1896 2928/193/1896 2930/200/1896
f 2907/200/1897 2900/200/1897 2930/200/1897 2926/200/1897
f 2899/196/1898 2901/195/1898 2924/195/1898 2927/196/1898
f 2898/199/1899 2903/198/1899 2929/198/1899 2925/199/1899
f 2908/193/1900 2899/196/1900 2927/196/1900 2928/193/1900
f 2904/200/1901 2907/200/1901 2926/200/1901 2921/200/1901
f 2909/194/1902 2898/199/1902 2925/199/1902 2923/194/1902
f 2901/195/1903 2909/194/1903 2923/194/1903 2924/195/1903
f 2905/197/1904 2904/200/1904 2921/200/1904 2922/197/1904
f 2933/197/1905 2931/200/1905 2932/199/1905 2935/198/1905
f 2931/200/1906 2933/197/1906 2937/197/1906 2936/200/1906
f 2931/200/1907 2938/193/1907 2934/194/1907 2932/199/1907
f 2912/200/1908 2919/193/1908 2938/193/1908 2931/200/1908
f 2918/200/1909 2912/200/1909 2931/200/1909 2936/200/1909
f 2910/199/1910 2914/198/1910 2935/198/1910 2932/199/1910
f 2945/193/1911 2940/196/1911 2942/195/1911 2946/194/1911
f 2902/197/1912 2941/200/1912 2939/199/1912 2903/198/1912
f 2944/200/1913 2906/197/1913 2905/197/1913 2943/200/1913
f 2941/200/1914 2902/197/1914 2906/197/1914 2944/200/1914
f 2941/200/1915 2945/193/1915 2946/194/1915 2939/199/1915
f 2953/193/1916 2954/194/1916 2950/195/1916 2948/196/1916
f 2954/194/1917 2965/194/1917 2964/199/1917 2947/199/1917
f 2952/200/1918 2951/200/1918 2916/197/1918 2917/197/1918
f 2953/193/1919 2967/193/1919 2965/194/1919 2954/194/1919
f 2917/197/1920 2937/197/1920 2966/200/1920 2952/200/1920
f 2922/197/1921 2916/197/1921 2951/200/1921 2955/200/1921
f 2957/195/1922 2950/195/1922 2954/194/1922 2956/194/1922
f 2956/194/1923 2954/194/1923 2947/199/1923 2958/199/1923
f 2955/200/1924 2951/200/1924 2952/200/1924 2959/200/1924
f 2961/193/1925 2953/193/1925 2948/196/1925 2960/196/1925
f 2958/199/1926 2947/199/1926 2914/198/1926 2929/198/1926
f 2960/196/1927 2948/196/1927 2950/195/1927 2957/195/1927
f 2959/200/1928 2952/200/1928 2949/200/1928 2962/200/1928
f 2962/200/1929 2949/200/1929 2953/193/1929 2961/193/1929
f 2941/200/1930 2962/200/1930 2961/193/1930 2945/193/1930
f 2944/200/1931 2959/200/1931 2962/200/1931 2941/200/1931
f 2940/196/1932 2960/196/1932 2957/195/1932 2942/195/1932
f 2939/199/1933 2958/199/1933 2929/198/1933 2903/198/1933
f 2945/193/1934 2961/193/1934 2960/196/1934 2940/196/1934
f 2943/200/1935 2955/200/1935 2959/200/1935 2944/200/1935
f 2946/194/1936 2956/194/1936 2958/199/1936 2939/199/1936
f 2942/195/1937 2957/195/1937 2956/194/1937 2946/194/1937
f 2905/197/1938 2922/197/1938 2955/200/1938 2943/200/1938
f 2933/197/1939 2935/198/1939 2964/199/1939 2963/200/1939
f 2963/200/1940 2966/200/1940 2937/197/1940 2933/197/1940
f 2963/200/1941 2964/199/1941 2965/194/1941 2967/193/1941
f 2949/200/1942 2963/200/1942 2967/193/1942 2953/193/1942
f 2952/200/1943 2966/200/1943 2963/200/1943 2949/200/1943
f 2947/199/1944 2964/199/1944 2935/198/1944 2914/198/1944
f 2968/201/1945 2980/202/1945 2991/203/1945 2979/204/1945
f 2969/205/1946 2981/206/1946 2980/207/1946 2968/208/1946
f 2970/209/1947 2982/210/1947 2981/206/1947 2969/205/1947
f 2971/211/1948 2983/212/1948 2982/210/1948 2970/209/1948
f 2972/213/1949 2984/214/1949 2983/212/1949 2971/211/1949
f 2973/215/1950 2985/216/1950 2984/214/1950 2972/213/1950
f 2974/217/1951 2986/218/1951 2985/216/1951 2973/215/1951
f 2975/219/1952 2987/220/1952 2986/218/1952 2974/217/1952
f 2976/221/1953 2988/222/1953 2987/220/1953 2975/219/1953
f 2977/223/1954 2989/224/1954 2988/222/1954 2976/221/1954
f 2978/225/1955 2990/226/1955 2989/224/1955 2977/223/1955
f 2979/204/1956 2991/203/1956 2990/226/1956 2978/225/1956
f 2980/202/1957 2992/227/1957 3003/228/1957 2991/203/1957
f 2981/206/1958 2993/229/1958 2992/230/1958 2980/207/1958
f 2982/210/1959 2994/231/1959 2993/229/1959 2981/206/1959
f 2983/212/1960 2995/232/1960 2994/231/1960 2982/210/1960
f 2984/214/1961 2996/233/1961 2995/232/1961 2983/212/1961
f 2985/216/1962 2997/234/1962 2996/233/1962 2984/214/1962
f 2986/218/1963 2998/235/1963 2997/234/1963 2985/216/1963
f 2987/220/1964 2999/236/1964 2998/235/1964 2986/218/1964
f 2988/222/1965 3000/237/1965 2999/236/1965 2987/220/1965
f 2989/224/1966 3001/238/1966 3000/237/1966 2988/222/1966
f 2990/226/1967 3002/239/1967 3001/238/1967 2989/224/1967
f 2991/203/1968 3003/228/1968 3002/239/1968 2990/226/1968
f 2992/227/1969 3004/240/1969 3015/241/1969 3003/228/1969
f 2993/229/1970 3005/242/1970 3004/243/1970 2992/230/1970
f 2994/231/1971 3006/244/1971 3005/242/1971 2993/229/1971
f 2995/232/1972 3007/245/1972 3006/244/1972 2994/231/1972
f 2996/233/1973 3008/246/1973 3007/245/1973 2995/232/1973
f 2997/234/1974 3009/247/1974 3008/246/1974 2996/233/1974
f 2998/235/1975 3010/248/1975 3009/247/1975 2997/234/1975
f 2999/236/1976 3011/249/1976 3010/248/1976 2998/235/1976
f 3000/237/1977 3012/250/1977 3011/249/1977 2999/236/1977
f 3001/238/1978 3013/251/1978 3012/250/1978 3000/237/1978
f 3002/239/1979 3014/252/1979 3013/251/1979 3001/238/1979
f 3003/228/1980 3015/241/1980 3014/252/1980 3002/239/1980
f 3004/240/1981 3016/253/1981 3027/254/1981 3015/241/1981
f 3005/242/1982 3017/255/1982 3016/256/1982 3004/243/1982
f 3006/244/1983 3018/257/1983 3017/255/1983 3005/242/1983
f 3007/245/1984 3019/258/1984 3018/257/1984 3006/244/1984
f 3008/246/1985 3020/259/1985 3019/258/1985 3007/245/1985
f 3009/247/1986 3021/260/1986 3020/259/1986 3008/246/1986
f 3010/248/1987 3022/261/1987 3021/260/1987 3009/247/1987
f 3011/249/1988 3023/262/1988 3022/261/1988 3010/248/1988
f 3012/250/1989 3024/263/1989 3023/262/1989 3011/249/1989
f 3013/251/1990 3025/264/1990 3024/263/1990 3012/250/1990
f 3014/252/1991 3026/265/1991 3025/264/1991 3013/251/1991
f 3015/241/1992 3027/254/1992 3026/265/1992 3014/252/1992
f 3016/253/1993 3028/266/1993 3039/267/1993 3027/254/1993
f 3017/255/1994 3029/268/1994 3028/269/1994 3016/256/1994
f 3018/257/1995 3030/270/1995 3029/268/1995 3017/255/1995
f 3019/258/1996 3031/271/1996 3030/270/1996 3018/257/1996
f 3020/259/1997 3032/272/1997 3031/271/1997 3019/258/1997
f 3021/260/1998 3033/273/1998 3032/272/1998 3020/259/1998
f 3022/261/1999 3034/274/1999 3033/273/1999 3021/260/1999
f 3023/262/2000 3035/275/2000 3034/274/2000 3022/261/2000
f 3024/263/2001 3036/276/2001 3035/275/2001 3023/262/2001
f 3025/264/2002 3037/277/2002 3036/276/2002 3024/263/2002
f 3026/265/2003 3038/278/2003 3037/277/2003 3025/264/2003
f 3027/254/2004 3039/267/2004 3038/278/2004 3026/265/2004
f 3028/266/2005 3040/198/2005 3051/279/2005 3039/267/2005
f 3029/268/2006 3041/280/2006 3040/197/2006 3028/269/2006
f 3030/270/2007 3042/281/2007 3041/280/2007 3029/268/2007
f 3031/271/2008 3043/282/2008 3042/281/2008 3030/270/2008
f 3032/272/2009 3044/283/2009 3043/282/2009 3031/271/2009
f 3033/273/2010 3045/284/2010 3044/283/2010 3032/272/2010
f 3034/274/2011 3046/285/2011 3045/284/2011 3033/273/2011
f 3035/275/2012 3047/286/2012 3046/285/2012 3034/274/2012
f 3036/276/2013 3048/287/2013 3047/286/2013 3035/275/2013
f 3037/277/2014 3049/288/2014 3048/287/2014 3036/276/2014
f 3038/278/2015 3050/289/2015 3049/288/2015 3037/277/2015
f 3039/267/2016 3051/279/2016 3050/289/2016 3038/278/2016
f 3040/198/2017 3052/290/2017 3063/291/2017 3051/279/2017
f 3041/280/2018 3053/292/2018 3052/293/2018 3040/197/2018
f 3042/281/2019 3054/294/2019 3053/292/2019 3041/280/2019
f 3043/282/2020 3055/295/2020 3054/294/2020 3042/281/2020
f 3044/283/2021 3056/296/2021 3055/295/2021 3043/282/2021
f 3045/284/2022 3057/297/2022 3056/296/2022 3044/283/2022
f 3046/285/2023 3058/298/2023 3057/297/2023 3045/284/2023
f 3047/286/2024 3059/299/2024 3058/298/2024 3046/285/2024
f 3048/287/2025 3060/300/2025 3059/299/2025 3047/286/2025
f 3049/288/2026 3061/301/2026 3060/300/2026 3048/287/2026
f 3050/289/2027 3062/302/2027 3061/301/2027 3049/288/2027
f 3051/279/2028 3063/291/2028 3062/302/2028 3050/289/2028
f 3052/290/1962 3064/303/1962 3075/304/1962 3063/291/1962
f 3053/292/1961 3065/305/1961 3064/306/1961 3052/293/1961
f 3054/294/1960 3066/307/1960 3065/305/1960 3053/292/1960
f 3055/295/1959 3067/308/1959 3066/307/1959 3054/294/1959
f 3056/296/1958 3068/309/1958 3067/308/1958 3055/295/1958
f 3057/297/1957 3069/310/1957 3068/309/1957 3056/296/1957
f 3058/298/1968 3070/311/1968 3069/310/1968 3057/297/1968
f 3059/299/1967 3071/312/1967 3070/311/1967 3058/298/1967
f 3060/300/1966 3072/313/1966 3071/312/1966 3059/299/1966
f 3061/301/1965 3073/314/1965 3072/313/1965 3060/300/1965
f 3062/302/1964 3074/315/1964 3073/314/1964 3061/301/1964
f 3063/291/1963 3075/304/1963 3074/315/1963 3062/302/1963
f 3064/303/2029 3076/199/2029 3087/316/2029 3075/304/2029
f 3065/305/2030 3077/317/2030 3076/200/2030 3064/306/2030
f 3066/307/1972 3078/318/1972 3077/317/1972 3065/305/1972
f 3067/308/2031 3079/319/2031 3078/318/2031 3066/307/2031
f 3068/309/2032 3080/320/2032 3079/319/2032 3067/308/2032
f 3069/310/2033 3081/321/2033 3080/320/2033 3068/309/2033
f 3070/311/2034 3082/322/2034 3081/321/2034 3069/310/2034
f 3071/312/2035 3083/323/2035 3082/322/2035 3070/311/2035
f 3072/313/1978 3084/324/1978 3083/323/1978 3071/312/1978
f 3073/314/2036 3085/325/2036 3084/324/2036 3072/313/2036
f 3074/315/2037 3086/326/2037 3085/325/2037 3073/314/2037
f 3075/304/2038 3087/316/2038 3086/326/2038 3074/315/2038
f 3076/199/2039 3088/327/2039 3099/328/2039 3087/316/2039
f 3077/317/2040 3089/329/2040 3088/330/2040 3076/200/2040
f 3078/318/2041 3090/331/2041 3089/329/2041 3077/317/2041
f 3079/319/1983 3091/332/1983 3090/331/1983 3078/318/1983
f 3080/320/2042 3092/333/2042 3091/332/2042 3079/319/2042
f 3081/321/2043 3093/334/2043 3092/333/2043 3080/320/2043
f 3082/322/2044 3094/335/2044 3093/334/2044 3081/321/2044
f 3083/323/2045 3095/336/2045 3094/335/2045 3082/322/2045
f 3084/324/2046 3096/337/2046 3095/336/2046 3083/323/2046
f 3085/325/1989 3097/338/1989 3096/337/1989 3084/324/1989
f 3086/326/2047 3098/339/2047 3097/338/2047 3085/325/2047
f 3087/316/2048 3099/328/2048 3098/339/2048 3086/326/2048
f 3088/327/1998 3100/340/1998 3111/341/1998 3099/328/1998
f 3089/329/1997 3101/342/1997 3100/343/1997 3088/330/1997
f 3090/331/1996 3102/344/1996 3101/342/1996 3089/329/1996
f 3091/332/1995 3103/345/1995 3102/344/1995 3090/331/1995
f 3092/333/1994 3104/346/1994 3103/345/1994 3091/332/1994
f 3093/334/1993 3105/347/1993 3104/346/1993 3092/333/1993
f 3094/335/2004 3106/348/2004 3105/347/2004 3093/334/2004
f 3095/336/2003 3107/349/2003 3106/348/2003 3094/335/2003
f 3096/337/2002 3108/350/2002 3107/349/2002 3095/336/2002
f 3097/338/2001 3109/351/2001 3108/350/2001 3096/337/2001
f 3098/339/2000 3110/352/2000 3109/351/2000 3097/338/2000
f 3099/328/1999 3111/341/1999 3110/352/1999 3098/339/1999
f 3100/340/2049 2968/195/2049 2979/353/2049 3111/341/2049
f 3101/342/2050 2969/354/2050 2968/196/2050 3100/343/2050
f 3102/344/2051 2970/355/2051 2969/354/2051 3101/342/2051
f 3103/345/2052 2971/356/2052 2970/355/2052 3102/344/2052
f 3104/346/2053 2972/357/2053 2971/356/2053 3103/345/2053
f 3105/347/2054 2973/358/2054 2972/357/2054 3104/346/2054
f 3106/348/2055 2974/359/2055 2973/358/2055 3105/347/2055
f 3107/349/2056 2975/360/2056 2974/359/2056 3106/348/2056
f 3108/350/2057 2976/361/2057 2975/360/2057 3107/349/2057
f 3109/351/2058 2977/362/2058 2976/361/2058 3108/350/2058
f 3110/352/2059 2978/363/2059 2977/362/2059 3109/351/2059
f 3111/341/2060 2979/353/2060 2978/363/2060 3110/352/2060
o Plane.001
v 0.258574 0.490193 0.470843
v 0.262429 0.556066 0.478753
v 0.291311 0.484513 0.467844
v 0.233760 0.545701 0.477061
v 0.291311 0.562976 0.481988
v 0.237917 0.499262 0.472977
v 0.324048 0.490193 0.470843
v 0.320194 0.556066 0.478753
v 0.348862 0.545701 0.477061
v 0.344705 0.499262 0.472977
v 0.246391 0.467727 0.536543
v 0.251681 0.558112 0.547396
v 0.291311 0.459933 0.532427
v 0.212344 0.543891 0.545074
v 0.291311 0.567595 0.551835
v 0.218048 0.480170 0.539471
v 0.336231 0.467727 0.536543
v 0.330942 0.558112 0.547395
v 0.370278 0.543891 0.545074
v 0.364574 0.480170 0.539471
vn -0.0008 -0.1510 0.9885
vn 0.0117 -0.1061 0.9943
vn 0.0008 -0.1510 0.9885
vn -0.0117 -0.1061 0.9943
vn 0.0008 0.1510 -0.9885
vn -0.0117 0.1061 -0.9943
vn -0.0008 0.1510 -0.9885
vn 0.0117 0.1061 -0.9943
vn 0.1912 0.9174 0.3491
vn -0.1912 0.9174 0.3491
vn 0.4058 0.8391 0.3622
vn -0.9517 0.0587 0.3013
vn 0.3347 -0.9389 0.0804
vn -0.3347 -0.9389 0.0804
vn 0.9517 0.0587 0.3013
vn 0.2254 -0.9721 0.0643
vn -0.2254 -0.9721 0.0643
vn -0.4058 0.8391 0.3622
vt 0.500000 0.000000
vt 0.500000 1.000000
vt 0.750000 1.000000
vt 0.750000 0.000000
vt 0.875000 1.000000
vt 0.875000 0.000000
s 0
f 3114/364/2061 3116/365/2061 3113/366/2061 3112/367/2061
f 3112/367/2062 3113/366/2062 3115/368/2062 3117/369/2062
f 3114/364/2063 3118/367/2063 3119/366/2063 3116/365/2063
f 3118/367/2064 3121/369/2064 3120/368/2064 3119/366/2064
f 3124/364/2065 3122/367/2065 3123/366/2065 3126/365/2065
f 3122/367/2066 3127/369/2066 3125/368/2066 3123/366/2066
f 3124/364/2067 3126/365/2067 3129/366/2067 3128/367/2067
f 3128/367/2068 3129/366/2068 3130/368/2068 3131/369/2068
f 3114/364/2069 3112/367/2069 3122/367/2069 3124/364/2069
f 3118/367/2070 3114/364/2070 3124/364/2070 3128/367/2070
f 3112/367/2071 3117/369/2071 3127/369/2071 3122/367/2071
f 3120/368/2072 3121/369/2072 3131/369/2072 3130/368/2072
f 3115/368/2073 3113/366/2073 3123/366/2073 3125/368/2073
f 3119/366/2074 3120/368/2074 3130/368/2074 3129/366/2074
f 3117/369/2075 3115/368/2075 3125/368/2075 3127/369/2075
f 3113/366/2076 3116/365/2076 3126/365/2076 3123/366/2076
f 3116/365/2077 3119/366/2077 3129/366/2077 3126/365/2077
f 3121/369/2078 3118/367/2078 3128/367/2078 3131/369/2078
o Cube.005
v 0.523480 0.621239 0.701111
v 0.000000 0.641408 0.765152
v 0.259321 0.633262 0.746150
v 0.259350 0.707640 -0.967352
v 0.476345 0.686003 -0.864504
v 0.000000 0.707640 -0.998861
v 0.196668 0.976848 -0.585604
v 0.359152 0.964120 -0.551991
v 0.000000 0.976848 -0.606258
v 0.208397 0.958306 0.283447
v 0.346478 0.944351 0.230427
v 0.000000 0.957079 0.287113
v 0.244384 0.730095 0.609497
v 0.223163 0.868694 0.423540
v 0.399394 0.849181 0.377762
v 0.473460 0.717627 0.558604
v 0.000000 0.736094 0.623201
v 0.000000 0.869501 0.432734
v 0.239819 0.794778 -0.847013
v 0.216199 0.895396 -0.714728
v 0.434820 0.770091 -0.773051
v 0.391746 0.884045 -0.656806
v 0.000000 0.894951 -0.739410
v 0.000000 0.795187 -0.874597
v -0.523480 0.621239 0.701111
v -0.259321 0.633262 0.746150
v -0.259350 0.707640 -0.967352
v -0.476345 0.686003 -0.864504
v -0.196668 0.976848 -0.585604
v -0.359152 0.964120 -0.551991
v -0.208397 0.958306 0.283447
v -0.346478 0.944351 0.230427
v -0.244384 0.730095 0.609497
v -0.223163 0.868694 0.423540
v -0.399394 0.849181 0.377762
v -0.473460 0.717627 0.558604
v -0.239819 0.794778 -0.847013
v -0.216199 0.895396 -0.714728
v -0.434820 0.770091 -0.773051
v -0.391746 0.884045 -0.656806
vn 0.0404 0.8109 0.5837
vn 0.1949 0.8132 0.5483
vn 0.2416 0.8411 0.4838
vn 0.0149 0.8501 0.5264
vn 0.1462 0.8290 0.5398
vn 0.0597 0.8241 0.5633
vn 0.2815 0.7624 -0.5827
vn 0.0681 0.8013 -0.5943
vn 0.2013 0.8265 -0.5258
vn 0.0689 0.8144 -0.5761
vn 0.3188 0.7799 -0.5386
vn 0.0567 0.8494 -0.5248
vn -0.0404 0.8109 0.5837
vn -0.1949 0.8132 0.5483
vn -0.2416 0.8411 0.4838
vn -0.0149 0.8501 0.5264
vn -0.1462 0.8290 0.5398
vn -0.0597 0.8241 0.5633
vn -0.2815 0.7624 -0.5827
vn -0.0681 0.8013 -0.5943
vn -0.2013 0.8265 -0.5258
vn -0.0689 0.8144 -0.5761
vn -0.3188 0.7799 -0.5386
vn -0.0567 0.8494 -0.5248
vt 0.687500 0.564968
vt 0.750000 0.565476
vt 0.750000 0.657950
vt 0.687500 0.658343
vt 0.625000 0.656338
vt 0.625000 0.567217
vt 0.625000 0.500000
vt 0.687500 0.500000
vt 0.750000 0.500000
vt 0.687500 0.724066
vt 0.625000 0.724066
vt 0.750000 0.724066
vt 0.687500 0.500000
vt 0.625000 0.500000
vt 0.687500 0.500000
s 0
f 3145/370/2079 3149/371/2079 3148/372/2079 3144/373/2079
f 3144/373/2080 3147/374/2080 3146/375/2080 3145/370/2080
f 3142/376/2081 3141/377/2081 3145/370/2081 3146/375/2081
f 3145/370/2082 3141/377/2082 3143/378/2082 3149/371/2082
f 3147/374/2083 3144/373/2083 3134/379/2083 3132/380/2083
f 3134/379/2084 3144/373/2084 3148/372/2084 3133/381/2084
f 3151/382/2085 3153/383/2085 3152/376/2085 3150/384/2085
f 3154/378/2086 3151/382/2086 3150/384/2086 3155/378/2086
f 3153/383/2087 3151/382/2087 3138/377/2087 3139/376/2087
f 3135/377/2088 3137/378/2088 3155/378/2088 3150/384/2088
f 3136/376/2089 3135/377/2089 3150/384/2089 3152/376/2089
f 3151/382/2090 3154/378/2090 3140/378/2090 3138/377/2090
f 3165/370/2091 3164/373/2091 3148/372/2091 3149/371/2091
f 3164/373/2092 3165/370/2092 3166/375/2092 3167/374/2092
f 3163/376/2093 3166/375/2093 3165/370/2093 3162/377/2093
f 3165/370/2094 3149/371/2094 3143/378/2094 3162/377/2094
f 3167/374/2095 3156/380/2095 3157/379/2095 3164/373/2095
f 3157/379/2096 3133/381/2096 3148/372/2096 3164/373/2096
f 3169/382/2097 3168/384/2097 3170/376/2097 3171/383/2097
f 3154/378/2098 3155/378/2098 3168/384/2098 3169/382/2098
f 3171/383/2099 3161/376/2099 3160/377/2099 3169/382/2099
f 3158/377/2100 3168/384/2100 3155/378/2100 3137/378/2100
f 3159/376/2101 3170/376/2101 3168/384/2101 3158/377/2101
f 3169/382/2102 3160/377/2102 3140/378/2102 3154/378/2102
o Cube.006
v 0.383264 0.906806 0.227543
v 0.382690 0.921529 0.139030
v 0.420340 0.834287 0.344823
v 0.382432 0.932589 -0.002831
v 0.517501 0.628802 -0.135303
v 0.382287 0.934662 -0.161043
v 0.518361 0.618327 0.493353
v 0.466210 0.734744 0.483817
v -0.383264 0.906806 0.227543
v -0.382690 0.921529 0.139030
v -0.420340 0.834287 0.344823
v -0.382432 0.932589 -0.002831
v -0.517501 0.628802 -0.135303
v -0.382287 0.934662 -0.161043
v -0.518361 0.618327 0.493353
v -0.466210 0.734744 0.483817
vn 0.9107 0.4129 0.0099
vn -0.9107 0.4129 0.0099
vt 0.000000 0.000000
s 0
f 3178/385/2103 3176/385/2103 3177/385/2103 3175/385/2103 3173/385/2103 3172/385/2103 3174/385/2103 3179/385/2103
f 3186/385/2104 3187/385/2104 3182/385/2104 3180/385/2104 3181/385/2104 3183/385/2104 3185/385/2104 3184/385/2104
o Cube.003
v 0.286408 0.457114 1.509636
v 0.000000 0.457030 1.516015
v 0.286408 0.457114 1.496497
v 0.000000 0.457030 1.502875
v 0.286413 0.441747 1.509636
v 0.000000 0.441663 1.516015
v 0.286413 0.441747 1.496497
v 0.000000 0.441663 1.502875
v -0.286408 0.457114 1.509636
v -0.286408 0.457114 1.496497
v -0.286413 0.441747 1.509636
v -0.286413 0.441747 1.496497
vn 0.0003 -1.0000 -0.0000
vn -0.0003 1.0000 -0.0000
vn 0.0223 -0.0000 0.9998
vn -1.0000 -0.0003 -0.0000
vn -0.0223 -0.0000 -0.9998
vn -0.0003 -1.0000 -0.0000
vn 0.0003 1.0000 -0.0000
vn -0.0223 -0.0000 0.9998
vn 1.0000 -0.0003 -0.0000
vn 0.0223 -0.0000 -0.9998
vt 0.500000 0.875000
vt 0.500000 0.812500
s 0
f 3189/386/2105 3191/386/2105 3190/387/2105 3188/387/2105
f 3193/386/2106 3192/387/2106 3194/387/2106 3195/386/2106
f 3190/387/2107 3191/386/2107 3195/386/2107 3194/387/2107
f 3188/387/2108 3190/387/2108 3194/387/2108 3192/387/2108
f 3189/386/2109 3188/387/2109 3192/387/2109 3193/386/2109
f 3189/386/2110 3196/387/2110 3197/387/2110 3191/386/2110
f 3193/386/2111 3195/386/2111 3199/387/2111 3198/387/2111
f 3197/387/2112 3199/387/2112 3195/386/2112 3191/386/2112
f 3196/387/2113 3198/387/2113 3199/387/2113 3197/387/2113
f 3189/386/2114 3193/386/2114 3198/387/2114 3196/387/2114
o Cube.007
v 0.619588 0.374249 1.254900
v 0.608868 0.355222 1.536696
v 0.001561 0.352164 1.594497
v 0.607144 0.305715 1.282947
v 0.586845 0.295452 1.533287
v 0.001561 0.292412 1.589447
v 0.302650 0.351314 1.586141
v 0.292087 0.291653 1.581146
v 0.597713 0.394483 1.196407
v 0.567690 0.365892 1.509228
v 0.000000 0.365892 1.549703
v 0.565129 0.293412 1.233294
v 0.535106 0.277805 1.481489
v 0.000000 0.277805 1.521963
v 0.298096 0.365892 1.541785
v 0.281804 0.277805 1.514046
v -0.619588 0.374249 1.254900
v -0.608868 0.355222 1.536696
v -0.001561 0.352164 1.594497
v -0.607144 0.305715 1.282947
v -0.586845 0.295452 1.533287
v -0.001561 0.292412 1.589447
v -0.302650 0.351314 1.586141
v -0.292087 0.291653 1.581146
v -0.597713 0.394483 1.196407
v -0.567690 0.365892 1.509228
v -0.565129 0.293412 1.233294
v -0.535106 0.277805 1.481489
v -0.298096 0.365892 1.541785
v -0.281804 0.277805 1.514046
vn 0.0278 -0.0862 0.9959
vn 0.9669 -0.2516 0.0425
vn 0.1602 -0.1127 0.9806
vn -0.0260 0.3025 -0.9528
vn -0.9439 0.3215 -0.0757
vn -0.1168 0.3276 -0.9376
vn 0.0096 0.9533 0.3020
vn 0.3274 0.9398 0.0977
vn 0.0046 -0.9784 0.2065
vn 0.3207 -0.9470 -0.0168
vn -0.9996 -0.0062 0.0278
vn 0.7785 -0.3938 -0.4888
vn 0.0377 0.9500 0.3100
vn 0.0413 -0.9710 0.2356
vn -0.0278 -0.0862 0.9959
vn -0.9669 -0.2516 0.0425
vn -0.1602 -0.1127 0.9806
vn 0.0260 0.3025 -0.9528
vn 0.9439 0.3215 -0.0757
vn 0.1168 0.3276 -0.9376
vn -0.0096 0.9533 0.3020
vn -0.3274 0.9398 0.0977
vn -0.0046 -0.9784 0.2065
vn -0.3207 -0.9470 -0.0168
vn 0.9996 -0.0062 0.0278
vn -0.7785 -0.3938 -0.4888
vn -0.0377 0.9500 0.3100
vn -0.0413 -0.9710 0.2356
vt 0.500000 0.812500
vt 0.500000 0.875000
vt 0.500000 0.750000
vt 0.500000 0.750000
s 0
f 3206/388/2115 3202/389/2115 3205/389/2115 3207/388/2115
f 3200/390/2116 3201/390/2116 3204/390/2116 3203/391/2116
f 3201/390/2117 3206/388/2117 3207/388/2117 3204/390/2117
f 3214/388/2118 3215/388/2118 3213/389/2118 3210/389/2118
f 3208/390/2119 3211/390/2119 3212/390/2119 3209/390/2119
f 3209/390/2120 3212/390/2120 3215/388/2120 3214/388/2120
f 3202/389/2121 3206/388/2121 3214/388/2121 3210/389/2121
f 3201/390/2122 3200/390/2122 3208/390/2122 3209/390/2122
f 3207/388/2123 3205/389/2123 3213/389/2123 3215/388/2123
f 3203/391/2124 3204/390/2124 3212/390/2124 3211/390/2124
f 3205/389/2125 3202/389/2125 3210/389/2125 3213/389/2125
f 3200/390/2126 3203/391/2126 3211/390/2126 3208/390/2126
f 3206/388/2127 3201/390/2127 3209/390/2127 3214/388/2127
f 3204/390/2128 3207/388/2128 3215/388/2128 3212/390/2128
f 3222/388/2129 3223/388/2129 3221/389/2129 3218/389/2129
f 3216/390/2130 3219/391/2130 3220/390/2130 3217/390/2130
f 3217/390/2131 3220/390/2131 3223/388/2131 3222/388/2131
f 3228/388/2132 3210/389/2132 3213/389/2132 3229/388/2132
f 3224/390/2133 3225/390/2133 3227/390/2133 3226/390/2133
f 3225/390/2134 3228/388/2134 3229/388/2134 3227/390/2134
f 3218/389/2135 3210/389/2135 3228/388/2135 3222/388/2135
f 3217/390/2136 3225/390/2136 3224/390/2136 3216/390/2136
f 3223/388/2137 3229/388/2137 3213/389/2137 3221/389/2137
f 3219/391/2138 3226/390/2138 3227/390/2138 3220/390/2138
f 3221/389/2139 3213/389/2139 3210/389/2139 3218/389/2139
f 3216/390/2140 3224/390/2140 3226/390/2140 3219/391/2140
f 3222/388/2141 3228/388/2141 3225/390/2141 3217/390/2141
f 3220/390/2142 3227/390/2142 3229/388/2142 3223/388/2142
o Circle.004
v 0.442640 0.491734 1.506447
v 0.408302 0.471909 1.506447
v 0.408302 0.432259 1.506447
v 0.442640 0.412434 1.506447
v 0.476978 0.432259 1.506447
v 0.476978 0.471909 1.506447
v 0.442640 0.507157 1.449471
v 0.394945 0.479620 1.449471
v 0.394945 0.424547 1.449471
v 0.442640 0.397010 1.449471
v 0.490335 0.424547 1.449471
v 0.490335 0.479620 1.449471
v 0.394945 0.479620 1.506447
v 0.442640 0.507157 1.506447
v 0.394945 0.424547 1.506447
v 0.442640 0.397010 1.506447
v 0.490335 0.424547 1.506447
v 0.490335 0.479620 1.506447
v 0.408302 0.471909 1.498098
v 0.442640 0.491734 1.498098
v 0.408302 0.432259 1.498098
v 0.442640 0.412434 1.498098
v 0.476978 0.432259 1.498098
v 0.476978 0.471909 1.498098
v 0.470734 0.500744 1.506447
v 0.470734 0.500744 1.449471
v 0.462866 0.487117 1.506447
v 0.462866 0.487117 1.498098
v 0.414546 0.500744 1.506447
v 0.414546 0.500744 1.449471
v 0.422413 0.487117 1.506447
v 0.422413 0.487117 1.498098
v 0.414546 0.403423 1.506447
v 0.414546 0.403423 1.449471
v 0.422413 0.417050 1.506447
v 0.422413 0.417050 1.498098
v 0.470734 0.403423 1.506447
v 0.470734 0.403423 1.449471
v 0.462866 0.417050 1.506447
v 0.462866 0.417050 1.498098
v 0.498828 0.452084 1.506447
v 0.498828 0.452084 1.449471
v 0.483093 0.452084 1.506447
v 0.483093 0.452084 1.498098
v 0.386451 0.452084 1.506447
v 0.386451 0.452084 1.449471
v 0.402187 0.452084 1.506447
v 0.402187 0.452084 1.498098
v 0.345047 0.468234 1.514918
v 0.319366 0.453407 1.514918
v 0.319366 0.423753 1.514918
v 0.345047 0.408927 1.514918
v 0.370728 0.423753 1.514918
v 0.370728 0.453407 1.514918
v 0.345047 0.479769 1.472307
v 0.309377 0.459174 1.472307
v 0.309377 0.417986 1.472307
v 0.345047 0.397392 1.472307
v 0.380717 0.417986 1.472307
v 0.380717 0.459174 1.472307
v 0.309377 0.459174 1.514918
v 0.345047 0.479769 1.514918
v 0.309377 0.417986 1.514918
v 0.345047 0.397392 1.514918
v 0.380717 0.417986 1.514918
v 0.380717 0.459174 1.514918
v 0.319366 0.453407 1.508674
v 0.345047 0.468234 1.508674
v 0.319366 0.423753 1.508674
v 0.345047 0.408927 1.508674
v 0.370728 0.423753 1.508674
v 0.370728 0.453407 1.508674
v 0.366058 0.474973 1.514918
v 0.366058 0.474973 1.472307
v 0.360174 0.464781 1.514918
v 0.360174 0.464781 1.508674
v 0.324036 0.474973 1.514918
v 0.324036 0.474973 1.472307
v 0.329920 0.464781 1.514918
v 0.329920 0.464781 1.508674
v 0.324036 0.402188 1.514918
v 0.324036 0.402188 1.472307
v 0.329920 0.412379 1.514918
v 0.329920 0.412379 1.508674
v 0.366058 0.402188 1.514918
v 0.366058 0.402188 1.472307
v 0.360174 0.412379 1.514918
v 0.360174 0.412379 1.508674
v 0.387070 0.438580 1.514918
v 0.387070 0.438580 1.472307
v 0.375301 0.438580 1.514918
v 0.375301 0.438580 1.508674
v 0.303025 0.438580 1.514918
v 0.303025 0.438580 1.472307
v 0.314793 0.438580 1.514918
v 0.314793 0.438580 1.508674
v -0.442640 0.491734 1.506447
v -0.408302 0.471909 1.506447
v -0.408302 0.432259 1.506447
v -0.442640 0.412434 1.506447
v -0.476978 0.432259 1.506447
v -0.476978 0.471909 1.506447
v -0.442640 0.507157 1.449471
v -0.394945 0.479620 1.449471
v -0.394945 0.424547 1.449471
v -0.442640 0.397010 1.449471
v -0.490335 0.424547 1.449471
v -0.490335 0.479620 1.449471
v -0.394945 0.479620 1.506447
v -0.442640 0.507157 1.506447
v -0.394945 0.424547 1.506447
v -0.442640 0.397010 1.506447
v -0.490335 0.424547 1.506447
v -0.490335 0.479620 1.506447
v -0.408302 0.471909 1.498098
v -0.442640 0.491734 1.498098
v -0.408302 0.432259 1.498098
v -0.442640 0.412434 1.498098
v -0.476978 0.432259 1.498098
v -0.476978 0.471909 1.498098
v -0.470734 0.500744 1.506447
v -0.470734 0.500744 1.449471
v -0.462866 0.487117 1.506447
v -0.462866 0.487117 1.498098
v -0.414546 0.500744 1.506447
v -0.414546 0.500744 1.449471
v -0.422413 0.487117 1.506447
v -0.422413 0.487117 1.498098
v -0.414546 0.403423 1.506447
v -0.414546 0.403423 1.449471
v -0.422413 0.417050 1.506447
v -0.422413 0.417050 1.498098
v -0.470734 0.403423 1.506447
v -0.470734 0.403423 1.449471
v -0.462866 0.417050 1.506447
v -0.462866 0.417050 1.498098
v -0.498828 0.452084 1.506447
v -0.498828 0.452084 1.449471
v -0.483093 0.452084 1.506447
v -0.483093 0.452084 1.498098
v -0.386451 0.452084 1.506447
v -0.386451 0.452084 1.449471
v -0.402187 0.452084 1.506447
v -0.402187 0.452084 1.498098
v -0.345047 0.468234 1.514918
v -0.319366 0.453407 1.514918
v -0.319366 0.423753 1.514918
v -0.345047 0.408927 1.514918
v -0.370728 0.423753 1.514918
v -0.370728 0.453407 1.514918
v -0.345047 0.479769 1.472307
v -0.309377 0.459174 1.472307
v -0.309377 0.417986 1.472307
v -0.345047 0.397392 1.472307
v -0.380717 0.417986 1.472307
v -0.380717 0.459174 1.472307
v -0.309377 0.459174 1.514918
v -0.345047 0.479769 1.514918
v -0.309377 0.417986 1.514918
v -0.345047 0.397392 1.514918
v -0.380717 0.417986 1.514918
v -0.380717 0.459174 1.514918
v -0.319366 0.453407 1.508674
v -0.345047 0.468234 1.508674
v -0.319366 0.423753 1.508674
v -0.345047 0.408927 1.508674
v -0.370728 0.423753 1.508674
v -0.370728 0.453407 1.508674
v -0.366058 0.474973 1.514918
v -0.366058 0.474973 1.472307
v -0.360174 0.464781 1.514918
v -0.360174 0.464781 1.508674
v -0.324036 0.474973 1.514918
v -0.324036 0.474973 1.472307
v -0.329920 0.464781 1.514918
v -0.329920 0.464781 1.508674
v -0.324036 0.402188 1.514918
v -0.324036 0.402188 1.472307
v -0.329920 0.412379 1.514918
v -0.329920 0.412379 1.508674
v -0.366058 0.402188 1.514918
v -0.366058 0.402188 1.472307
v -0.360174 0.412379 1.514918
v -0.360174 0.412379 1.508674
v -0.387070 0.438580 1.514918
v -0.387070 0.438580 1.472307
v -0.375301 0.438580 1.514918
v -0.375301 0.438580 1.508674
v -0.303025 0.438580 1.514918
v -0.303025 0.438580 1.472307
v -0.314793 0.438580 1.514918
v -0.314793 0.438580 1.508674
vn -0.7331 0.6802 -0.0000
vn 0.9556 0.2948 -0.0000
vn -0.9556 -0.2948 -0.0000
vn 0.2225 0.9749 -0.0000
vn 0.7331 -0.6802 -0.0000
vn -0.2225 -0.9749 -0.0000
vn -0.9556 0.2948 -0.0000
vn -0.0000 -0.0000 -1.0000
vn 0.9556 -0.2948 -0.0000
vn -0.7331 -0.6802 -0.0000
vn -0.2225 0.9749 -0.0000
vn 0.7331 0.6802 -0.0000
vn 0.2225 -0.9749 -0.0000
vn -0.7330 -0.6802 -0.0000
vn -0.7330 0.6802 -0.0000
vn 0.7330 -0.6802 -0.0000
vn 0.7330 0.6802 -0.0000
vt 0.000000 0.000000
s 0
usemtl 
f 3266/392/2143 3246/392/2143 3240/392/2143 3267/392/2143
f 3274/392/2144 3244/392/2144 3238/392/2144 3275/392/2144
f 3270/392/2145 3247/392/2145 3241/392/2145 3271/392/2145
f 3262/392/2146 3245/392/2146 3239/392/2146 3263/392/2146
f 3258/392/2147 3242/392/2147 3237/392/2147 3259/392/2147
f 3254/392/2148 3243/392/2148 3236/392/2148 3255/392/2148
f 3276/392/2149 3231/392/2149 3248/392/2149 3277/392/2149
f 3260/392/2150 3231/392/2150 3242/392/2150 3258/392/2150
f 3276/392/2150 3232/392/2150 3244/392/2150 3274/392/2150
f 3264/392/2150 3233/392/2150 3245/392/2150 3262/392/2150
f 3268/392/2150 3234/392/2150 3246/392/2150 3266/392/2150
f 3272/392/2150 3235/392/2150 3247/392/2150 3270/392/2150
f 3256/392/2150 3230/392/2150 3243/392/2150 3254/392/2150
f 3272/392/2151 3234/392/2151 3252/392/2151 3273/392/2151
f 3264/392/2152 3232/392/2152 3250/392/2152 3265/392/2152
f 3260/392/2153 3230/392/2153 3249/392/2153 3261/392/2153
f 3256/392/2154 3235/392/2154 3253/392/2154 3257/392/2154
f 3268/392/2155 3233/392/2155 3251/392/2155 3269/392/2155
f 3230/392/2146 3256/392/2146 3257/392/2146 3249/392/2146
f 3235/392/2150 3256/392/2150 3254/392/2150 3247/392/2150
f 3247/392/2152 3254/392/2152 3255/392/2152 3241/392/2152
f 3231/392/2143 3260/392/2143 3261/392/2143 3248/392/2143
f 3230/392/2150 3260/392/2150 3258/392/2150 3243/392/2150
f 3243/392/2155 3258/392/2155 3259/392/2155 3236/392/2155
f 3233/392/2148 3264/392/2148 3265/392/2148 3251/392/2148
f 3232/392/2150 3264/392/2150 3262/392/2150 3244/392/2150
f 3244/392/2154 3262/392/2154 3263/392/2154 3238/392/2154
f 3234/392/2147 3268/392/2147 3269/392/2147 3252/392/2147
f 3233/392/2150 3268/392/2150 3266/392/2150 3245/392/2150
f 3245/392/2153 3266/392/2153 3267/392/2153 3239/392/2153
f 3235/392/2144 3272/392/2144 3273/392/2144 3253/392/2144
f 3234/392/2150 3272/392/2150 3270/392/2150 3246/392/2150
f 3246/392/2149 3270/392/2149 3271/392/2149 3240/392/2149
f 3231/392/2150 3276/392/2150 3274/392/2150 3242/392/2150
f 3232/392/2145 3276/392/2145 3277/392/2145 3250/392/2145
f 3242/392/2151 3274/392/2151 3275/392/2151 3237/392/2151
f 3314/392/2143 3294/392/2143 3288/392/2143 3315/392/2143
f 3322/392/2144 3292/392/2144 3286/392/2144 3323/392/2144
f 3318/392/2145 3295/392/2145 3289/392/2145 3319/392/2145
f 3310/392/2146 3293/392/2146 3287/392/2146 3311/392/2146
f 3306/392/2147 3290/392/2147 3285/392/2147 3307/392/2147
f 3302/392/2148 3291/392/2148 3284/392/2148 3303/392/2148
f 3324/392/2149 3279/392/2149 3296/392/2149 3325/392/2149
f 3308/392/2150 3279/392/2150 3290/392/2150 3306/392/2150
f 3324/392/2150 3280/392/2150 3292/392/2150 3322/392/2150
f 3312/392/2150 3281/392/2150 3293/392/2150 3310/392/2150
f 3316/392/2150 3282/392/2150 3294/392/2150 3314/392/2150
f 3320/392/2150 3283/392/2150 3295/392/2150 3318/392/2150
f 3304/392/2150 3278/392/2150 3291/392/2150 3302/392/2150
f 3320/392/2151 3282/392/2151 3300/392/2151 3321/392/2151
f 3312/392/2156 3280/392/2156 3298/392/2156 3313/392/2156
f 3308/392/2153 3278/392/2153 3297/392/2153 3309/392/2153
f 3304/392/2154 3283/392/2154 3301/392/2154 3305/392/2154
f 3316/392/2155 3281/392/2155 3299/392/2155 3317/392/2155
f 3278/392/2146 3304/392/2146 3305/392/2146 3297/392/2146
f 3283/392/2150 3304/392/2150 3302/392/2150 3295/392/2150
f 3295/392/2152 3302/392/2152 3303/392/2152 3289/392/2152
f 3279/392/2157 3308/392/2157 3309/392/2157 3296/392/2157
f 3278/392/2150 3308/392/2150 3306/392/2150 3291/392/2150
f 3291/392/2155 3306/392/2155 3307/392/2155 3284/392/2155
f 3281/392/2148 3312/392/2148 3313/392/2148 3299/392/2148
f 3280/392/2150 3312/392/2150 3310/392/2150 3292/392/2150
f 3292/392/2154 3310/392/2154 3311/392/2154 3286/392/2154
f 3282/392/2147 3316/392/2147 3317/392/2147 3300/392/2147
f 3281/392/2150 3316/392/2150 3314/392/2150 3293/392/2150
f 3293/392/2153 3314/392/2153 3315/392/2153 3287/392/2153
f 3283/392/2144 3320/392/2144 3321/392/2144 3301/392/2144
f 3282/392/2150 3320/392/2150 3318/392/2150 3294/392/2150
f 3294/392/2149 3318/392/2149 3319/392/2149 3288/392/2149
f 3279/392/2150 3324/392/2150 3322/392/2150 3290/392/2150
f 3280/392/2145 3324/392/2145 3325/392/2145 3298/392/2145
f 3290/392/2151 3322/392/2151 3323/392/2151 3285/392/2151
f 3362/392/2154 3363/392/2154 3336/392/2154 3342/392/2154
f 3370/392/2149 3371/392/2149 3334/392/2149 3340/392/2149
f 3366/392/2151 3367/392/2151 3337/392/2151 3343/392/2151
f 3358/392/2153 3359/392/2153 3335/392/2153 3341/392/2153
f 3354/392/2152 3355/392/2152 3333/392/2152 3338/392/2152
f 3350/392/2155 3351/392/2155 3332/392/2155 3339/392/2155
f 3372/392/2144 3373/392/2144 3344/392/2144 3327/392/2144
f 3356/392/2150 3354/392/2150 3338/392/2150 3327/392/2150
f 3372/392/2150 3370/392/2150 3340/392/2150 3328/392/2150
f 3360/392/2150 3358/392/2150 3341/392/2150 3329/392/2150
f 3364/392/2150 3362/392/2150 3342/392/2150 3330/392/2150
f 3368/392/2150 3366/392/2150 3343/392/2150 3331/392/2150
f 3352/392/2150 3350/392/2150 3339/392/2150 3326/392/2150
f 3368/392/2145 3369/392/2145 3348/392/2145 3330/392/2145
f 3360/392/2147 3361/392/2147 3346/392/2147 3328/392/2147
f 3356/392/2146 3357/392/2146 3345/392/2146 3326/392/2146
f 3352/392/2143 3353/392/2143 3349/392/2143 3331/392/2143
f 3364/392/2148 3365/392/2148 3347/392/2148 3329/392/2148
f 3326/392/2153 3345/392/2153 3353/392/2153 3352/392/2153
f 3331/392/2150 3343/392/2150 3350/392/2150 3352/392/2150
f 3343/392/2147 3337/392/2147 3351/392/2147 3350/392/2147
f 3327/392/2154 3344/392/2154 3357/392/2154 3356/392/2154
f 3326/392/2150 3339/392/2150 3354/392/2150 3356/392/2150
f 3339/392/2148 3332/392/2148 3355/392/2148 3354/392/2148
f 3329/392/2155 3347/392/2155 3361/392/2155 3360/392/2155
f 3328/392/2150 3340/392/2150 3358/392/2150 3360/392/2150
f 3340/392/2143 3334/392/2143 3359/392/2143 3358/392/2143
f 3330/392/2152 3348/392/2152 3365/392/2152 3364/392/2152
f 3329/392/2150 3341/392/2150 3362/392/2150 3364/392/2150
f 3341/392/2146 3335/392/2146 3363/392/2146 3362/392/2146
f 3331/392/2149 3349/392/2149 3369/392/2149 3368/392/2149
f 3330/392/2150 3342/392/2150 3366/392/2150 3368/392/2150
f 3342/392/2144 3336/392/2144 3367/392/2144 3366/392/2144
f 3327/392/2150 3338/392/2150 3370/392/2150 3372/392/2150
f 3328/392/2151 3346/392/2151 3373/392/2151 3372/392/2151
f 3338/392/2145 3333/392/2145 3371/392/2145 3370/392/2145
f 3410/392/2154 3411/392/2154 3384/392/2154 3390/392/2154
f 3418/392/2149 3419/392/2149 3382/392/2149 3388/392/2149
f 3414/392/2151 3415/392/2151 3385/392/2151 3391/392/2151
f 3406/392/2153 3407/392/2153 3383/392/2153 3389/392/2153
f 3402/392/2152 3403/392/2152 3381/392/2152 3386/392/2152
f 3398/392/2155 3399/392/2155 3380/392/2155 3387/392/2155
f 3420/392/2144 3421/392/2144 3392/392/2144 3375/392/2144
f 3404/392/2150 3402/392/2150 3386/392/2150 3375/392/2150
f 3420/392/2150 3418/392/2150 3388/392/2150 3376/392/2150
f 3408/392/2150 3406/392/2150 3389/392/2150 3377/392/2150
f 3412/392/2150 3410/392/2150 3390/392/2150 3378/392/2150
f 3416/392/2150 3414/392/2150 3391/392/2150 3379/392/2150
f 3400/392/2150 3398/392/2150 3387/392/2150 3374/392/2150
f 3416/392/2145 3417/392/2145 3396/392/2145 3378/392/2145
f 3408/392/2158 3409/392/2158 3394/392/2158 3376/392/2158
f 3404/392/2146 3405/392/2146 3393/392/2146 3374/392/2146
f 3400/392/2143 3401/392/2143 3397/392/2143 3379/392/2143
f 3412/392/2148 3413/392/2148 3395/392/2148 3377/392/2148
f 3374/392/2153 3393/392/2153 3401/392/2153 3400/392/2153
f 3379/392/2150 3391/392/2150 3398/392/2150 3400/392/2150
f 3391/392/2147 3385/392/2147 3399/392/2147 3398/392/2147
f 3375/392/2159 3392/392/2159 3405/392/2159 3404/392/2159
f 3374/392/2150 3387/392/2150 3402/392/2150 3404/392/2150
f 3387/392/2148 3380/392/2148 3403/392/2148 3402/392/2148
f 3377/392/2155 3395/392/2155 3409/392/2155 3408/392/2155
f 3376/392/2150 3388/392/2150 3406/392/2150 3408/392/2150
f 3388/392/2143 3382/392/2143 3407/392/2143 3406/392/2143
f 3378/392/2152 3396/392/2152 3413/392/2152 3412/392/2152
f 3377/392/2150 3389/392/2150 3410/392/2150 3412/392/2150
f 3389/392/2146 3383/392/2146 3411/392/2146 3410/392/2146
f 3379/392/2149 3397/392/2149 3417/392/2149 3416/392/2149
f 3378/392/2150 3390/392/2150 3414/392/2150 3416/392/2150
f 3390/392/2144 3384/392/2144 3415/392/2144 3414/392/2144
f 3375/392/2150 3386/392/2150 3418/392/2150 3420/392/2150
f 3376/392/2151 3394/392/2151 3421/392/2151 3420/392/2151
f 3386/392/2145 3381/392/2145 3419/392/2145 3418/392/2145
usemtl Material
f 3248/392/2150 3261/392/2150 3249/392/2150 3257/392/2150 3253/392/2150 3273/392/2150 3252/392/2150 3269/392/2150 3251/392/2150 3265/392/2150 3250/392/2150 3277/392/2150
f 3296/392/2150 3309/392/2150 3297/392/2150 3305/392/2150 3301/392/2150 3321/392/2150 3300/392/2150 3317/392/2150 3299/392/2150 3313/392/2150 3298/392/2150 3325/392/2150
f 3344/392/2150 3373/392/2150 3346/392/2150 3361/392/2150 3347/392/2150 3365/392/2150 3348/392/2150 3369/392/2150 3349/392/2150 3353/392/2150 3345/392/2150 3357/392/2150
f 3392/392/2150 3421/392/2150 3394/392/2150 3409/392/2150 3395/392/2150 3413/392/2150 3396/392/2150 3417/392/2150 3397/392/2150 3401/392/2150 3393/392/2150 3405/392/2150
o Cube.008
v 0.510683 0.623486 -0.180855
v 0.517232 0.620754 -0.131367
v 0.368580 0.950588 -0.208476
v 0.375129 0.947856 -0.158987
v -0.510683 0.623486 -0.180855
v -0.517232 0.620754 -0.131367
v -0.368580 0.950588 -0.208476
v -0.375129 0.947856 -0.158987
v 0.519840 0.627380 -0.181852
v 0.526388 0.624648 -0.132364
v 0.377736 0.954482 -0.209472
v 0.384285 0.951749 -0.159984
v -0.519840 0.627380 -0.181852
v -0.526388 0.624648 -0.132364
v -0.377736 0.954482 -0.209472
v -0.384285 0.951749 -0.159984
vn -0.9157 -0.3894 0.0997
vn 0.9157 -0.3894 0.0997
vn 0.9157 0.3894 -0.0997
vn -0.9157 0.3894 -0.0997
vn 0.3800 -0.9195 -0.1010
vn -0.3800 0.9195 0.1010
vn -0.0611 -0.1103 -0.9920
vn 0.0611 0.1103 0.9920
vn -0.3800 -0.9195 -0.1010
vn 0.3800 0.9195 0.1010
vn 0.0611 -0.1103 -0.9920
vn -0.0611 0.1103 0.9920
vt 0.000000 0.000000
s 0
f 3422/393/2160 3423/393/2160 3425/393/2160 3424/393/2160
f 3426/393/2161 3428/393/2161 3429/393/2161 3427/393/2161
f 3430/393/2162 3432/393/2162 3433/393/2162 3431/393/2162
f 3434/393/2163 3435/393/2163 3437/393/2163 3436/393/2163
f 3423/393/2164 3422/393/2164 3430/393/2164 3431/393/2164
f 3424/393/2165 3425/393/2165 3433/393/2165 3432/393/2165
f 3422/393/2166 3424/393/2166 3432/393/2166 3430/393/2166
f 3425/393/2167 3423/393/2167 3431/393/2167 3433/393/2167
f 3426/393/2168 3427/393/2168 3435/393/2168 3434/393/2168
f 3429/393/2169 3428/393/2169 3436/393/2169 3437/393/2169
f 3428/393/2170 3426/393/2170 3434/393/2170 3436/393/2170
f 3427/393/2171 3429/393/2171 3437/393/2171 3435/393/2171
o Cube.009
v 0.471265 0.640234 -0.479043
v 0.511573 0.623416 -0.174447
v 0.383359 0.925206 -0.458788
v 0.410479 0.847826 -0.521286
v 0.458738 0.732140 -0.617755
v 0.379696 0.942381 -0.342095
v 0.378561 0.940915 -0.182434
v 0.471265 0.668903 -0.640863
v -0.471265 0.640234 -0.479043
v -0.511573 0.623416 -0.174447
v -0.383359 0.925206 -0.458788
v -0.410479 0.847826 -0.521286
v -0.458738 0.732140 -0.617755
v -0.379696 0.942381 -0.342095
v -0.378561 0.940915 -0.182434
v -0.471265 0.668903 -0.640863
vn 0.9445 0.3274 -0.0258
vn -0.9445 0.3274 -0.0258
vt 0.000000 0.000000
s 0
f 3438/394/2172 3445/394/2172 3442/394/2172 3441/394/2172 3440/394/2172 3443/394/2172 3444/394/2172 3439/394/2172
f 3446/394/2173 3447/394/2173 3452/394/2173 3451/394/2173 3448/394/2173 3449/394/2173 3450/394/2173 3453/394/2173
o Cube.010
v 0.594206 0.409981 -0.868353
v 0.000000 0.461196 -1.343120
v 0.559017 0.461196 -1.277493
v 0.000000 0.190660 -0.964502
v 0.537085 0.190660 -0.964502
v 0.000000 0.298080 -1.341288
v 0.501896 0.298080 -1.275660
v 0.307363 0.461196 -1.333809
v 0.277626 0.190660 -0.964502
v 0.275290 0.298080 -1.331976
v 0.327850 0.461192 -1.385120
v 0.591773 0.461192 -1.328804
v 0.626962 0.420796 -0.971656
v 0.298113 0.183231 -1.007328
v 0.569841 0.194051 -1.059320
v 0.295777 0.290651 -1.374802
v 0.534652 0.290651 -1.318486
v 0.000000 0.290651 -1.384114
v 0.000000 0.183231 -1.007328
v 0.000000 0.461192 -1.394431
v -0.594206 0.409981 -0.868353
v -0.559017 0.461196 -1.277493
v -0.537085 0.190660 -0.964502
v -0.501896 0.298080 -1.275660
v -0.307363 0.461196 -1.333809
v -0.277626 0.190660 -0.964502
v -0.275290 0.298080 -1.331976
v -0.327850 0.461192 -1.385120
v -0.591773 0.461192 -1.328804
v -0.626962 0.420796 -0.971656
v -0.298113 0.183231 -1.007328
v -0.569841 0.194051 -1.059320
v -0.295777 0.290651 -1.374802
v -0.534652 0.290651 -1.318486
vn -0.2286 0.0734 0.9707
vn -0.0047 0.9608 0.2774
vn -0.9570 0.2493 0.1484
vn -0.0352 0.9522 0.3034
vn -0.0319 0.0144 0.9994
vn 0.2171 -0.1154 -0.9693
vn 0.0043 -0.9608 -0.2773
vn 0.9562 -0.2432 -0.1632
vn 0.0228 -0.9502 -0.3107
vn 0.0298 -0.0632 -0.9976
vn 0.0952 0.9894 0.1095
vn -0.0000 -0.9853 0.1709
vn 0.8990 -0.3426 0.2727
vn 0.0241 -0.9990 0.0386
vn -0.0000 1.0000 -0.0001
vn 0.2286 0.0734 0.9707
vn 0.0047 0.9608 0.2774
vn 0.9570 0.2493 0.1484
vn 0.0352 0.9522 0.3034
vn 0.0319 0.0144 0.9994
vn -0.2171 -0.1154 -0.9693
vn -0.0043 -0.9608 -0.2773
vn -0.9562 -0.2432 -0.1632
vn -0.0228 -0.9502 -0.3107
vn -0.0298 -0.0632 -0.9976
vn -0.0952 0.9894 0.1095
vn -0.8990 -0.3426 0.2727
vn -0.0241 -0.9990 0.0386
vt 0.500000 0.437500
vt 0.500000 0.500000
vt 0.500000 0.375000
s 0
f 3461/395/2174 3463/395/2174 3460/396/2174 3456/396/2174
f 3462/395/2175 3463/395/2175 3459/397/2175 3457/397/2175
f 3456/396/2176 3460/396/2176 3458/396/2176 3454/396/2176
f 3458/396/2177 3460/396/2177 3463/395/2177 3462/395/2177
f 3455/397/2178 3459/397/2178 3463/395/2178 3461/395/2178
f 3464/395/2179 3465/396/2179 3470/396/2179 3469/395/2179
f 3467/395/2180 3472/397/2180 3471/397/2180 3469/395/2180
f 3465/396/2181 3466/396/2181 3468/396/2181 3470/396/2181
f 3468/396/2182 3467/395/2182 3469/395/2182 3470/396/2182
f 3473/397/2183 3464/395/2183 3469/395/2183 3471/397/2183
f 3456/396/2184 3454/396/2184 3466/396/2184 3465/396/2184
f 3462/395/2185 3457/397/2185 3472/397/2185 3467/395/2185
f 3454/396/2186 3458/396/2186 3468/396/2186 3466/396/2186
f 3458/396/2187 3462/395/2187 3467/395/2187 3468/396/2187
f 3461/395/2188 3456/396/2188 3465/396/2188 3464/395/2188
f 3455/397/2188 3461/395/2188 3464/395/2188 3473/397/2188
f 3478/395/2189 3475/396/2189 3477/396/2189 3480/395/2189
f 3479/395/2190 3457/397/2190 3459/397/2190 3480/395/2190
f 3475/396/2191 3474/396/2191 3476/396/2191 3477/396/2191
f 3476/396/2192 3479/395/2192 3480/395/2192 3477/396/2192
f 3455/397/2193 3478/395/2193 3480/395/2193 3459/397/2193
f 3481/395/2194 3486/395/2194 3487/396/2194 3482/396/2194
f 3484/395/2195 3486/395/2195 3471/397/2195 3472/397/2195
f 3482/396/2196 3487/396/2196 3485/396/2196 3483/396/2196
f 3485/396/2197 3487/396/2197 3486/395/2197 3484/395/2197
f 3473/397/2198 3471/397/2198 3486/395/2198 3481/395/2198
f 3475/396/2199 3482/396/2199 3483/396/2199 3474/396/2199
f 3479/395/2185 3484/395/2185 3472/397/2185 3457/397/2185
f 3474/396/2200 3483/396/2200 3485/396/2200 3476/396/2200
f 3476/396/2201 3485/396/2201 3484/395/2201 3479/395/2201
f 3478/395/2188 3481/395/2188 3482/396/2188 3475/396/2188
f 3455/397/2188 3473/397/2188 3481/395/2188 3478/395/2188
